"topic","term","beta"
1,"great",9.79901332843977e-06
2,"great",8.80706538013056e-07
3,"great",0.000160692914951721
4,"great",9.4946105138138e-06
5,"great",8.38298856895678e-07
6,"great",0.037861544390142
1,"music",8.90819393494524e-07
2,"music",8.80706538013056e-07
3,"music",8.87806159954261e-07
4,"music",8.63146410346709e-07
5,"music",8.38298856895678e-07
6,"music",0.121821236534936
1,"service",8.90819393494524e-07
2,"service",0.0113708021122866
3,"service",8.87806159954261e-07
4,"service",8.63146410346709e-07
5,"service",8.38298856895678e-07
6,"service",9.00372033724334e-07
1,"audio",8.90819393494524e-07
2,"audio",1.84948372982742e-05
3,"audio",8.87806159954261e-07
4,"audio",0.00631046340604479
5,"audio",8.38298856895678e-07
6,"audio",9.00372033724334e-07
1,"high",8.90819393494524e-07
2,"high",8.80706538013056e-07
3,"high",8.87806159954261e-07
4,"high",8.63146410346709e-07
5,"high",6.790220740855e-05
6,"high",0.00127042493958504
1,"quality",8.90819393494524e-07
2,"quality",8.80706538013056e-07
3,"quality",9.76586775949687e-06
4,"quality",8.63146410346709e-07
5,"quality",8.38298856895678e-07
6,"quality",0.00772609242138852
1,"app",0.100868370744778
2,"app",8.80706538013056e-07
3,"app",8.87806159954261e-07
4,"app",0.0807223154420346
5,"app",8.38298856895678e-07
6,"app",0.0307756164847315
1,"easy",9.79901332843977e-06
2,"easy",8.80706538013056e-07
3,"easy",8.87806159954261e-07
4,"easy",9.4946105138138e-06
5,"easy",8.38298856895678e-07
6,"easy",0.01784627408045
1,"use",8.90819393494524e-07
2,"use",0.0074340438873682
3,"use",6.30342373567525e-05
4,"use",8.63146410346709e-07
5,"use",4.27532417016796e-05
6,"use",0.0309466871711391
1,"also",9.88809526778921e-05
2,"also",8.80706538013056e-07
3,"also",0.0159281303157394
4,"also",0.00107979615934373
5,"also",8.46681845464636e-05
6,"also",0.00870749793814804
1,"quick",9.79901332843977e-06
2,"quick",8.80706538013056e-07
3,"quick",0.000844303658116501
4,"quick",8.63146410346709e-07
5,"quick",8.38298856895678e-07
6,"quick",9.00372033724334e-07
1,"friendly",8.90819393494524e-07
2,"friendly",8.80706538013056e-07
3,"friendly",9.76586775949687e-06
4,"friendly",8.63146410346709e-07
5,"friendly",1.76042759948093e-05
6,"friendly",0.00190068536319207
1,"support",8.90819393494524e-07
2,"support",0.00442202752736355
3,"support",8.87806159954261e-07
4,"support",8.63146410346709e-07
5,"support",8.38298856895678e-07
6,"support",9.00372033724334e-07
1,"please",0.0361414336134663
2,"please",8.80706538013056e-07
3,"please",0.00119942612209821
4,"please",8.63146410346709e-07
5,"please",8.38298856895678e-07
6,"please",9.00372033724334e-07
1,"ignore",0.000134513728417673
2,"ignore",8.80706538013056e-07
3,"ignore",4.52781141576672e-05
4,"ignore",8.63146410346709e-07
5,"ignore",8.38298856895678e-07
6,"ignore",9.00372033724334e-07
1,"previous",8.90819393494524e-07
2,"previous",8.80706538013056e-07
3,"previous",0.00166108532527442
4,"previous",0.000725906131101582
5,"previous",8.38298856895678e-07
6,"previous",1.8907812708211e-05
1,"negative",8.90819393494524e-07
2,"negative",0.000476462237065063
3,"negative",8.87806159954261e-07
4,"negative",8.63146410346709e-07
5,"negative",8.38298856895678e-07
6,"negative",9.00372033724334e-07
1,"rating",6.32481769381112e-05
2,"rating",8.80706538013056e-07
3,"rating",0.00264655016282365
4,"rating",8.63146410346709e-07
5,"rating",8.38298856895678e-07
6,"rating",9.00372033724334e-07
1,"super",2.76154011983302e-05
2,"super",8.80706538013056e-07
3,"super",9.76586775949687e-06
4,"super",0.00213283477996672
5,"super",8.38298856895678e-07
6,"super",0.00167559235476099
1,"give",8.90819393494524e-07
2,"give",8.80706538013056e-07
3,"give",0.00997982904404584
4,"give",9.4946105138138e-06
5,"give",8.38298856895678e-07
6,"give",9.00372033724334e-07
1,"five",8.90819393494524e-07
2,"five",9.68777191814362e-06
3,"five",0.0144721282134144
4,"five",8.63146410346709e-07
5,"five",8.38298856895678e-07
6,"five",1.8907812708211e-05
1,"stars",8.90819393494524e-07
2,"stars",8.80706538013056e-07
3,"stars",0.0100064632288445
4,"stars",8.63146410346709e-07
5,"stars",8.38298856895678e-07
6,"stars",9.00372033724334e-07
1,"pop-up",8.90819393494524e-07
2,"pop-up",8.80706538013056e-07
3,"pop-up",8.87806159954261e-07
4,"pop-up",0.000259807069514359
5,"pop-up",8.38298856895678e-07
6,"pop-up",9.00372033724334e-07
1,"get",8.90819393494524e-07
2,"get",0.0224060550335901
3,"get",0.00918968156168655
4,"get",8.63146410346709e-07
5,"get",9.22128742585246e-06
6,"get",9.00372033724334e-07
1,"best",1.8707207263385e-05
2,"best",8.80706538013056e-07
3,"best",8.87806159954261e-07
4,"best",8.63146410346709e-07
5,"best",8.38298856895678e-07
6,"best",0.0102291266751422
1,"spotify",8.90819393494524e-07
2,"spotify",0.0777056185554299
3,"spotify",8.87806159954261e-07
4,"spotify",1.81260746172809e-05
5,"spotify",8.38298856895678e-07
6,"spotify",0.0235366253335878
1,"experience",8.90819393494524e-07
2,"experience",8.80706538013056e-07
3,"experience",8.87806159954261e-07
4,"experience",8.63146410346709e-07
5,"experience",9.22128742585246e-06
6,"experience",0.0102651415564911
1,"android",8.90819393494524e-07
2,"android",8.80706538013056e-07
3,"android",8.87806159954261e-07
4,"android",0.0104794605680194
5,"android",8.38298856895678e-07
6,"android",9.00372033724334e-07
1,"annoying",8.90819393494524e-07
2,"annoying",8.80706538013056e-07
3,"annoying",4.52781141576672e-05
4,"annoying",0.00643130390349333
5,"annoying",0.011032851255604
6,"annoying",9.00372033724334e-07
1,"let",8.90819393494524e-07
2,"let",0.00475669601180851
3,"let",8.87806159954261e-07
4,"let",8.63146410346709e-07
5,"let",0.00876106135341674
6,"let",9.00372033724334e-07
1,"us",8.90819393494524e-07
2,"us",9.68777191814362e-06
3,"us",0.00458196759152394
4,"us",8.63146410346709e-07
5,"us",8.38298856895678e-07
6,"us",9.00372033724334e-07
1,"rid",8.90819393494524e-07
2,"rid",8.80706538013056e-07
3,"rid",0.00178537818766802
4,"rid",8.63146410346709e-07
5,"rid",4.27532417016796e-05
6,"rid",9.90409237096768e-06
1,"really",9.79901332843977e-06
2,"really",8.80706538013056e-07
3,"really",0.0136997368542542
4,"really",8.63146410346709e-07
5,"really",8.38298856895678e-07
6,"really",0.0146049347590424
1,"buggy",8.90819393494524e-07
2,"buggy",8.80706538013056e-07
3,"buggy",8.87806159954261e-07
4,"buggy",0.00685424564456322
5,"buggy",9.22128742585246e-06
6,"buggy",9.00372033724334e-07
1,"terrible",0.00040175954646603
2,"terrible",9.68777191814362e-06
3,"terrible",0.000906450089313299
4,"terrible",0.00346208025190065
5,"terrible",8.38298856895678e-07
6,"terrible",9.00372033724334e-07
1,"recently",8.90819393494524e-07
2,"recently",8.80706538013056e-07
3,"recently",0.000249473530947147
4,"recently",0.00877043067553291
5,"recently",8.38298856895678e-07
6,"recently",9.00372033724334e-07
1,"dear",8.90819393494524e-07
2,"dear",8.80706538013056e-07
3,"dear",0.000311619962143945
4,"dear",8.63146410346709e-07
5,"dear",8.38298856895678e-07
6,"dear",9.00372033724334e-07
1,"songs",1.8707207263385e-05
2,"songs",8.80706538013056e-07
3,"songs",0.000134058730153093
4,"songs",8.63146410346709e-07
5,"songs",0.115560335721926
6,"songs",9.00372033724334e-07
1,"put",8.90819393494524e-07
2,"put",8.80706538013056e-07
3,"put",8.87806159954261e-07
4,"put",8.63146410346709e-07
5,"put",0.00691680386824624
6,"put",9.00372033724334e-07
1,"playlist",8.90819393494524e-07
2,"playlist",8.80706538013056e-07
3,"playlist",8.87806159954261e-07
4,"playlist",8.63146410346709e-07
5,"playlist",0.0552447329682821
6,"playlist",9.00372033724334e-07
1,"shuffle",8.90819393494524e-07
2,"shuffle",8.80706538013056e-07
3,"shuffle",8.87806159954261e-07
4,"shuffle",8.63146410346709e-07
5,"shuffle",0.0161380912940987
6,"shuffle",9.00372033724334e-07
1,"play",8.90819393494524e-07
2,"play",2.73019026784047e-05
3,"play",8.87806159954261e-07
4,"play",9.4946105138138e-06
5,"play",0.0883826867813683
6,"play",9.00372033724334e-07
1,"player",8.90819393494524e-07
2,"player",8.80706538013056e-07
3,"player",8.87806159954261e-07
4,"player",0.00773465498311685
5,"player",1.76042759948093e-05
6,"player",9.00372033724334e-07
1,"controls",8.90819393494524e-07
2,"controls",8.80706538013056e-07
3,"controls",8.87806159954261e-07
4,"controls",0.00621551730090665
5,"controls",8.38298856895678e-07
6,"controls",9.00372033724334e-07
1,"sometimes",0.00021468747383218
2,"sometimes",8.80706538013056e-07
3,"sometimes",1.86439293590395e-05
4,"sometimes",0.0155288670685476
5,"sometimes",8.38298856895678e-07
6,"sometimes",9.00372033724334e-07
1,"disappear",1.8707207263385e-05
2,"disappear",8.80706538013056e-07
3,"disappear",1.86439293590395e-05
4,"disappear",0.0024004101671742
5,"disappear",8.38298856895678e-07
6,"disappear",9.00372033724334e-07
1,"reason",8.90819393494524e-07
2,"reason",0.00592803570736588
3,"reason",0.00388060072516007
4,"reason",0.00155452668503442
5,"reason",9.22128742585246e-06
6,"reason",9.00372033724334e-07
1,"restart",8.90819393494524e-07
2,"restart",8.80706538013056e-07
3,"restart",8.87806159954261e-07
4,"restart",0.00760518302156485
5,"restart",8.38298856895678e-07
6,"restart",9.00372033724334e-07
1,"forgets",9.79901332843977e-06
2,"forgets",8.80706538013056e-07
3,"forgets",8.87806159954261e-07
4,"forgets",0.000259807069514359
5,"forgets",8.38298856895678e-07
6,"forgets",9.00372033724334e-07
1,"playing",8.90819393494524e-07
2,"playing",8.01442949591881e-05
3,"playing",8.87806159954261e-07
4,"playing",0.0519881714415926
5,"playing",8.38298856895678e-07
6,"playing",9.00372033724334e-07
1,"fixes",8.90819393494524e-07
2,"fixes",9.77584257194491e-05
3,"fixes",6.30342373567525e-05
4,"fixes",0.000864009556757055
5,"fixes",8.38298856895678e-07
6,"fixes",9.00372033724334e-07
1,"issue",0.0151091877330606
2,"issue",8.80706538013056e-07
3,"issue",8.87806159954261e-07
4,"issue",8.63146410346709e-07
5,"issue",8.38298856895678e-07
6,"issue",9.90409237096768e-06
1,"love",9.79901332843977e-06
2,"love",8.80706538013056e-07
3,"love",4.52781141576672e-05
4,"love",8.63146410346709e-07
5,"love",8.38298856895678e-07
6,"love",0.0367991053903473
1,"selection",8.90819393494524e-07
2,"selection",8.80706538013056e-07
3,"selection",9.76586775949687e-06
4,"selection",8.63146410346709e-07
5,"selection",8.38298856895678e-07
6,"selection",0.00430467869323604
1,"lyrics",8.90819393494524e-07
2,"lyrics",8.80706538013056e-07
3,"lyrics",8.87806159954261e-07
4,"lyrics",8.63146410346709e-07
5,"lyrics",8.38298856895678e-07
6,"lyrics",0.0148300277674735
1,"provided",8.90819393494524e-07
2,"provided",8.80706538013056e-07
3,"provided",8.87806159954261e-07
4,"provided",8.63146410346709e-07
5,"provided",8.38298856895678e-07
6,"provided",0.000334038024511728
1,"song",8.90819393494524e-07
2,"song",8.80706538013056e-07
3,"song",1.86439293590395e-05
4,"song",8.63146410346709e-07
5,"song",0.0998589981322702
6,"song",9.00372033724334e-07
1,"listening",9.79901332843977e-06
2,"listening",9.77584257194491e-05
3,"listening",8.87806159954261e-07
4,"listening",0.0011920051926888
5,"listening",8.38298856895678e-07
6,"listening",0.0180263484871949
1,"still",0.0224495395354555
2,"still",0.00178871497870452
3,"still",8.87806159954261e-07
4,"still",8.63146410346709e-07
5,"still",8.38298856895678e-07
6,"still",9.00372033724334e-07
1,"extremely",8.90819393494524e-07
2,"extremely",0.000723060067708719
3,"extremely",8.87806159954261e-07
4,"extremely",0.00170989303889683
5,"extremely",8.38298856895678e-07
6,"extremely",9.00372033724334e-07
1,"slow",0.00310094230875444
2,"slow",8.80706538013056e-07
3,"slow",8.87806159954261e-07
4,"slow",6.99148592380834e-05
5,"slow",8.38298856895678e-07
6,"slow",9.00372033724334e-07
1,"changing",0.0009273429886278
2,"changing",8.80706538013056e-07
3,"changing",0.000764401103720618
4,"changing",0.000156229500272754
5,"changing",8.38298856895678e-07
6,"changing",9.00372033724334e-07
1,"storage",0.00208540820017068
2,"storage",9.68777191814362e-06
3,"storage",8.87806159954261e-07
4,"storage",8.63146410346709e-07
5,"storage",1.76042759948093e-05
6,"storage",9.00372033724334e-07
1,"external",0.000312677607116578
2,"external",8.80706538013056e-07
3,"external",8.87806159954261e-07
4,"external",8.63146410346709e-07
5,"external",8.38298856895678e-07
6,"external",9.00372033724334e-07
1,"sd",0.00144401823685462
2,"sd",8.80706538013056e-07
3,"sd",8.87806159954261e-07
4,"sd",8.63146410346709e-07
5,"sd",8.38298856895678e-07
6,"sd",9.00372033724334e-07
1,"card",0.0023259294364142
2,"card",8.80706538013056e-07
3,"card",8.87806159954261e-07
4,"card",8.63146410346709e-07
5,"card",8.38298856895678e-07
6,"card",9.00372033724334e-07
1,"convinced",8.90819393494524e-07
2,"convinced",9.68777191814362e-06
3,"convinced",8.87806159954261e-07
4,"convinced",3.53890028242151e-05
5,"convinced",8.38298856895678e-07
6,"convinced",9.00372033724334e-07
1,"done",0.000179054698092399
2,"done",0.00321545957028566
3,"done",0.000142936791752636
4,"done",9.4946105138138e-06
5,"done",8.38298856895678e-07
6,"done",9.00372033724334e-07
1,"purpose",0.000615556200904716
2,"purpose",3.61089680585353e-05
3,"purpose",8.87806159954261e-07
4,"purpose",8.63146410346709e-07
5,"purpose",8.38298856895678e-07
6,"purpose",9.90409237096768e-06
1,"knows",9.79901332843977e-06
2,"knows",8.80706538013056e-07
3,"knows",0.000125180668553551
4,"knows",9.4946105138138e-06
5,"knows",5.11362302706364e-05
6,"knows",0.000253004541476538
1,"nothing",0.00855275699694093
2,"nothing",8.80706538013056e-07
3,"nothing",9.76586775949687e-06
4,"nothing",8.63146410346709e-07
5,"nothing",8.38298856895678e-07
6,"nothing",9.00372033724334e-07
1,"solve",0.00119458880667616
2,"solve",8.80706538013056e-07
3,"solve",8.87806159954261e-07
4,"solve",8.63146410346709e-07
5,"solve",4.27532417016796e-05
6,"solve",9.00372033724334e-07
1,"time",0.000437392322205811
2,"time",0.0316182454212067
3,"time",8.07903605558377e-05
4,"time",0.00046696220799757
5,"time",9.22128742585246e-06
6,"time",9.00372033724334e-07
1,"changed",8.90819393494524e-07
2,"changed",8.80706538013056e-07
3,"changed",0.00277084302521725
4,"changed",8.63146410346709e-07
5,"changed",6.790220740855e-05
6,"changed",4.59189737199411e-05
1,"cards",0.000259228443506906
2,"cards",8.80706538013056e-07
3,"cards",8.87806159954261e-07
4,"cards",8.63146410346709e-07
5,"cards",8.38298856895678e-07
6,"cards",9.00372033724334e-07
1,"faster",8.90819393494524e-07
2,"faster",8.80706538013056e-07
3,"faster",0.00029386383894486
4,"faster",8.63146410346709e-07
5,"faster",8.38298856895678e-07
6,"faster",9.00372033724334e-07
1,"read",8.90819393494524e-07
2,"read",8.80706538013056e-07
3,"read",0.000879815904514672
4,"read",8.63146410346709e-07
5,"read",8.38298856895678e-07
6,"read",9.00372033724334e-07
1,"write",8.90819393494524e-07
2,"write",8.80706538013056e-07
3,"write",0.000276107715745775
4,"write",3.53890028242151e-05
5,"write",8.38298856895678e-07
6,"write",9.99412957434012e-05
1,"speeds",3.65235951332755e-05
2,"speeds",8.80706538013056e-07
3,"speeds",8.87806159954261e-07
4,"speeds",9.4946105138138e-06
5,"speeds",8.38298856895678e-07
6,"speeds",9.00372033724334e-07
1,"samsung",8.90819393494524e-07
2,"samsung",8.80706538013056e-07
3,"samsung",8.87806159954261e-07
4,"samsung",0.00385912760066013
5,"samsung",8.38298856895678e-07
6,"samsung",9.90409237096768e-06
1,"brand",8.90819393494524e-07
2,"brand",8.80706538013056e-07
3,"brand",9.76586775949687e-06
4,"brand",0.000311595854135162
5,"brand",8.38298856895678e-07
6,"brand",9.00372033724334e-07
1,"add",8.10645648080017e-05
2,"add",8.80706538013056e-07
3,"add",0.0146585675070048
4,"add",8.63146410346709e-07
5,"add",0.00105709485854545
6,"add",9.00372033724334e-07
1,"like",8.90819393494524e-07
2,"like",8.80706538013056e-07
3,"like",0.0442580248798798
4,"like",8.63146410346709e-07
5,"like",0.0128100448322229
6,"like",9.00372033724334e-07
1,"never",2.76154011983302e-05
2,"never",0.0126214053962651
3,"never",8.87806159954261e-07
4,"never",8.63146410346709e-07
5,"never",8.38298856895678e-07
6,"never",9.00372033724334e-07
1,"appear",8.90819393494524e-07
2,"appear",8.80706538013056e-07
3,"appear",8.87806159954261e-07
4,"appear",0.00207241453124245
5,"appear",3.43702531327228e-05
6,"appear",9.00372033724334e-07
1,"searches",0.000232503861702071
2,"searches",8.80706538013056e-07
3,"searches",8.87806159954261e-07
4,"searches",8.63146410346709e-07
5,"searches",8.38298856895678e-07
6,"searches",9.00372033724334e-07
1,"playlists",8.90819393494524e-07
2,"playlists",8.80706538013056e-07
3,"playlists",0.0102461708920321
4,"playlists",8.63146410346709e-07
5,"playlists",8.38298856895678e-07
6,"playlists",0.015181172860626
1,"mp3",0.000285953025311742
2,"mp3",4.49160334386658e-05
3,"mp3",8.87806159954261e-07
4,"mp3",8.63146410346709e-07
5,"mp3",8.38298856895678e-07
6,"mp3",9.00372033724334e-07
1,"ever",8.90819393494524e-07
2,"ever",0.00497687264631178
3,"ever",0.000169570976551264
4,"ever",9.4946105138138e-06
5,"ever",8.38298856895678e-07
6,"ever",0.00446674565930643
1,"used",8.90819393494524e-07
2,"used",0.0154748945794274
3,"used",8.87806159954261e-07
4,"used",8.63146410346709e-07
5,"used",8.38298856895678e-07
6,"used",9.00372033724334e-07
1,"one",8.90819393494524e-07
2,"one",9.68777191814362e-06
3,"one",0.0277803425511287
4,"one",8.63146410346709e-07
5,"one",0.00949876434748494
6,"one",9.00372033724334e-07
1,"problem",0.0175856656469754
2,"problem",8.80706538013056e-07
3,"problem",8.87806159954261e-07
4,"problem",2.6757538720748e-05
5,"problem",4.27532417016796e-05
6,"problem",9.00372033724334e-07
1,"can",8.90819393494524e-07
2,"can",8.80706538013056e-07
3,"can",0.0608955123174227
4,"can",8.63146410346709e-07
5,"can",0.0464090630166017
6,"can",9.00372033724334e-07
1,"find",9.79901332843977e-06
2,"find",8.80706538013056e-07
3,"find",8.87806159954261e-07
4,"find",8.63146410346709e-07
5,"find",8.38298856895678e-07
6,"find",0.0159374853689545
1,"despite",0.000775903691733731
2,"despite",8.80706538013056e-07
3,"despite",8.87806159954261e-07
4,"despite",0.0010884276234472
5,"despite",9.22128742585246e-06
6,"despite",1.8907812708211e-05
1,"wonderful",1.8707207263385e-05
2,"wonderful",9.68777191814362e-06
3,"wonderful",8.87806159954261e-07
4,"wonderful",8.63146410346709e-07
5,"wonderful",8.38298856895678e-07
6,"wonderful",0.0016575849140865
1,"recommend",8.90819393494524e-07
2,"recommend",2.73019026784047e-05
3,"recommend",8.87806159954261e-07
4,"recommend",3.53890028242151e-05
5,"recommend",8.38298856895678e-07
6,"recommend",0.00664564598091932
1,"just",0.00604955450122131
2,"just",8.80706538013056e-07
3,"just",0.0332758626812456
4,"just",7.85463233415505e-05
5,"just",0.0205978412127837
6,"just",9.00372033724334e-07
1,"usually",8.90819393494524e-07
2,"usually",9.68777191814362e-06
3,"usually",1.86439293590395e-05
4,"usually",0.00251261920051927
5,"usually",9.22128742585246e-06
6,"usually",9.00372033724334e-07
1,"others",8.90819393494524e-07
2,"others",9.68777191814362e-06
3,"others",8.07903605558377e-05
4,"others",8.63146410346709e-07
5,"others",8.38298856895678e-07
6,"others",0.00270201647320673
1,"stated",8.90819393494524e-07
2,"stated",8.80706538013056e-07
3,"stated",8.87806159954261e-07
4,"stated",8.63146410346709e-07
5,"stated",8.38298856895678e-07
6,"stated",0.000108945016080645
1,"control",7.21563708730564e-05
2,"control",3.61089680585353e-05
3,"control",8.87806159954261e-07
4,"control",0.00725992445742616
5,"control",8.38298856895678e-07
6,"control",9.00372033724334e-07
1,"buttons",1.8707207263385e-05
2,"buttons",8.80706538013056e-07
3,"buttons",8.87806159954261e-07
4,"buttons",0.00240904163127766
5,"buttons",8.38298856895678e-07
6,"buttons",9.00372033724334e-07
1,"podcasts",8.90819393494524e-07
2,"podcasts",8.80706538013056e-07
3,"podcasts",0.000187327099750349
4,"podcasts",0.0044978559443167
5,"podcasts",8.38298856895678e-07
6,"podcasts",0.0125430828018137
1,"stop",8.90819393494524e-07
2,"stop",8.80706538013056e-07
3,"stop",8.87806159954261e-07
4,"stop",0.0232885532975645
5,"stop",8.38298856895678e-07
6,"stop",9.00372033724334e-07
1,"fixed",8.90819393494524e-07
2,"fixed",0.00110176387905433
3,"fixed",8.87806159954261e-07
4,"fixed",0.00826980575753181
5,"fixed",8.38298856895678e-07
6,"fixed",9.00372033724334e-07
1,"deleting",0.001871611545732
2,"deleting",5.37230988187964e-05
3,"deleting",1.86439293590395e-05
4,"deleting",8.63146410346709e-07
5,"deleting",8.38298856895678e-07
6,"deleting",9.90409237096768e-06
1,"reinstalling",0.00264662441807223
2,"reinstalling",8.80706538013056e-07
3,"reinstalling",9.76586775949687e-06
4,"reinstalling",8.63146410346709e-07
5,"reinstalling",8.38298856895678e-07
6,"reinstalling",9.00372033724334e-07
1,"first",8.90819393494524e-07
2,"first",0.00380553295075441
3,"first",9.76586775949687e-06
4,"first",8.63146410346709e-07
5,"first",0.00400790683481824
6,"first",9.00372033724334e-07
1,"world",3.65235951332755e-05
2,"world",8.80706538013056e-07
3,"world",8.87806159954261e-07
4,"world",8.63146410346709e-07
5,"world",8.38298856895678e-07
6,"world",0.00118939145654985
1,"problems",0.000811536467473512
2,"problems",0.00473908188104825
3,"problems",8.87806159954261e-07
4,"problems",0.00120926812089574
5,"problems",8.38298856895678e-07
6,"problems",9.00372033724334e-07
1,"sure",9.79901332843977e-06
2,"sure",0.00110176387905433
3,"sure",0.00343669764518294
4,"sure",3.53890028242151e-05
5,"sure",8.38298856895678e-07
6,"sure",6.39264143944278e-05
1,"highly",8.90819393494524e-07
2,"highly",3.61089680585353e-05
3,"highly",8.87806159954261e-07
4,"highly",8.63146410346709e-07
5,"highly",8.38298856895678e-07
6,"highly",0.00163957747341201
1,"nonetheless",8.90819393494524e-07
2,"nonetheless",8.80706538013056e-07
3,"nonetheless",8.87806159954261e-07
4,"nonetheless",7.85463233415505e-05
5,"nonetheless",8.38298856895678e-07
6,"nonetheless",9.00372033724334e-07
1,"especially",8.90819393494524e-07
2,"especially",8.80706538013056e-07
3,"especially",8.87806159954261e-07
4,"especially",1.81260746172809e-05
5,"especially",8.38298856895678e-07
6,"especially",0.00353936246457036
1,"paying",8.90819393494524e-07
2,"paying",0.00794485367941578
3,"paying",8.87806159954261e-07
4,"paying",0.000389279031066366
5,"paying",8.38298856895678e-07
6,"paying",9.00372033724334e-07
1,"prime",8.90819393494524e-07
2,"prime",0.000300320929462452
3,"prime",1.86439293590395e-05
4,"prime",9.4946105138138e-06
5,"prime",8.38298856895678e-07
6,"prime",9.00372033724334e-07
1,"wifi",0.0064593314222288
2,"wifi",8.80706538013056e-07
3,"wifi",8.87806159954261e-07
4,"wifi",8.63146410346709e-07
5,"wifi",8.38298856895678e-07
6,"wifi",9.00372033724334e-07
1,"worst",0.00141729365504979
2,"worst",0.00424588621976094
3,"worst",8.87806159954261e-07
4,"worst",8.63146410346709e-07
5,"worst",9.22128742585246e-06
6,"worst",9.00372033724334e-07
1,"always",0.0101027827416214
2,"always",1.84948372982742e-05
3,"always",2.75219909585821e-05
4,"always",8.63146410346709e-07
5,"always",8.38298856895678e-07
6,"always",0.00480888703212167
1,"says",0.00700273125226046
2,"says",0.000159407883380363
3,"says",8.87806159954261e-07
4,"says",8.63146410346709e-07
5,"says",8.38298856895678e-07
6,"says",9.00372033724334e-07
1,"offline",0.0154031581329138
2,"offline",9.68777191814362e-06
3,"offline",2.75219909585821e-05
4,"offline",8.63146410346709e-07
5,"offline",8.38298856895678e-07
6,"offline",9.00372033724334e-07
1,"showed",0.000357218576791304
2,"showed",8.80706538013056e-07
3,"showed",8.87806159954261e-07
4,"showed",8.63146410346709e-07
5,"showed",9.22128742585246e-06
6,"showed",9.00372033724334e-07
1,"podcast",5.43399830031659e-05
2,"podcast",8.80706538013056e-07
3,"podcast",0.000187327099750349
4,"podcast",0.0128617446605763
5,"podcast",8.38298856895678e-07
6,"podcast",9.00372033724334e-07
1,"improve",0.000170146504157454
2,"improve",8.01442949591881e-05
3,"improve",0.000933084274111928
4,"improve",8.63146410346709e-07
5,"improve",8.38298856895678e-07
6,"improve",0.000271011982151025
1,"ia",8.90819393494524e-07
2,"ia",8.80706538013056e-07
3,"ia",9.76586775949687e-06
4,"ia",8.63146410346709e-07
5,"ia",5.95192188395932e-05
6,"ia",9.00372033724334e-07
1,"similar",8.90819393494524e-07
2,"similar",8.80706538013056e-07
3,"similar",9.76586775949687e-06
4,"similar",8.63146410346709e-07
5,"similar",8.38298856895678e-07
6,"similar",0.00158555515138855
1,"youtube",8.90819393494524e-07
2,"youtube",8.80706538013056e-07
3,"youtube",8.87806159954261e-07
4,"youtube",3.53890028242151e-05
5,"youtube",8.38298856895678e-07
6,"youtube",0.00662763854024483
1,"better",1.8707207263385e-05
2,"better",2.73019026784047e-05
3,"better",0.00522118802669101
4,"better",8.63146410346709e-07
5,"better",8.38298856895678e-07
6,"better",0.00846439748904247
1,"everything",0.00969300582061392
2,"everything",9.68777191814362e-06
3,"everything",8.87806159954261e-07
4,"everything",8.63146410346709e-07
5,"everything",8.38298856895678e-07
6,"everything",9.00372033724334e-07
1,"else",0.00478459096245909
2,"else",8.80706538013056e-07
3,"else",8.87806159954261e-07
4,"else",8.63146410346709e-07
5,"else",8.38298856895678e-07
6,"else",9.00372033724334e-07
1,"king",8.90819393494524e-07
2,"king",5.37230988187964e-05
3,"king",8.87806159954261e-07
4,"king",8.63146410346709e-07
5,"king",8.38298856895678e-07
6,"king",9.00372033724334e-07
1,"user",8.90819393494524e-07
2,"user",0.0076366063911112
3,"user",7.19122989562951e-05
4,"user",8.63146410346709e-07
5,"user",9.22128742585246e-06
6,"user",0.00232386021904251
1,"loads",0.000989700346172416
2,"loads",8.80706538013056e-07
3,"loads",5.41561757572099e-05
4,"loads",1.81260746172809e-05
5,"loads",8.38298856895678e-07
6,"loads",5.49226940571845e-05
1,"glitches",8.90819393494524e-07
2,"glitches",8.80706538013056e-07
3,"glitches",9.76586775949687e-06
4,"glitches",0.00344481732369371
5,"glitches",9.22128742585246e-06
6,"glitches",4.59189737199411e-05
1,"bar",8.90819393494524e-07
2,"bar",8.80706538013056e-07
3,"bar",8.87806159954261e-07
4,"bar",0.013465947147819
5,"bar",8.38298856895678e-07
6,"bar",9.90409237096768e-06
1,"disappears",8.90819393494524e-07
2,"disappears",8.80706538013056e-07
3,"disappears",8.87806159954261e-07
4,"disappears",0.00403175688272948
5,"disappears",8.38298856895678e-07
6,"disappears",9.00372033724334e-07
1,"button",8.90819393494524e-07
2,"button",8.80706538013056e-07
3,"button",0.010326073446428
4,"button",8.63146410346709e-07
5,"button",8.38298856895678e-07
6,"button",9.00372033724334e-07
1,"missing",8.90819393494524e-07
2,"missing",8.80706538013056e-07
3,"missing",0.00122606030689683
4,"missing",0.00189978524917311
5,"missing",2.5987264563766e-05
6,"missing",9.00372033724334e-07
1,"sort",8.90819393494524e-07
2,"sort",8.80706538013056e-07
3,"sort",0.00168771951007305
4,"sort",0.000458330743894102
5,"sort",8.38298856895678e-07
6,"sort",9.00372033724334e-07
1,"listen",8.90819393494524e-07
2,"listen",8.80706538013056e-07
3,"listen",8.87806159954261e-07
4,"listen",8.63146410346709e-07
5,"listen",0.0489574915415645
6,"listen",9.90409237096768e-06
1,"downloaded",0.0157594858903116
2,"downloaded",8.80706538013056e-07
3,"downloaded",8.87806159954261e-07
4,"downloaded",9.4946105138138e-06
5,"downloaded",8.38298856895678e-07
6,"downloaded",9.00372033724334e-07
1,"point",0.000455208710075702
2,"point",0.0042635003505212
3,"point",8.87806159954261e-07
4,"point",8.63146410346709e-07
5,"point",8.38298856895678e-07
6,"point",9.09375754061579e-05
1,"feature",9.79901332843977e-06
2,"feature",8.80706538013056e-07
3,"feature",0.0104858785552198
4,"feature",8.63146410346709e-07
5,"feature",1.76042759948093e-05
6,"feature",9.00372033724334e-07
1,"disappointed",1.8707207263385e-05
2,"disappointed",0.00250208727449509
3,"disappointed",8.87806159954261e-07
4,"disappointed",8.63146410346709e-07
5,"disappointed",8.38298856895678e-07
6,"disappointed",9.00372033724334e-07
1,"crashing",0.00058883161909988
2,"crashing",8.80706538013056e-07
3,"crashing",8.87806159954261e-07
4,"crashing",0.0065694073291488
5,"crashing",8.38298856895678e-07
6,"crashing",9.00372033724334e-07
1,"unable",0.00464205985949997
2,"unable",8.80706538013056e-07
3,"unable",9.76586775949687e-06
4,"unable",8.63146410346709e-07
5,"unable",8.38298856895678e-07
6,"unable",9.00372033724334e-07
1,"working",0.015367525357174
2,"working",8.80706538013056e-07
3,"working",8.87806159954261e-07
4,"working",4.40204669276821e-05
5,"working",8.38298856895678e-07
6,"working",9.00372033724334e-07
1,"everytime",0.00489148928967843
2,"everytime",8.80706538013056e-07
3,"everytime",8.87806159954261e-07
4,"everytime",3.53890028242151e-05
5,"everytime",8.38298856895678e-07
6,"everytime",9.90409237096768e-06
1,"logged",8.90819393494524e-07
2,"logged",0.00569024494210235
3,"logged",8.87806159954261e-07
4,"logged",9.4946105138138e-06
5,"logged",9.22128742585246e-06
6,"logged",9.00372033724334e-07
1,"acc",0.000285953025311742
2,"acc",0.00010656549109958
3,"acc",1.86439293590395e-05
4,"acc",8.63146410346709e-07
5,"acc",8.38298856895678e-07
6,"acc",9.00372033724334e-07
1,"tried",0.0129712211886738
2,"tried",8.80706538013056e-07
3,"tried",8.87806159954261e-07
4,"tried",8.63146410346709e-07
5,"tried",8.38298856895678e-07
6,"tried",9.00372033724334e-07
1,"open",0.0129890375765437
2,"open",8.80706538013056e-07
3,"open",8.87806159954261e-07
4,"open",0.00115747933627494
5,"open",8.38298856895678e-07
6,"open",9.00372033724334e-07
1,"log",8.90819393494524e-07
2,"log",0.0096798455593015
3,"log",8.87806159954261e-07
4,"log",5.26519310311492e-05
5,"log",8.38298856895678e-07
6,"log",9.00372033724334e-07
1,"see",8.90819393494524e-07
2,"see",8.80706538013056e-07
3,"see",0.0125455888463136
4,"see",8.63146410346709e-07
5,"see",8.38298856895678e-07
6,"see",9.00372033724334e-07
1,"logo",0.00101642492797725
2,"logo",8.80706538013056e-07
3,"logo",8.87806159954261e-07
4,"logo",8.63146410346709e-07
5,"logo",8.38298856895678e-07
6,"logo",9.00372033724334e-07
1,"everyone",8.90819393494524e-07
2,"everyone",9.68777191814362e-06
3,"everyone",0.00143025572368631
4,"everyone",8.63146410346709e-07
5,"everyone",9.22128742585246e-06
6,"everyone",0.000991309609130493
1,"reporting",2.76154011983302e-05
2,"reporting",0.000177022014140624
3,"reporting",8.87806159954261e-07
4,"reporting",8.63146410346709e-07
5,"reporting",8.38298856895678e-07
6,"reporting",9.00372033724334e-07
1,"random",8.90819393494524e-07
2,"random",9.68777191814362e-06
3,"random",8.87806159954261e-07
4,"random",8.63146410346709e-07
5,"random",0.0121226397695684
6,"random",5.49226940571845e-05
1,"pauses",8.90819393494524e-07
2,"pauses",3.61089680585353e-05
3,"pauses",8.87806159954261e-07
4,"pauses",0.00256440798514007
5,"pauses",8.38298856895678e-07
6,"pauses",9.00372033724334e-07
1,"stops",8.90819393494524e-07
2,"stops",8.80706538013056e-07
3,"stops",8.87806159954261e-07
4,"stops",0.0134745786119225
5,"stops",8.38298856895678e-07
6,"stops",9.00372033724334e-07
1,"currently",8.90819393494524e-07
2,"currently",8.80706538013056e-07
3,"currently",4.52781141576672e-05
4,"currently",0.00435112105455776
5,"currently",8.38298856895678e-07
6,"currently",9.00372033724334e-07
1,"view",8.90819393494524e-07
2,"view",8.80706538013056e-07
3,"view",0.000657864364526107
4,"view",0.00109705908755067
5,"view",8.38298856895678e-07
6,"view",9.00372033724334e-07
1,"pause",8.90819393494524e-07
2,"pause",9.68777191814362e-06
3,"pause",8.87806159954261e-07
4,"pause",0.0160294919865487
5,"pause",8.38298856895678e-07
6,"pause",9.00372033724334e-07
1,"skip",8.90819393494524e-07
2,"skip",8.80706538013056e-07
3,"skip",1.86439293590395e-05
4,"skip",0.00331534536214171
5,"skip",0.0120891078152926
6,"skip",9.00372033724334e-07
1,"back",8.90819393494524e-07
2,"back",0.01227792984644
3,"back",0.0132647118358766
4,"back",9.4946105138138e-06
5,"back",8.38298856895678e-07
6,"back",9.00372033724334e-07
1,"forth",8.90819393494524e-07
2,"forth",0.000168214948760494
3,"forth",8.87806159954261e-07
4,"forth",8.63146410346709e-07
5,"forth",8.38298856895678e-07
6,"forth",4.59189737199411e-05
1,"fairly",8.90819393494524e-07
2,"fairly",0.000194636144900885
3,"fairly",8.87806159954261e-07
4,"fairly",0.000147598036169287
5,"fairly",8.38298856895678e-07
6,"fairly",9.00372033724334e-07
1,"unusable",8.90819393494524e-07
2,"unusable",8.80706538013056e-07
3,"unusable",8.87806159954261e-07
4,"unusable",0.00287514069286489
5,"unusable",5.95192188395932e-05
6,"unusable",9.00372033724334e-07
1,"stage",8.90819393494524e-07
2,"stage",9.68777191814362e-06
3,"stage",4.52781141576672e-05
4,"stage",9.4946105138138e-06
5,"stage",8.38298856895678e-07
6,"stage",9.00372033724334e-07
1,"acceptable",8.90819393494524e-07
2,"acceptable",0.000247478537181669
3,"acceptable",8.87806159954261e-07
4,"acceptable",8.63146410346709e-07
5,"acceptable",4.27532417016796e-05
6,"acceptable",9.00372033724334e-07
1,"paid",8.90819393494524e-07
2,"paid",0.00408735904291859
3,"paid",8.87806159954261e-07
4,"paid",8.63146410346709e-07
5,"paid",8.38298856895678e-07
6,"paid",9.00372033724334e-07
1,"commercial",8.90819393494524e-07
2,"commercial",9.68777191814362e-06
3,"commercial",8.87806159954261e-07
4,"commercial",8.63146410346709e-07
5,"commercial",0.000352923818753081
6,"commercial",9.00372033724334e-07
1,"even",0.0310904876523524
2,"even",8.80706538013056e-07
3,"even",2.75219909585821e-05
4,"even",8.63146410346709e-07
5,"even",0.0190889032703715
6,"even",5.49226940571845e-05
1,"wanting",8.90819393494524e-07
2,"wanting",0.000397198648643888
3,"wanting",8.87806159954261e-07
4,"wanting",9.4946105138138e-06
5,"wanting",8.38298856895678e-07
6,"wanting",9.00372033724334e-07
1,"knowing",8.90819393494524e-07
2,"knowing",0.000282706798702191
3,"knowing",8.87806159954261e-07
4,"knowing",8.63146410346709e-07
5,"knowing",8.38298856895678e-07
6,"knowing",9.00372033724334e-07
1,"name",8.90819393494524e-07
2,"name",8.80706538013056e-07
3,"name",0.00127045061489455
4,"name",8.63146410346709e-07
5,"name",0.000126583127391248
6,"name",0.000406067787209675
1,"brought",3.65235951332755e-05
2,"brought",8.80706538013056e-07
3,"brought",0.000471425070935712
4,"brought",8.63146410346709e-07
5,"brought",8.38298856895678e-07
6,"brought",9.00372033724334e-07
1,"thanks",8.90819393494524e-07
2,"thanks",8.80706538013056e-07
3,"thanks",0.000107424545354466
4,"thanks",8.63146410346709e-07
5,"thanks",8.38298856895678e-07
6,"thanks",0.00329626201546479
1,"cant",8.90819393494524e-07
2,"cant",8.80706538013056e-07
3,"cant",8.87806159954261e-07
4,"cant",9.4946105138138e-06
5,"cant",0.00949876434748494
6,"cant",9.00372033724334e-07
1,"stuff",8.90819393494524e-07
2,"stuff",8.80706538013056e-07
3,"stuff",0.003241380289993
4,"stuff",8.63146410346709e-07
5,"stuff",8.38298856895678e-07
6,"stuff",9.00372033724334e-07
1,"show",8.90819393494524e-07
2,"show",8.80706538013056e-07
3,"show",8.87806159954261e-07
4,"show",0.0115497621168493
5,"show",8.38298856895678e-07
6,"show",9.00372033724334e-07
1,"internet",0.0123832803889674
2,"internet",8.80706538013056e-07
3,"internet",8.87806159954261e-07
4,"internet",8.63146410346709e-07
5,"internet",9.22128742585246e-06
6,"internet",9.00372033724334e-07
1,"available",0.00019687108596229
2,"available",8.80706538013056e-07
3,"available",9.76586775949687e-06
4,"available",8.63146410346709e-07
5,"available",8.38298856895678e-07
6,"available",0.00642055297248823
1,"phone",0.019447478179379
2,"phone",0.000317935060222713
3,"phone",8.87806159954261e-07
4,"phone",0.0126286951297827
5,"phone",8.38298856895678e-07
6,"phone",1.8907812708211e-05
1,"data",0.00759067205196684
2,"data",8.80706538013056e-07
3,"data",9.76586775949687e-06
4,"data",8.63146410346709e-07
5,"data",8.38298856895678e-07
6,"data",9.00372033724334e-07
1,"already",0.00409866002946831
2,"already",0.00170064432490321
3,"already",8.87806159954261e-07
4,"already",8.63146410346709e-07
5,"already",8.38298856895678e-07
6,"already",9.00372033724334e-07
1,"adds",8.90819393494524e-07
2,"adds",9.68777191814362e-06
3,"adds",1.86439293590395e-05
4,"adds",1.81260746172809e-05
5,"adds",0.00529050408586863
6,"adds",1.8907812708211e-05
1,"now",2.76154011983302e-05
2,"now",0.0457623924216964
3,"now",9.76586775949687e-06
4,"now",0.0024780933441054
5,"now",8.38298856895678e-07
6,"now",9.00372033724334e-07
1,"happens",0.000464116904010647
2,"happens",8.80706538013056e-07
3,"happens",8.87806159954261e-07
4,"happens",0.00298734972620996
5,"happens",1.76042759948093e-05
6,"happens",9.00372033724334e-07
1,"want",4.54317890682208e-05
2,"want",8.80706538013056e-07
3,"want",8.87806159954261e-07
4,"want",8.63146410346709e-07
5,"want",0.0390320330759197
6,"want",9.00372033724334e-07
1,"search",8.90819393494524e-07
2,"search",8.80706538013056e-07
3,"search",0.002406842499636
4,"search",8.63146410346709e-07
5,"search",0.0078556985879694
6,"search",9.00372033724334e-07
1,"option",8.90819393494524e-07
2,"option",8.80706538013056e-07
3,"option",0.0113559285919749
4,"option",8.63146410346709e-07
5,"option",1.76042759948093e-05
6,"option",9.00372033724334e-07
1,"delete",0.00268225719381201
2,"delete",8.80706538013056e-07
3,"delete",0.00116391387570003
4,"delete",8.63146410346709e-07
5,"delete",8.38298856895678e-07
6,"delete",9.00372033724334e-07
1,"album",8.90819393494524e-07
2,"album",8.80706538013056e-07
3,"album",8.87806159954261e-07
4,"album",8.63146410346709e-07
5,"album",0.00633837765698823
6,"album",9.00372033724334e-07
1,"download",0.0121071263769841
2,"download",8.80706538013056e-07
3,"download",8.87806159954261e-07
4,"download",3.53890028242151e-05
5,"download",9.22128742585246e-06
6,"download",9.00372033724334e-07
1,"track",8.90819393494524e-07
2,"track",9.68777191814362e-06
3,"track",8.87806159954261e-07
4,"track",0.00359155221345265
5,"track",8.38298856895678e-07
6,"track",9.00372033724334e-07
1,"library",9.79901332843977e-06
2,"library",5.37230988187964e-05
3,"library",0.00215825677484881
4,"library",8.63146410346709e-07
5,"library",8.38298856895678e-07
6,"library",0.00266600159185776
1,"without",1.8707207263385e-05
2,"without",0.00610417701496849
3,"without",0.00229142769884195
4,"without",8.63146410346709e-07
5,"without",0.00681620800541876
6,"without",9.09375754061579e-05
1,"creating",8.90819393494524e-07
2,"creating",8.80706538013056e-07
3,"creating",8.87806159954261e-07
4,"creating",8.63146410346709e-07
5,"creating",8.38298856895678e-07
6,"creating",0.00103632821081671
1,"liking",9.79901332843977e-06
2,"liking",8.80706538013056e-07
3,"liking",8.87806159954261e-07
4,"liking",8.63146410346709e-07
5,"liking",2.5987264563766e-05
6,"liking",0.000325034304174485
1,"wow",8.90819393494524e-07
2,"wow",8.80706538013056e-07
3,"wow",2.75219909585821e-05
4,"wow",8.63146410346709e-07
5,"wow",8.38298856895678e-07
6,"wow",0.000559131032942812
1,"sudden",7.21563708730564e-05
2,"sudden",0.00157734540958138
3,"sudden",8.87806159954261e-07
4,"sudden",0.00013896657206582
5,"sudden",9.22128742585246e-06
6,"sudden",9.00372033724334e-07
1,"login",0.00491821387148327
2,"login",9.68777191814362e-06
3,"login",8.87806159954261e-07
4,"login",8.63146410346709e-07
5,"login",8.38298856895678e-07
6,"login",9.00372033724334e-07
1,"work",0.0244360667829483
2,"work",0.000731867133088849
3,"work",8.87806159954261e-07
4,"work",8.63146410346709e-07
5,"work",8.38298856895678e-07
6,"work",9.00372033724334e-07
1,"though",0.00817861285167323
2,"though",4.49160334386658e-05
3,"though",8.87806159954261e-07
4,"though",8.63146410346709e-07
5,"though",8.38298856895678e-07
6,"though",9.00372033724334e-07
1,"hundred",9.79901332843977e-06
2,"hundred",0.00332114435484723
3,"hundred",7.19122989562951e-05
4,"hundred",8.63146410346709e-07
5,"hundred",8.38298856895678e-07
6,"hundred",9.00372033724334e-07
1,"percent",8.90819393494524e-07
2,"percent",0.00252850847063548
3,"percent",8.87806159954261e-07
4,"percent",8.63146410346709e-07
5,"percent",8.38298856895678e-07
6,"percent",9.00372033724334e-07
1,"positive",8.90819393494524e-07
2,"positive",8.80706538013056e-07
3,"positive",0.000107424545354466
4,"positive",8.63146410346709e-07
5,"positive",9.22128742585246e-06
6,"positive",5.49226940571845e-05
1,"correct",4.54317890682208e-05
2,"correct",0.00122506279437616
3,"correct",8.87806159954261e-07
4,"correct",8.63146410346709e-07
5,"correct",9.22128742585246e-06
6,"correct",9.00372033724334e-07
1,"morning",9.79901332843977e-06
2,"morning",0.000687831806188196
3,"morning",0.000160692914951721
4,"morning",8.63146410346709e-07
5,"morning",8.38298856895678e-07
6,"morning",1.8907812708211e-05
1,"asks",2.76154011983302e-05
2,"asks",8.80706538013056e-07
3,"asks",8.87806159954261e-07
4,"asks",0.000518750992618372
5,"asks",9.22128742585246e-06
6,"asks",9.00372033724334e-07
1,"happened",0.00113223144913154
2,"happened",0.0030217041319228
3,"happened",8.87806159954261e-07
4,"happened",0.000104440715651952
5,"happened",8.38298856895678e-07
6,"happened",9.00372033724334e-07
1,"obviously",8.90819393494524e-07
2,"obviously",0.000538111694725977
3,"obviously",2.75219909585821e-05
4,"obviously",8.63146410346709e-07
5,"obviously",8.38298856895678e-07
6,"obviously",9.00372033724334e-07
1,"found",8.90819393494524e-07
2,"found",2.73019026784047e-05
3,"found",8.87806159954261e-07
4,"found",8.63146410346709e-07
5,"found",8.38298856895678e-07
6,"found",0.00366541454929177
1,"email",8.90819393494524e-07
2,"email",0.00380553295075441
3,"email",8.87806159954261e-07
4,"email",8.63146410346709e-07
5,"email",8.38298856895678e-07
6,"email",9.00372033724334e-07
1,"account",8.90819393494524e-07
2,"account",0.0153692097948658
3,"account",8.87806159954261e-07
4,"account",8.63146410346709e-07
5,"account",8.38298856895678e-07
6,"account",9.00372033724334e-07
1,"telling",0.00126585435815572
2,"telling",8.80706538013056e-07
3,"telling",9.76586775949687e-06
4,"telling",8.63146410346709e-07
5,"telling",8.38298856895678e-07
6,"telling",9.00372033724334e-07
1,"change",8.90819393494524e-07
2,"change",2.73019026784047e-05
3,"change",0.0106545617256111
4,"change",8.63146410346709e-07
5,"change",8.38298856895678e-07
6,"change",9.00372033724334e-07
1,"password",8.90819393494524e-07
2,"password",0.00355012805473063
3,"password",8.87806159954261e-07
4,"password",8.63146410346709e-07
5,"password",8.38298856895678e-07
6,"password",9.00372033724334e-07
1,"behaviour",8.90819393494524e-07
2,"behaviour",8.80706538013056e-07
3,"behaviour",8.87806159954261e-07
4,"behaviour",6.12833951346163e-05
5,"behaviour",8.38298856895678e-07
6,"behaviour",9.00372033724334e-07
1,"yeah",8.90819393494524e-07
2,"yeah",8.80706538013056e-07
3,"yeah",0.00110176744450324
4,"yeah",8.63146410346709e-07
5,"yeah",8.38298856895678e-07
6,"yeah",4.59189737199411e-05
1,"logging",0.00182707057605727
2,"logging",0.000247478537181669
3,"logging",8.87806159954261e-07
4,"logging",1.81260746172809e-05
5,"logging",9.22128742585246e-06
6,"logging",9.00372033724334e-07
1,"xbox",8.90819393494524e-07
2,"xbox",8.80706538013056e-07
3,"xbox",0.00066674242612565
4,"xbox",4.40204669276821e-05
5,"xbox",8.38298856895678e-07
6,"xbox",9.90409237096768e-06
1,"stress",9.79901332843977e-06
2,"stress",8.80706538013056e-07
3,"stress",8.87806159954261e-07
4,"stress",8.63146410346709e-07
5,"stress",8.38298856895678e-07
6,"stress",0.000180974778778591
1,"need",0.00367106672059094
2,"need",8.80706538013056e-07
3,"need",0.00914529125368883
4,"need",8.63146410346709e-07
5,"need",8.38298856895678e-07
6,"need",4.59189737199411e-05
1,"renewing",8.90819393494524e-07
2,"renewing",0.000212250275661146
3,"renewing",9.76586775949687e-06
4,"renewing",8.63146410346709e-07
5,"renewing",8.38298856895678e-07
6,"renewing",9.00372033724334e-07
1,"way",8.90819393494524e-07
2,"way",8.80706538013056e-07
3,"way",0.0112849040991786
4,"way",0.00495532354180045
5,"way",8.38298856895678e-07
6,"way",9.00372033724334e-07
1,"teaching",8.90819393494524e-07
2,"teaching",1.84948372982742e-05
3,"teaching",9.76586775949687e-06
4,"teaching",8.63146410346709e-07
5,"teaching",8.38298856895678e-07
6,"teaching",3.69152533826978e-05
1,"lesson",9.79901332843977e-06
2,"lesson",8.80706538013056e-07
3,"lesson",9.85464837549228e-05
4,"lesson",8.63146410346709e-07
5,"lesson",8.38298856895678e-07
6,"lesson",9.00372033724334e-07
1,"gets",0.000179054698092399
2,"gets",0.00285436988970031
3,"gets",0.000151814853352178
4,"gets",0.00178757621582803
5,"gets",8.46681845464636e-05
6,"gets",9.00372033724334e-07
1,"liked",9.79901332843977e-06
2,"liked",8.80706538013056e-07
3,"liked",8.87806159954261e-07
4,"liked",8.63146410346709e-07
5,"liked",0.0105801698728804
6,"liked",9.00372033724334e-07
1,"helps",8.90819393494524e-07
2,"helps",5.37230988187964e-05
3,"helps",8.87806159954261e-07
4,"helps",8.63146410346709e-07
5,"helps",8.38298856895678e-07
6,"helps",0.0014504993463299
1,"signal",0.000847169243213293
2,"signal",8.80706538013056e-07
3,"signal",8.87806159954261e-07
4,"signal",8.63146410346709e-07
5,"signal",8.38298856895678e-07
6,"signal",9.00372033724334e-07
1,"try",0.0133809981096812
2,"try",8.80706538013056e-07
3,"try",0.000196205161349891
4,"try",8.63146410346709e-07
5,"try",0.000101434161684377
6,"try",9.00372033724334e-07
1,"go",8.90819393494524e-07
2,"go",0.000326742125602843
3,"go",0.0169402293380872
4,"go",8.63146410346709e-07
5,"go",8.38298856895678e-07
6,"go",9.00372033724334e-07
1,"different",8.10645648080017e-05
2,"different",1.84948372982742e-05
3,"different",8.87806159954261e-07
4,"different",8.63146410346709e-07
5,"different",0.0101694034330015
6,"different",9.00372033724334e-07
1,"goes",0.000544290649425154
2,"goes",5.37230988187964e-05
3,"goes",0.000542449563732053
4,"goes",0.00118337372858534
5,"goes",0.000738541292925093
6,"goes",9.90409237096768e-06
1,"little",8.90819393494524e-07
2,"little",8.80706538013056e-07
3,"little",0.00318811192039575
4,"little",8.63146410346709e-07
5,"little",8.38298856895678e-07
6,"little",0.000216989660127565
1,"weird",0.000170146504157454
2,"weird",9.68777191814362e-06
3,"weird",0.00135923123088997
4,"weird",0.000233912677203958
5,"weird",8.38298856895678e-07
6,"weird",9.00372033724334e-07
1,"deal",8.90819393494524e-07
2,"deal",0.00114579920595499
3,"deal",8.87806159954261e-07
4,"deal",6.12833951346163e-05
5,"deal",8.38298856895678e-07
6,"deal",9.00372033724334e-07
1,"compared",8.90819393494524e-07
2,"compared",8.80706538013056e-07
3,"compared",8.87806159954261e-07
4,"compared",8.63146410346709e-07
5,"compared",8.38298856895678e-07
6,"compared",0.000991309609130493
1,"desktop",8.90819393494524e-07
2,"desktop",8.80706538013056e-07
3,"desktop",0.00187415880366344
4,"desktop",8.63146410346709e-07
5,"desktop",8.38298856895678e-07
6,"desktop",3.69152533826978e-05
1,"version",8.90819393494524e-07
2,"version",8.80706538013056e-07
3,"version",0.00957143821046688
4,"version",8.63146410346709e-07
5,"version",8.38298856895678e-07
6,"version",9.00372033724334e-07
1,"inferior",8.90819393494524e-07
2,"inferior",8.80706538013056e-07
3,"inferior",8.87806159954261e-07
4,"inferior",5.26519310311492e-05
5,"inferior",8.38298856895678e-07
6,"inferior",9.00372033724334e-07
1,"ability",8.90819393494524e-07
2,"ability",8.80706538013056e-07
3,"ability",0.00254001342362914
4,"ability",2.6757538720748e-05
5,"ability",8.38298856895678e-07
6,"ability",9.00372033724334e-07
1,"bare",8.90819393494524e-07
2,"bare",8.80706538013056e-07
3,"bare",4.52781141576672e-05
4,"bare",6.99148592380834e-05
5,"bare",8.38298856895678e-07
6,"bare",9.00372033724334e-07
1,"barely",8.90819393494524e-07
2,"barely",8.80706538013056e-07
3,"barely",2.75219909585821e-05
4,"barely",0.00129558276193041
5,"barely",8.38298856895678e-07
6,"barely",9.00372033724334e-07
1,"free",8.90819393494524e-07
2,"free",0.0041490085005795
3,"free",0.000720010795722905
4,"free",8.63146410346709e-07
5,"free",0.00166067003551034
6,"free",9.00372033724334e-07
1,"said",9.79901332843977e-06
2,"said",0.00213219052852961
3,"said",8.07903605558377e-05
4,"said",2.6757538720748e-05
5,"said",8.38298856895678e-07
6,"said",9.00372033724334e-07
1,"think",8.90819393494524e-07
2,"think",8.80706538013056e-07
3,"think",0.006366457973032
4,"think",8.63146410346709e-07
5,"think",9.22128742585246e-06
6,"think",0.000415071507546919
1,"made",8.90819393494524e-07
2,"made",1.84948372982742e-05
3,"made",0.00515016353389466
4,"made",8.63146410346709e-07
5,"made",8.38298856895678e-07
6,"made",0.00151352538869061
1,"clear",0.00235265401821904
2,"clear",1.84948372982742e-05
3,"clear",8.87806159954261e-07
4,"clear",8.63146410346709e-07
5,"clear",3.43702531327228e-05
6,"clear",9.00372033724334e-07
1,"enough",8.90819393494524e-07
2,"enough",0.00220264705157065
3,"enough",8.87806159954261e-07
4,"enough",8.63146410346709e-07
5,"enough",2.5987264563766e-05
6,"enough",0.000280015702488268
1,"awesome",8.90819393494524e-07
2,"awesome",8.80706538013056e-07
3,"awesome",8.87806159954261e-07
4,"awesome",8.63146410346709e-07
5,"awesome",8.38298856895678e-07
6,"awesome",0.00378246291367593
1,"obscure",8.90819393494524e-07
2,"obscure",8.80706538013056e-07
3,"obscure",8.87806159954261e-07
4,"obscure",8.63146410346709e-07
5,"obscure",8.38298856895678e-07
6,"obscure",0.000307026863499998
1,"artist",8.90819393494524e-07
2,"artist",8.80706538013056e-07
3,"artist",9.76586775949687e-06
4,"artist",8.63146410346709e-07
5,"artist",0.00330373579502587
6,"artist",0.00318821737141787
1,"fingertips",8.90819393494524e-07
2,"fingertips",3.61089680585353e-05
3,"fingertips",8.87806159954261e-07
4,"fingertips",8.63146410346709e-07
5,"fingertips",0.000160115081667075
6,"fingertips",9.90409237096768e-06
1,"well",8.90819393494524e-07
2,"well",0.00110176387905433
3,"well",9.76586775949687e-06
4,"well",8.63146410346709e-07
5,"well",1.76042759948093e-05
6,"well",0.00970691089558206
1,"access",0.00433027307177688
2,"access",1.84948372982742e-05
3,"access",8.87806159954261e-07
4,"access",6.99148592380834e-05
5,"access",8.38298856895678e-07
6,"access",0.00146850678700439
1,"newer",8.90819393494524e-07
2,"newer",8.80706538013056e-07
3,"newer",0.000249473530947147
4,"newer",4.40204669276821e-05
5,"newer",8.38298856895678e-07
6,"newer",9.90409237096768e-06
1,"things",8.90819393494524e-07
2,"things",8.80706538013056e-07
3,"things",0.00578050590746219
4,"things",0.000121703643858886
5,"things",9.22128742585246e-06
6,"things",9.00372033724334e-07
1,"update",1.8707207263385e-05
2,"update",8.80706538013056e-07
3,"update",8.87806159954261e-07
4,"update",0.0428215565637106
5,"update",8.38298856895678e-07
6,"update",9.00372033724334e-07
1,"lost",8.90819393494524e-07
2,"lost",0.00222026118233091
3,"lost",9.76586775949687e-06
4,"lost",2.6757538720748e-05
5,"lost",8.38298856895678e-07
6,"lost",9.00372033724334e-07
1,"star",8.90819393494524e-07
2,"star",8.80706538013056e-07
3,"star",0.00711221514739358
4,"star",8.63146410346709e-07
5,"star",8.38298856895678e-07
6,"star",9.00372033724334e-07
1,"constantly",9.79901332843977e-06
2,"constantly",8.80706538013056e-07
3,"constantly",9.76586775949687e-06
4,"constantly",0.00883085092425718
5,"constantly",8.38298856895678e-07
6,"constantly",9.00372033724334e-07
1,"asking",0.000116697340547783
2,"asking",8.80706538013056e-07
3,"asking",0.00032937608534303
4,"asking",0.0010366388388264
5,"asking",3.43702531327228e-05
6,"asking",9.00372033724334e-07
1,"review",8.90819393494524e-07
2,"review",8.80706538013056e-07
3,"review",0.00337455121398614
4,"review",1.81260746172809e-05
5,"review",8.38298856895678e-07
6,"review",9.00372033724334e-07
1,"glitching",8.90819393494524e-07
2,"glitching",8.80706538013056e-07
3,"glitching",3.64000525581247e-05
4,"glitching",0.00137326593886161
5,"glitching",8.38298856895678e-07
6,"glitching",9.90409237096768e-06
1,"fix",0.0409607665322717
2,"fix",8.80706538013056e-07
3,"fix",8.87806159954261e-07
4,"fix",8.63146410346709e-07
5,"fix",1.76042759948093e-05
6,"fix",9.90409237096768e-06
1,"shows",0.00689583292504111
2,"shows",1.84948372982742e-05
3,"shows",8.87806159954261e-07
4,"shows",8.63146410346709e-07
5,"shows",8.38298856895678e-07
6,"shows",9.00372033724334e-07
1,"sign",8.90819393494524e-07
2,"sign",0.00206173400548856
3,"sign",8.87806159954261e-07
4,"sign",8.63146410346709e-07
5,"sign",9.22128742585246e-06
6,"sign",9.00372033724334e-07
1,"screen",8.90819393494524e-07
2,"screen",8.80706538013056e-07
3,"screen",8.87806159954261e-07
4,"screen",0.0110405057347447
5,"screen",3.43702531327228e-05
6,"screen",9.00372033724334e-07
1,"last",2.76154011983302e-05
2,"last",8.80706538013056e-07
3,"last",8.87806159954261e-07
4,"last",0.0135695247170606
5,"last",8.38298856895678e-07
6,"last",9.00372033724334e-07
1,"week",0.00156873295194386
2,"week",0.00196485628630713
3,"week",8.87806159954261e-07
4,"week",8.63146410346709e-07
5,"week",8.38298856895678e-07
6,"week",9.00372033724334e-07
1,"shuts",8.90819393494524e-07
2,"shuts",8.80706538013056e-07
3,"shuts",8.87806159954261e-07
4,"shuts",0.00102800737472293
5,"shuts",9.22128742585246e-06
6,"shuts",9.90409237096768e-06
1,"right",2.76154011983302e-05
2,"right",8.80706538013056e-07
3,"right",0.00632206766503429
4,"right",8.63146410346709e-07
5,"right",8.38298856895678e-07
6,"right",9.00372033724334e-07
1,"pretty",8.90819393494524e-07
2,"pretty",8.80706538013056e-07
3,"pretty",3.64000525581247e-05
4,"pretty",8.63146410346709e-07
5,"pretty",8.38298856895678e-07
6,"pretty",0.00701479851474629
1,"good",8.90819393494524e-07
2,"good",8.80706538013056e-07
3,"good",0.000116302606954008
4,"good",5.26519310311492e-05
5,"good",3.43702531327228e-05
6,"good",0.0441551449058751
1,"apps",0.00201414264869112
2,"apps",8.80706538013056e-07
3,"apps",0.000107424545354466
4,"apps",8.63146410346709e-07
5,"apps",8.46681845464636e-05
6,"apps",0.00736594360789878
1,"musics",8.10645648080017e-05
2,"musics",8.80706538013056e-07
3,"musics",8.87806159954261e-07
4,"musics",8.63146410346709e-07
5,"musics",8.38298856895678e-07
6,"musics",0.000721197999013192
1,"device",0.00398285350831402
2,"device",0.000124179621859841
3,"device",0.000187327099750349
4,"device",0.00163220986196563
5,"device",8.38298856895678e-07
6,"device",1.8907812708211e-05
1,"becoming",1.8707207263385e-05
2,"becoming",8.80706538013056e-07
3,"becoming",8.87806159954261e-07
4,"becoming",0.000829483700343187
5,"becoming",8.38298856895678e-07
6,"becoming",9.00372033724334e-07
1,"nightmare",8.90819393494524e-07
2,"nightmare",9.68777191814362e-06
3,"nightmare",8.87806159954261e-07
4,"nightmare",0.000397910495169833
5,"nightmare",8.38298856895678e-07
6,"nightmare",9.00372033724334e-07
1,"trying",0.00223684749706475
2,"trying",0.00463339709648668
3,"trying",8.87806159954261e-07
4,"trying",1.81260746172809e-05
5,"trying",0.000562498532977
6,"trying",9.90409237096768e-06
1,"ridiculous",8.90819393494524e-07
2,"ridiculous",0.00147166062501982
3,"ridiculous",8.87806159954261e-07
4,"ridiculous",8.63146410346709e-07
5,"ridiculous",0.000319391864477254
6,"ridiculous",9.00372033724334e-07
1,"stupid",8.90819393494524e-07
2,"stupid",8.80706538013056e-07
3,"stupid",8.87806159954261e-07
4,"stupid",8.63146410346709e-07
5,"stupid",0.00290135234371594
6,"stupid",9.00372033724334e-07
1,"home",0.00292277843005554
2,"home",4.49160334386658e-05
3,"home",0.00073776691892199
4,"home",0.000121703643858886
5,"home",8.38298856895678e-07
6,"home",9.00372033724334e-07
1,"page",0.00193396890327661
2,"page",0.000617375283147152
3,"page",0.000187327099750349
4,"page",2.6757538720748e-05
5,"page",7.62851959775067e-05
6,"page",5.49226940571845e-05
1,"click",8.90819393494524e-07
2,"click",8.80706538013056e-07
3,"click",6.30342373567525e-05
4,"click",8.63146410346709e-07
5,"click",0.0057431854685923
6,"click",9.00372033724334e-07
1,"interested",8.90819393494524e-07
2,"interested",8.80706538013056e-07
3,"interested",8.87806159954261e-07
4,"interested",8.63146410346709e-07
5,"interested",8.38298856895678e-07
6,"interested",0.000604149634629029
1,"till",0.00107878228552187
2,"till",8.80706538013056e-07
3,"till",8.07903605558377e-05
4,"till",0.000182123892583156
5,"till",8.38298856895678e-07
6,"till",9.00372033724334e-07
1,"blue",0.000241412055637016
2,"blue",9.68777191814362e-06
3,"blue",0.000267229654146232
4,"blue",8.63146410346709e-07
5,"blue",8.38298856895678e-07
6,"blue",9.00372033724334e-07
1,"face",8.90819393494524e-07
2,"face",0.000441233975544541
3,"face",8.87806159954261e-07
4,"face",0.000104440715651952
5,"face",8.38298856895678e-07
6,"face",9.00372033724334e-07
1,"keep",0.00549724647725471
2,"keep",0.00431634274280199
3,"keep",0.00309045324280078
4,"keep",8.63146410346709e-07
5,"keep",4.27532417016796e-05
6,"keep",9.00372033724334e-07
1,"throwing",5.43399830031659e-05
2,"throwing",8.80706538013056e-07
3,"throwing",8.87806159954261e-07
4,"throwing",8.63146410346709e-07
5,"throwing",8.38298856895678e-07
6,"throwing",9.00372033724334e-07
1,"spam",8.90819393494524e-07
2,"spam",8.01442949591881e-05
3,"spam",8.87806159954261e-07
4,"spam",8.63146410346709e-07
5,"spam",8.38298856895678e-07
6,"spam",9.00372033724334e-07
1,"casts",9.79901332843977e-06
2,"casts",8.80706538013056e-07
3,"casts",8.87806159954261e-07
4,"casts",9.4946105138138e-06
5,"casts",8.38298856895678e-07
6,"casts",8.19338550689144e-05
1,"downside",2.76154011983302e-05
2,"downside",8.80706538013056e-07
3,"downside",9.76586775949687e-06
4,"downside",8.63146410346709e-07
5,"downside",8.38298856895678e-07
6,"downside",0.000289019422825511
1,"rotate",8.90819393494524e-07
2,"rotate",4.49160334386658e-05
3,"rotate",8.87806159954261e-07
4,"rotate",8.63146410346709e-07
5,"rotate",8.38298856895678e-07
6,"rotate",9.00372033724334e-07
1,"month",9.79901332843977e-06
2,"month",0.00606014168806783
3,"month",8.87806159954261e-07
4,"month",8.63146410346709e-07
5,"month",8.38298856895678e-07
6,"month",5.49226940571845e-05
1,"next",8.90819393494524e-07
2,"next",4.49160334386658e-05
3,"next",0.00482167525471159
4,"next",0.00202925721072511
5,"next",8.38298856895678e-07
6,"next",9.00372033724334e-07
1,"maybe",8.90819393494524e-07
2,"maybe",0.000494076367825324
3,"maybe",0.00250450117723097
4,"maybe",8.63146410346709e-07
5,"maybe",8.38298856895678e-07
6,"maybe",0.000135956177092375
1,"keeps",0.00392940434470434
2,"keeps",8.80706538013056e-07
3,"keeps",8.87806159954261e-07
4,"keeps",0.0149850848300292
5,"keeps",0.000168498070236031
6,"keeps",1.8907812708211e-05
1,"cutting",1.8707207263385e-05
2,"cutting",8.80706538013056e-07
3,"cutting",8.87806159954261e-07
4,"cutting",0.00135600301065468
5,"cutting",8.38298856895678e-07
6,"cutting",9.00372033724334e-07
1,"showing",0.00403630267192369
2,"showing",8.80706538013056e-07
3,"showing",8.87806159954261e-07
4,"showing",0.00207241453124245
5,"showing",8.38298856895678e-07
6,"showing",9.00372033724334e-07
1,"exceptional",8.90819393494524e-07
2,"exceptional",8.80706538013056e-07
3,"exceptional",8.87806159954261e-07
4,"exceptional",8.63146410346709e-07
5,"exceptional",8.38298856895678e-07
6,"exceptional",0.000207985939790321
1,"application",0.00190724432147178
2,"application",0.000159407883380363
3,"application",8.87806159954261e-07
4,"application",8.63146410346709e-07
5,"application",8.38298856895678e-07
6,"application",0.000586142193954542
1,"online",0.00311875869662433
2,"online",8.80706538013056e-07
3,"online",8.87806159954261e-07
4,"online",1.81260746172809e-05
5,"online",8.38298856895678e-07
6,"online",9.00372033724334e-07
1,"loved",1.8707207263385e-05
2,"loved",0.0025901579282964
3,"loved",8.87806159954261e-07
4,"loved",8.63146410346709e-07
5,"loved",8.38298856895678e-07
6,"loved",4.59189737199411e-05
1,"overall",8.90819393494524e-07
2,"overall",8.80706538013056e-07
3,"overall",0.000116302606954008
4,"overall",8.63146410346709e-07
5,"overall",8.38298856895678e-07
6,"overall",0.00443073077795745
1,"works",0.0131939260370474
2,"works",8.80706538013056e-07
3,"works",1.86439293590395e-05
4,"works",8.63146410346709e-07
5,"works",9.22128742585246e-06
6,"works",1.8907812708211e-05
1,"less",8.90819393494524e-07
2,"less",8.80706538013056e-07
3,"less",0.002406842499636
4,"less",8.63146410346709e-07
5,"less",8.38298856895678e-07
6,"less",8.19338550689144e-05
1,"dose",9.79901332843977e-06
2,"dose",4.49160334386658e-05
3,"dose",5.41561757572099e-05
4,"dose",8.63146410346709e-07
5,"dose",8.38298856895678e-07
6,"dose",2.79115330454544e-05
1,"looked",8.90819393494524e-07
2,"looked",0.000335549190982974
3,"looked",0.000169570976551264
4,"looked",8.63146410346709e-07
5,"looked",0.000151732093098118
6,"looked",9.00372033724334e-07
1,"getting",8.90819393494524e-07
2,"getting",0.00909857924421288
3,"getting",0.000134058730153093
4,"getting",8.63146410346709e-07
5,"getting",8.38298856895678e-07
6,"getting",9.00372033724334e-07
1,"three",8.90819393494524e-07
2,"three",0.00886959554432949
3,"three",7.19122989562951e-05
4,"three",8.63146410346709e-07
5,"three",8.38298856895678e-07
6,"three",9.00372033724334e-07
1,"trash",8.90819393494524e-07
2,"trash",0.00146285355963969
3,"trash",8.87806159954261e-07
4,"trash",8.63146410346709e-07
5,"trash",0.00109900980139023
6,"trash",9.00372033724334e-07
1,"via",8.90819393494524e-07
2,"via",0.000344356256363105
3,"via",8.87806159954261e-07
4,"via",0.00142505472348242
5,"via",8.38298856895678e-07
6,"via",9.00372033724334e-07
1,"fb",0.000205779279897235
2,"fb",8.80706538013056e-07
3,"fb",9.76586775949687e-06
4,"fb",8.63146410346709e-07
5,"fb",8.38298856895678e-07
6,"fb",9.00372033724334e-07
1,"wouldnt",8.90819393494524e-07
2,"wouldnt",0.000221057341041277
3,"wouldnt",8.87806159954261e-07
4,"wouldnt",8.63146410346709e-07
5,"wouldnt",8.38298856895678e-07
6,"wouldnt",9.00372033724334e-07
1,"pick",8.90819393494524e-07
2,"pick",8.80706538013056e-07
3,"pick",4.52781141576672e-05
4,"pick",8.63146410346709e-07
5,"pick",0.00405820476623198
6,"pick",9.00372033724334e-07
1,"forced",8.90819393494524e-07
2,"forced",0.000502883433205455
3,"forced",8.87806159954261e-07
4,"forced",8.63146410346709e-07
5,"forced",0.000847520144321531
6,"forced",9.00372033724334e-07
1,"entire",8.90819393494524e-07
2,"entire",0.000731867133088849
3,"entire",0.000391522516539829
4,"entire",9.4946105138138e-06
5,"entire",0.000763690258631964
6,"entire",9.00372033724334e-07
1,"fav",8.90819393494524e-07
2,"fav",8.80706538013056e-07
3,"fav",8.87806159954261e-07
4,"fav",8.63146410346709e-07
5,"fav",0.00146786129842433
6,"fav",9.00372033724334e-07
1,"limited",8.90819393494524e-07
2,"limited",9.68777191814362e-06
3,"limited",2.75219909585821e-05
4,"limited",8.63146410346709e-07
5,"limited",0.00141756336701059
6,"limited",9.00372033724334e-07
1,"six",8.90819393494524e-07
2,"six",4.49160334386658e-05
3,"six",8.87806159954261e-07
4,"six",8.63146410346709e-07
5,"six",0.00663178225690171
6,"six",9.00372033724334e-07
1,"skips",8.90819393494524e-07
2,"skips",8.80706538013056e-07
3,"skips",9.76586775949687e-06
4,"skips",8.63146410346709e-07
5,"skips",0.00718505950245286
6,"skips",1.8907812708211e-05
1,"per",8.90819393494524e-07
2,"per",3.61089680585353e-05
3,"per",1.86439293590395e-05
4,"per",8.63146410346709e-07
5,"per",0.00279237349231951
6,"per",9.00372033724334e-07
1,"hour",8.90819393494524e-07
2,"hour",8.80706538013056e-07
3,"hour",8.87806159954261e-07
4,"hour",8.63146410346709e-07
5,"hour",0.00523182316588593
6,"hour",9.00372033724334e-07
1,"limiting",8.90819393494524e-07
2,"limiting",8.80706538013056e-07
3,"limiting",8.87806159954261e-07
4,"limiting",8.63146410346709e-07
5,"limiting",8.38298856895678e-07
6,"limiting",9.99412957434012e-05
1,"soo",0.000187962892027345
2,"soo",8.80706538013056e-07
3,"soo",0.000302741900544403
4,"soo",8.63146410346709e-07
5,"soo",8.38298856895678e-07
6,"soo",9.90409237096768e-06
1,"much",8.90819393494524e-07
2,"much",8.80706538013056e-07
3,"much",0.00382733235556282
4,"much",9.4946105138138e-06
5,"much",8.38298856895678e-07
6,"much",0.0089055797855674
1,"rate",8.90819393494524e-07
2,"rate",8.80706538013056e-07
3,"rate",0.00216713483644835
4,"rate",8.63146410346709e-07
5,"rate",3.43702531327228e-05
6,"rate",9.00372033724334e-07
1,"four",8.90819393494524e-07
2,"four",0.00332114435484723
3,"four",0.00280635527161542
4,"four",8.63146410346709e-07
5,"four",8.38298856895678e-07
6,"four",0.000162967338104105
1,"constant",8.90819393494524e-07
2,"constant",0.000599761152386891
3,"constant",8.87806159954261e-07
4,"constant",0.00144231765168935
5,"constant",8.38298856895678e-07
6,"constant",9.00372033724334e-07
1,"ads",8.90819393494524e-07
2,"ads",8.80706538013056e-07
3,"ads",8.87806159954261e-07
4,"ads",8.63146410346709e-07
5,"ads",0.00967480710743303
6,"ads",5.49226940571845e-05
1,"singing",8.90819393494524e-07
2,"singing",8.80706538013056e-07
3,"singing",1.86439293590395e-05
4,"singing",8.63146410346709e-07
5,"singing",8.38298856895678e-07
6,"singing",0.000234997100802052
1,"near",3.65235951332755e-05
2,"near",8.80706538013056e-07
3,"near",0.000302741900544403
4,"near",8.63146410346709e-07
5,"near",8.38298856895678e-07
6,"near",0.000216989660127565
1,"seem",3.65235951332755e-05
2,"seem",0.00158615247496151
3,"seem",0.000782157226919703
4,"seem",8.63146410346709e-07
5,"seem",8.38298856895678e-07
6,"seem",9.00372033724334e-07
1,"anymore",2.76154011983302e-05
2,"anymore",0.00168303019414295
3,"anymore",0.00671270237541416
4,"anymore",8.63146410346709e-07
5,"anymore",0.000637945430097611
6,"anymore",9.00372033724334e-07
1,"whenever",0.00413429280520809
2,"whenever",6.25301641989269e-05
3,"whenever",9.76586775949687e-06
4,"whenever",8.63146410346709e-07
5,"whenever",0.00173611693263095
6,"whenever",9.00372033724334e-07
1,"something",0.0107530808988724
2,"something",8.80706538013056e-07
3,"something",0.00146576797008448
4,"something",8.63146410346709e-07
5,"something",8.38298856895678e-07
6,"something",9.00372033724334e-07
1,"changes",8.90819393494524e-07
2,"changes",8.80706538013056e-07
3,"changes",0.00232693994524012
4,"changes",6.99148592380834e-05
5,"changes",8.38298856895678e-07
6,"changes",9.00372033724334e-07
1,"hope",8.90819393494524e-07
2,"hope",8.80706538013056e-07
3,"hope",0.00572723753786493
4,"hope",9.4946105138138e-06
5,"hope",8.38298856895678e-07
6,"hope",3.69152533826978e-05
1,"soon",8.90819393494524e-07
2,"soon",0.0034268291394088
3,"soon",8.87806159954261e-07
4,"soon",0.00173578743120723
5,"soon",8.38298856895678e-07
6,"soon",9.00372033724334e-07
1,"small",8.90819393494524e-07
2,"small",8.80706538013056e-07
3,"small",0.00135035316929043
4,"small",8.63146410346709e-07
5,"small",8.38298856895678e-07
6,"small",9.00372033724334e-07
1,"issues",8.90819393494524e-07
2,"issues",8.80706538013056e-07
3,"issues",8.87806159954261e-07
4,"issues",0.0116101823655736
5,"issues",8.38298856895678e-07
6,"issues",7.29301347316712e-05
1,"look",0.000784811885668676
2,"look",8.80706538013056e-07
3,"look",0.0033035267211898
4,"look",8.63146410346709e-07
5,"look",8.38298856895678e-07
6,"look",9.00372033724334e-07
1,"takes",0.00388486337502962
2,"takes",8.80706538013056e-07
3,"takes",5.41561757572099e-05
4,"takes",8.63146410346709e-07
5,"takes",8.38298856895678e-07
6,"takes",9.00372033724334e-07
1,"whole",8.90819393494524e-07
2,"whole",8.80706538013056e-07
3,"whole",8.87806159954261e-07
4,"whole",6.12833951346163e-05
5,"whole",0.00492165258883453
6,"whole",9.00372033724334e-07
1,"plays",9.79901332843977e-06
2,"plays",8.80706538013056e-07
3,"plays",8.87806159954261e-07
4,"plays",0.000173492428479689
5,"plays",0.0163476660083226
6,"plays",9.00372033724334e-07
1,"years",8.90819393494524e-07
2,"years",0.01430355488387
3,"years",5.41561757572099e-05
4,"years",2.6757538720748e-05
5,"years",8.38298856895678e-07
6,"years",9.00372033724334e-07
1,"premium",6.32481769381112e-05
2,"premium",0.0336790987201573
3,"premium",2.75219909585821e-05
4,"premium",8.63146410346709e-07
5,"premium",9.22128742585246e-06
6,"premium",9.00372033724334e-07
1,"struggling",0.000152330116287564
2,"struggling",8.80706538013056e-07
3,"struggling",8.87806159954261e-07
4,"struggling",8.63146410346709e-07
5,"struggling",8.38298856895678e-07
6,"struggling",9.00372033724334e-07
1,"someone",8.90819393494524e-07
2,"someone",0.000925622571451721
3,"someone",0.00131484092289226
4,"someone",8.63146410346709e-07
5,"someone",2.5987264563766e-05
6,"someone",9.00372033724334e-07
1,"etc",9.79901332843977e-06
2,"etc",8.80706538013056e-07
3,"etc",8.87806159954261e-07
4,"etc",0.00481722011614498
5,"etc",8.38298856895678e-07
6,"etc",9.00372033724334e-07
1,"galaxy",8.90819393494524e-07
2,"galaxy",8.80706538013056e-07
3,"galaxy",8.87806159954261e-07
4,"galaxy",0.00236588431076033
5,"galaxy",8.38298856895678e-07
6,"galaxy",9.00372033724334e-07
1,"come",8.90819393494524e-07
2,"come",8.80706538013056e-07
3,"come",0.00380069817076419
4,"come",0.000561908313135707
5,"come",8.38298856895678e-07
6,"come",9.00372033724334e-07
1,"briefly",8.90819393494524e-07
2,"briefly",8.80706538013056e-07
3,"briefly",8.87806159954261e-07
4,"briefly",3.53890028242151e-05
5,"briefly",8.38298856895678e-07
6,"briefly",2.79115330454544e-05
1,"amazing",8.90819393494524e-07
2,"amazing",8.80706538013056e-07
3,"amazing",0.000107424545354466
4,"amazing",8.63146410346709e-07
5,"amazing",9.22128742585246e-06
6,"amazing",0.00907665047197502
1,"however",0.00075808730386384
2,"however",8.80706538013056e-07
3,"however",7.19122989562951e-05
4,"however",8.63146410346709e-07
5,"however",8.38298856895678e-07
6,"however",0.00398054476109529
1,"everyday",8.90819393494524e-07
2,"everyday",8.80706538013056e-07
3,"everyday",3.64000525581247e-05
4,"everyday",8.63146410346709e-07
5,"everyday",8.38298856895678e-07
6,"everyday",0.00163957747341201
1,"casting",8.90819393494524e-07
2,"casting",8.80706538013056e-07
3,"casting",8.87806159954261e-07
4,"casting",0.00046696220799757
5,"casting",8.38298856895678e-07
6,"casting",9.00372033724334e-07
1,"google",8.90819393494524e-07
2,"google",0.00386718240841533
3,"google",8.87806159954261e-07
4,"google",8.63146410346709e-07
5,"google",8.38298856895678e-07
6,"google",9.00372033724334e-07
1,"connection",0.0097286385963537
2,"connection",8.80706538013056e-07
3,"connection",8.87806159954261e-07
4,"connection",8.63146410346709e-07
5,"connection",8.38298856895678e-07
6,"connection",9.00372033724334e-07
1,"lose",9.79901332843977e-06
2,"lose",0.000185829079520755
3,"lose",8.87806159954261e-07
4,"lose",0.00126105690551654
5,"lose",8.38298856895678e-07
6,"lose",9.00372033724334e-07
1,"volume",0.000473025097945592
2,"volume",8.80706538013056e-07
3,"volume",8.87806159954261e-07
4,"volume",0.00102800737472293
5,"volume",8.38298856895678e-07
6,"volume",0.000216989660127565
1,"able",0.0035463520055017
2,"able",0.000132986687239971
3,"able",0.00862148561931582
4,"able",2.6757538720748e-05
5,"able",8.38298856895678e-07
6,"able",0.000721197999013192
1,"inconvenience",8.90819393494524e-07
2,"inconvenience",8.80706538013056e-07
3,"inconvenience",8.87806159954261e-07
4,"inconvenience",0.000121703643858886
5,"inconvenience",8.38298856895678e-07
6,"inconvenience",8.19338550689144e-05
1,"rather",8.90819393494524e-07
2,"rather",8.80706538013056e-07
3,"rather",0.000657864364526107
4,"rather",0.000475593672101037
5,"rather",0.000218796001649772
6,"rather",0.000397064066872432
1,"every",8.90819393494524e-07
2,"every",0.0243259952864586
3,"every",1.86439293590395e-05
4,"every",8.63146410346709e-07
5,"every",8.38298856895678e-07
6,"every",9.00372033724334e-07
1,"single",8.90819393494524e-07
2,"single",0.00232594596689248
3,"single",0.000196205161349891
4,"single",8.63146410346709e-07
5,"single",0.00122475462992459
6,"single",9.00372033724334e-07
1,"consuming",8.90819393494524e-07
2,"consuming",8.80706538013056e-07
3,"consuming",8.87806159954261e-07
4,"consuming",2.6757538720748e-05
5,"consuming",0.000134966115960204
6,"consuming",9.00372033724334e-07
1,"making",8.90819393494524e-07
2,"making",8.80706538013056e-07
3,"making",0.00467074820751936
4,"making",3.53890028242151e-05
5,"making",8.38298856895678e-07
6,"making",2.79115330454544e-05
1,"easier",8.90819393494524e-07
2,"easier",8.80706538013056e-07
3,"easier",0.00173210981807076
4,"easier",8.63146410346709e-07
5,"easier",8.38298856895678e-07
6,"easier",9.00372033724334e-07
1,"selecting",2.76154011983302e-05
2,"selecting",1.84948372982742e-05
3,"selecting",0.000160692914951721
4,"selecting",9.4946105138138e-06
5,"selecting",0.000227178990218729
6,"selecting",9.00372033724334e-07
1,"multiple",0.00119458880667616
2,"multiple",0.00026509266794193
3,"multiple",6.30342373567525e-05
4,"multiple",0.0031081902236585
5,"multiple",8.38298856895678e-07
6,"multiple",9.00372033724334e-07
1,"albums",8.90819393494524e-07
2,"albums",8.80706538013056e-07
3,"albums",0.00121718224529729
4,"albums",2.6757538720748e-05
5,"albums",1.76042759948093e-05
6,"albums",0.0026119792698343
1,"example",8.90819393494524e-07
2,"example",8.80706538013056e-07
3,"example",0.000107424545354466
4,"example",8.63146410346709e-07
5,"example",0.00151815922983807
6,"example",9.90409237096768e-06
1,"bring",8.90819393494524e-07
2,"bring",8.80706538013056e-07
3,"bring",0.00302830681160398
4,"bring",8.63146410346709e-07
5,"bring",9.22128742585246e-06
6,"bring",9.00372033724334e-07
1,"far",8.90819393494524e-07
2,"far",8.80706538013056e-07
3,"far",8.87806159954261e-07
4,"far",8.63146410346709e-07
5,"far",8.38298856895678e-07
6,"far",0.00441272333728297
1,"navigate",8.90819393494524e-07
2,"navigate",8.80706538013056e-07
3,"navigate",9.76586775949687e-06
4,"navigate",8.63146410346709e-07
5,"navigate",8.38298856895678e-07
6,"navigate",0.00222481929533283
1,"auto",8.90819393494524e-07
2,"auto",8.80706538013056e-07
3,"auto",8.87806159954261e-07
4,"auto",0.00406628273914334
5,"auto",8.38298856895678e-07
6,"auto",9.00372033724334e-07
1,"long",8.90819393494524e-07
2,"long",0.00708176127216298
3,"long",8.87806159954261e-07
4,"long",8.63146410346709e-07
5,"long",8.38298856895678e-07
6,"long",9.00372033724334e-07
1,"drives",0.000152330116287564
2,"drives",8.80706538013056e-07
3,"drives",5.41561757572099e-05
4,"drives",1.81260746172809e-05
5,"drives",8.38298856895678e-07
6,"drives",9.00372033724334e-07
1,"turn",8.90819393494524e-07
2,"turn",8.80706538013056e-07
3,"turn",8.87806159954261e-07
4,"turn",0.00658667025735574
5,"turn",8.38298856895678e-07
6,"turn",9.00372033724334e-07
1,"u",8.90819393494524e-07
2,"u",8.80706538013056e-07
3,"u",8.87806159954261e-07
4,"u",8.63146410346709e-07
5,"u",0.00721020846815973
6,"u",9.00372033724334e-07
1,"yo",8.90819393494524e-07
2,"yo",8.80706538013056e-07
3,"yo",1.86439293590395e-05
4,"yo",8.63146410346709e-07
5,"yo",0.000210413013080816
6,"yo",8.19338550689144e-05
1,"effect",2.76154011983302e-05
2,"effect",8.80706538013056e-07
3,"effect",8.87806159954261e-07
4,"effect",8.63146410346709e-07
5,"effect",7.62851959775067e-05
6,"effect",9.00372033724334e-07
1,"enjoy",8.90819393494524e-07
2,"enjoy",8.80706538013056e-07
3,"enjoy",0.00032937608534303
4,"enjoy",8.63146410346709e-07
5,"enjoy",8.38298856895678e-07
6,"enjoy",0.00453877542200437
1,"ur",8.90819393494524e-07
2,"ur",8.80706538013056e-07
3,"ur",0.000125180668553551
4,"ur",8.63146410346709e-07
5,"ur",0.00119122267564876
6,"ur",9.00372033724334e-07
1,"adding",8.90819393494524e-07
2,"adding",8.80706538013056e-07
3,"adding",0.00119054806049866
4,"adding",8.63146410346709e-07
5,"adding",0.00251573486954393
6,"adding",9.00372033724334e-07
1,"dont",8.90819393494524e-07
2,"dont",9.68777191814362e-06
3,"dont",3.64000525581247e-05
4,"dont",8.63146410346709e-07
5,"dont",0.00621263282845388
6,"dont",9.00372033724334e-07
1,"middle",9.79901332843977e-06
2,"middle",1.84948372982742e-05
3,"middle",8.87806159954261e-07
4,"middle",0.00280608898003715
5,"middle",8.38298856895678e-07
6,"middle",9.00372033724334e-07
1,"restarts",8.90819393494524e-07
2,"restarts",6.25301641989269e-05
3,"restarts",8.87806159954261e-07
4,"restarts",0.000708643202894648
5,"restarts",8.38298856895678e-07
6,"restarts",9.00372033724334e-07
1,"glitchy",9.79901332843977e-06
2,"glitchy",8.80706538013056e-07
3,"glitchy",8.87806159954261e-07
4,"glitchy",0.00303913851083076
5,"glitchy",8.38298856895678e-07
6,"glitchy",9.00372033724334e-07
1,"randomly",1.8707207263385e-05
2,"randomly",8.80706538013056e-07
3,"randomly",8.87806159954261e-07
4,"randomly",0.0146225633376836
5,"randomly",8.38298856895678e-07
6,"randomly",9.90409237096768e-06
1,"drops",8.90819393494524e-07
2,"drops",0.000256285602561799
3,"drops",9.76586775949687e-06
4,"drops",0.000182123892583156
5,"drops",8.38298856895678e-07
6,"drops",9.00372033724334e-07
1,"bottom",8.90819393494524e-07
2,"bottom",8.80706538013056e-07
3,"bottom",8.87806159954261e-07
4,"bottom",0.00432522666224736
5,"bottom",8.38298856895678e-07
6,"bottom",9.00372033724334e-07
1,"closing",8.90819393494524e-07
2,"closing",8.80706538013056e-07
3,"closing",8.87806159954261e-07
4,"closing",0.00238314723896726
5,"closing",8.38298856895678e-07
6,"closing",9.00372033724334e-07
1,"hate",1.8707207263385e-05
2,"hate",8.80706538013056e-07
3,"hate",8.87806159954261e-07
4,"hate",8.63146410346709e-07
5,"hate",0.00652280340550528
6,"hate",4.59189737199411e-05
1,"half",8.90819393494524e-07
2,"half",0.00191201389402634
3,"half",8.87806159954261e-07
4,"half",0.00117474226448187
5,"half",2.5987264563766e-05
6,"half",9.00372033724334e-07
1,"mobile",0.00425900752029732
2,"mobile",1.84948372982742e-05
3,"mobile",0.00333903896758797
4,"mobile",8.63146410346709e-07
5,"mobile",8.38298856895678e-07
6,"mobile",9.00372033724334e-07
1,"f",8.90819393494524e-07
2,"f",0.000370777452503497
3,"f",8.87806159954261e-07
4,"f",2.6757538720748e-05
5,"f",8.38298856895678e-07
6,"f",9.00372033724334e-07
1,"number",8.90819393494524e-07
2,"number",0.00232594596689248
3,"number",8.87806159954261e-07
4,"number",8.63146410346709e-07
5,"number",6.790220740855e-05
6,"number",9.00372033724334e-07
1,"dollar",8.90819393494524e-07
2,"dollar",0.00228191063999183
3,"dollar",8.87806159954261e-07
4,"dollar",8.63146410346709e-07
5,"dollar",8.38298856895678e-07
6,"dollar",9.00372033724334e-07
1,"hell",8.90819393494524e-07
2,"hell",0.00123386985975629
3,"hell",8.87806159954261e-07
4,"hell",8.63146410346709e-07
5,"hell",0.00104032888140754
6,"hell",9.00372033724334e-07
1,"man",8.90819393494524e-07
2,"man",3.61089680585353e-05
3,"man",0.00049805925573434
4,"man",8.63146410346709e-07
5,"man",8.38298856895678e-07
6,"man",9.90409237096768e-06
1,"minus",8.90819393494524e-07
2,"minus",8.80706538013056e-07
3,"minus",0.000311619962143945
4,"minus",8.63146410346709e-07
5,"minus",8.38298856895678e-07
6,"minus",9.00372033724334e-07
1,"added",8.90819393494524e-07
2,"added",8.80706538013056e-07
3,"added",0.000142936791752636
4,"added",9.4946105138138e-06
5,"added",0.00348816154354292
6,"added",9.00372033724334e-07
1,"choose",8.90819393494524e-07
2,"choose",8.80706538013056e-07
3,"choose",8.87806159954261e-07
4,"choose",8.63146410346709e-07
5,"choose",0.0066150162797638
6,"choose",9.00372033724334e-07
1,"properly",0.00421446655062259
2,"properly",8.80706538013056e-07
3,"properly",9.76586775949687e-06
4,"properly",8.63146410346709e-07
5,"properly",1.76042759948093e-05
6,"properly",9.90409237096768e-06
1,"directly",8.90819393494524e-07
2,"directly",8.80706538013056e-07
3,"directly",0.000515815378933425
4,"directly",8.71777874450176e-05
5,"directly",8.38298856895678e-07
6,"directly",9.00372033724334e-07
1,"starts",8.90819393494524e-07
2,"starts",8.80706538013056e-07
3,"starts",8.87806159954261e-07
4,"starts",0.00499848086231779
5,"starts",8.38298856895678e-07
6,"starts",9.00372033724334e-07
1,"ten",8.90819393494524e-07
2,"ten",0.00516182101929452
3,"ten",8.87806159954261e-07
4,"ten",8.63146410346709e-07
5,"ten",3.43702531327228e-05
6,"ten",9.00372033724334e-07
1,"second",8.90819393494524e-07
2,"second",0.000952043767592113
3,"second",9.76586775949687e-06
4,"second",3.53890028242151e-05
5,"second",0.00124990359563146
6,"second",0.000162967338104105
1,"snippet",8.90819393494524e-07
2,"snippet",8.80706538013056e-07
3,"snippet",8.87806159954261e-07
4,"snippet",8.63146410346709e-07
5,"snippet",0.000151732093098118
6,"snippet",9.00372033724334e-07
1,"big",8.90819393494524e-07
2,"big",0.000124179621859841
3,"big",0.00245123280763371
4,"big",8.63146410346709e-07
5,"big",9.22128742585246e-06
6,"big",9.00372033724334e-07
1,"seems",8.90819393494524e-07
2,"seems",8.80706538013056e-07
3,"seems",0.000906450089313299
4,"seems",0.00407491420324681
5,"seems",4.27532417016796e-05
6,"seems",1.8907812708211e-05
1,"store",1.8707207263385e-05
2,"store",0.000670217675427935
3,"store",8.87806159954261e-07
4,"store",8.63146410346709e-07
5,"store",9.22128742585246e-06
6,"store",0.000171971058441348
1,"fine",0.00811625549412861
2,"fine",2.73019026784047e-05
3,"fine",8.87806159954261e-07
4,"fine",8.63146410346709e-07
5,"fine",8.38298856895678e-07
6,"fine",9.00372033724334e-07
1,"apple",3.65235951332755e-05
2,"apple",8.80706538013056e-07
3,"apple",8.87806159954261e-07
4,"apple",8.63146410346709e-07
5,"apple",8.38298856895678e-07
6,"apple",0.00248592718511289
1,"devices",8.90819393494524e-07
2,"devices",0.00102250029063316
3,"devices",2.75219909585821e-05
4,"devices",0.00404901981093641
5,"devices",8.38298856895678e-07
6,"devices",9.00372033724334e-07
1,"dude",9.79901332843977e-06
2,"dude",8.80706538013056e-07
3,"dude",2.75219909585821e-05
4,"dude",8.63146410346709e-07
5,"dude",1.76042759948093e-05
6,"dude",0.000207985939790321
1,"today",8.90819393494524e-07
2,"today",0.00280152749741953
3,"today",8.87806159954261e-07
4,"today",8.63146410346709e-07
5,"today",8.38298856895678e-07
6,"today",9.00372033724334e-07
1,"using",0.00116786422487132
2,"using",0.0167166907980258
3,"using",5.41561757572099e-05
4,"using",8.63146410346709e-07
5,"using",8.38298856895678e-07
6,"using",0.000280015702488268
1,"later",0.00228138846673948
2,"later",8.80706538013056e-07
3,"later",8.87806159954261e-07
4,"later",0.0004065419592733
5,"later",8.38298856895678e-07
6,"later",9.00372033724334e-07
1,"day",9.79901332843977e-06
2,"day",0.00864061184444609
3,"day",1.86439293590395e-05
4,"day",9.4946105138138e-06
5,"day",8.38298856895678e-07
6,"day",9.00372033724334e-07
1,"check",0.00191615251540672
2,"check",8.80706538013056e-07
3,"check",8.87806159954261e-07
4,"check",8.63146410346709e-07
5,"check",8.38298856895678e-07
6,"check",9.00372033724334e-07
1,"select",8.90819393494524e-07
2,"select",8.80706538013056e-07
3,"select",8.87806159954261e-07
4,"select",8.63146410346709e-07
5,"select",0.00334565073787066
6,"select",9.00372033724334e-07
1,"short",8.90819393494524e-07
2,"short",0.000150600818000232
3,"short",8.87806159954261e-07
4,"short",5.26519310311492e-05
5,"short",0.000906201064304229
6,"short",9.00372033724334e-07
1,"period",8.90819393494524e-07
2,"period",0.000414812779404149
3,"period",8.87806159954261e-07
4,"period",8.63146410346709e-07
5,"period",9.22128742585246e-06
6,"period",9.00372033724334e-07
1,"part",8.90819393494524e-07
2,"part",8.80706538013056e-07
3,"part",0.00219376902124698
4,"part",8.63146410346709e-07
5,"part",0.00106547784711441
6,"part",9.00372033724334e-07
1,"know",0.00208540820017068
2,"know",8.80706538013056e-07
3,"know",0.0111339770519864
4,"know",8.63146410346709e-07
5,"know",8.38298856895678e-07
6,"know",3.69152533826978e-05
1,"full",0.00145292643078957
2,"full",8.80706538013056e-07
3,"full",8.87806159954261e-07
4,"full",8.63146410346709e-07
5,"full",0.00178641486404469
6,"full",7.29301347316712e-05
1,"bots",1.8707207263385e-05
2,"bots",8.01442949591881e-05
3,"bots",1.86439293590395e-05
4,"bots",8.63146410346709e-07
5,"bots",9.22128742585246e-06
6,"bots",9.00372033724334e-07
1,"interest",9.79901332843977e-06
2,"interest",8.80706538013056e-07
3,"interest",0.000400400578139371
4,"interest",8.63146410346709e-07
5,"interest",8.38298856895678e-07
6,"interest",9.99412957434012e-05
1,"doesnt",0.0023259294364142
2,"doesnt",8.80706538013056e-07
3,"doesnt",8.87806159954261e-07
4,"doesnt",0.000251175605410892
5,"doesnt",8.38298856895678e-07
6,"doesnt",9.00372033724334e-07
1,"load",0.00585357423465252
2,"load",8.80706538013056e-07
3,"load",8.87806159954261e-07
4,"load",8.63146410346709e-07
5,"load",8.38298856895678e-07
6,"load",9.00372033724334e-07
1,"ultra",1.8707207263385e-05
2,"ultra",8.80706538013056e-07
3,"ultra",8.87806159954261e-07
4,"ultra",0.00124379397730961
5,"ultra",8.38298856895678e-07
6,"ultra",9.00372033724334e-07
1,"laggy",0.000419575934335921
2,"laggy",9.68777191814362e-06
3,"laggy",8.87806159954261e-07
4,"laggy",0.0004065419592733
5,"laggy",8.38298856895678e-07
6,"laggy",9.90409237096768e-06
1,"locks",1.8707207263385e-05
2,"locks",8.80706538013056e-07
3,"locks",9.76586775949687e-06
4,"locks",0.000294332925928228
5,"locks",8.38298856895678e-07
6,"locks",9.00372033724334e-07
1,"makes",8.90819393494524e-07
2,"makes",8.80706538013056e-07
3,"makes",0.0067215804370137
4,"makes",8.63146410346709e-07
5,"makes",8.38298856895678e-07
6,"makes",9.00372033724334e-07
1,"sense",8.90819393494524e-07
2,"sense",8.80706538013056e-07
3,"sense",0.00106625519810507
4,"sense",8.63146410346709e-07
5,"sense",8.38298856895678e-07
6,"sense",9.00372033724334e-07
1,"otherwise",6.32481769381112e-05
2,"otherwise",8.80706538013056e-07
3,"otherwise",8.87806159954261e-07
4,"otherwise",8.63146410346709e-07
5,"otherwise",8.38298856895678e-07
6,"otherwise",0.00309818016804544
1,"features",9.79901332843977e-06
2,"features",8.80706538013056e-07
3,"features",0.00577162784586265
4,"features",8.63146410346709e-07
5,"features",9.22128742585246e-06
6,"features",9.00372033724334e-07
1,"anything",0.00861511435448554
2,"anything",9.68777191814362e-06
3,"anything",8.87806159954261e-07
4,"anything",8.63146410346709e-07
5,"anything",8.38298856895678e-07
6,"anything",9.00372033724334e-07
1,"favorite",8.90819393494524e-07
2,"favorite",8.01442949591881e-05
3,"favorite",8.87806159954261e-07
4,"favorite",8.63146410346709e-07
5,"favorite",8.38298856895678e-07
6,"favorite",0.00662763854024483
1,"bc",8.90819393494524e-07
2,"bc",9.68777191814362e-06
3,"bc",0.000187327099750349
4,"bc",1.81260746172809e-05
5,"bc",0.000830754167183617
6,"bc",9.00372033724334e-07
1,"accounts",8.90819393494524e-07
2,"accounts",0.00089920137531133
3,"accounts",8.87806159954261e-07
4,"accounts",8.63146410346709e-07
5,"accounts",8.38298856895678e-07
6,"accounts",9.00372033724334e-07
1,"mechanism",8.90819393494524e-07
2,"mechanism",4.49160334386658e-05
3,"mechanism",9.76586775949687e-06
4,"mechanism",8.63146410346709e-07
5,"mechanism",8.38298856895678e-07
6,"mechanism",9.00372033724334e-07
1,"days",0.00162218211555353
2,"days",0.0052410846077157
3,"days",8.87806159954261e-07
4,"days",8.63146410346709e-07
5,"days",8.38298856895678e-07
6,"days",9.00372033724334e-07
1,"ago",0.000125605534482728
2,"ago",0.00434276393894238
3,"ago",8.87806159954261e-07
4,"ago",8.63146410346709e-07
5,"ago",8.38298856895678e-07
6,"ago",9.00372033724334e-07
1,"stay",0.00117677241880627
2,"stay",8.80706538013056e-07
3,"stay",8.87806159954261e-07
4,"stay",6.12833951346163e-05
5,"stay",8.38298856895678e-07
6,"stay",9.00372033724334e-07
1,"thing",1.8707207263385e-05
2,"thing",8.80706538013056e-07
3,"thing",0.0115068556391672
4,"thing",8.63146410346709e-07
5,"thing",8.38298856895678e-07
6,"thing",9.00372033724334e-07
1,"installing",0.000686821752384278
2,"installing",8.80706538013056e-07
3,"installing",8.87806159954261e-07
4,"installing",8.63146410346709e-07
5,"installing",8.38298856895678e-07
6,"installing",9.00372033724334e-07
1,"uninstalling",0.00245955234543838
2,"uninstalling",8.80706538013056e-07
3,"uninstalling",8.87806159954261e-07
4,"uninstalling",9.4946105138138e-06
5,"uninstalling",8.38298856895678e-07
6,"uninstalling",9.00372033724334e-07
1,"times",0.0108956120018315
2,"times",3.61089680585353e-05
3,"times",8.87806159954261e-07
4,"times",0.00403175688272948
5,"times",8.38298856895678e-07
6,"times",9.00372033724334e-07
1,"restarted",0.00137275268537506
2,"restarted",8.80706538013056e-07
3,"restarted",8.87806159954261e-07
4,"restarted",8.63146410346709e-07
5,"restarted",8.38298856895678e-07
6,"restarted",9.00372033724334e-07
1,"two",8.90819393494524e-07
2,"two",0.0150697695719414
3,"two",9.76586775949687e-06
4,"two",8.63146410346709e-07
5,"two",8.38298856895678e-07
6,"two",9.00372033724334e-07
1,"cleared",0.00111441506126165
2,"cleared",8.80706538013056e-07
3,"cleared",8.87806159954261e-07
4,"cleared",8.63146410346709e-07
5,"cleared",8.38298856895678e-07
6,"cleared",9.00372033724334e-07
1,"cache",0.00280697190890125
2,"cache",9.68777191814362e-06
3,"cache",8.87806159954261e-07
4,"cache",8.63146410346709e-07
5,"cache",9.22128742585246e-06
6,"cache",3.69152533826978e-05
1,"eight",1.8707207263385e-05
2,"eight",0.0010929568136742
3,"eight",8.87806159954261e-07
4,"eight",8.63146410346709e-07
5,"eight",8.38298856895678e-07
6,"eight",9.00372033724334e-07
1,"waited",0.000205779279897235
2,"waited",5.37230988187964e-05
3,"waited",8.87806159954261e-07
4,"waited",1.81260746172809e-05
5,"waited",8.38298856895678e-07
6,"waited",9.00372033724334e-07
1,"start",8.90819393494524e-07
2,"start",0.000150600818000232
3,"start",0.000142936791752636
4,"start",0.00824391136522142
5,"start",8.38298856895678e-07
6,"start",9.00372033724334e-07
1,"emailed",2.76154011983302e-05
2,"emailed",0.000132986687239971
3,"emailed",1.86439293590395e-05
4,"emailed",8.63146410346709e-07
5,"emailed",8.38298856895678e-07
6,"emailed",9.00372033724334e-07
1,"asked",8.90819393494524e-07
2,"asked",0.000687831806188196
3,"asked",8.87806159954261e-07
4,"asked",9.4946105138138e-06
5,"asked",8.38298856895678e-07
6,"asked",6.39264143944278e-05
1,"help",0.00608518727696109
2,"help",8.80706538013056e-07
3,"help",8.87806159954261e-07
4,"help",8.63146410346709e-07
5,"help",8.38298856895678e-07
6,"help",5.49226940571845e-05
1,"member",8.90819393494524e-07
2,"member",0.00131313344817747
3,"member",6.30342373567525e-05
4,"member",8.63146410346709e-07
5,"member",9.22128742585246e-06
6,"member",1.8907812708211e-05
1,"nothings",4.54317890682208e-05
2,"nothings",8.80706538013056e-07
3,"nothings",8.87806159954261e-07
4,"nothings",8.63146410346709e-07
5,"nothings",8.38298856895678e-07
6,"nothings",9.90409237096768e-06
1,"amount",8.90819393494524e-07
2,"amount",0.00124267692513642
3,"amount",0.000524693440532968
4,"amount",8.63146410346709e-07
5,"amount",5.95192188395932e-05
6,"amount",9.00372033724334e-07
1,"frustrating",0.00180925418818738
2,"frustrating",0.00121625572899603
3,"frustrating",8.87806159954261e-07
4,"frustrating",0.00347071171600411
5,"frustrating",8.38298856895678e-07
6,"frustrating",9.90409237096768e-06
1,"say",0.00213885736378035
2,"say",0.00287198402046058
3,"say",8.87806159954261e-07
4,"say",8.63146410346709e-07
5,"say",8.38298856895678e-07
6,"say",2.79115330454544e-05
1,"background",9.79901332843977e-06
2,"background",1.84948372982742e-05
3,"background",8.87806159954261e-07
4,"background",0.00371239271090119
5,"background",8.38298856895678e-07
6,"background",9.00372033724334e-07
1,"allow",8.99727587429469e-05
2,"allow",0.00105772855215368
3,"allow",0.00174986594126985
4,"allow",0.000622328561859977
5,"allow",8.38298856895678e-07
6,"allow",9.00372033724334e-07
1,"running",0.000455208710075702
2,"running",8.80706538013056e-07
3,"running",8.87806159954261e-07
4,"running",0.00135600301065468
5,"running",8.38298856895678e-07
6,"running",4.59189737199411e-05
1,"dissappears",8.90819393494524e-07
2,"dissappears",8.80706538013056e-07
3,"dissappears",8.87806159954261e-07
4,"dissappears",0.000242544141307425
5,"dissappears",8.38298856895678e-07
6,"dissappears",9.00372033724334e-07
1,"toolbar",8.90819393494524e-07
2,"toolbar",8.80706538013056e-07
3,"toolbar",8.87806159954261e-07
4,"toolbar",9.58092515484846e-05
5,"toolbar",8.38298856895678e-07
6,"toolbar",9.00372033724334e-07
1,"independently",8.90819393494524e-07
2,"independently",8.80706538013056e-07
3,"independently",8.87806159954261e-07
4,"independently",8.63146410346709e-07
5,"independently",8.38298856895678e-07
6,"independently",6.39264143944278e-05
1,"must",8.90819393494524e-07
2,"must",0.000159407883380363
3,"must",5.41561757572099e-05
4,"must",8.63146410346709e-07
5,"must",9.22128742585246e-06
6,"must",0.00136046214295747
1,"force",8.90819393494524e-07
2,"force",8.80706538013056e-07
3,"force",8.87806159954261e-07
4,"force",0.00557678895725009
5,"force",8.38298856895678e-07
6,"force",5.49226940571845e-05
1,"close",8.90819393494524e-07
2,"close",8.80706538013056e-07
3,"close",8.87806159954261e-07
4,"close",0.00883948238836064
5,"close",8.38298856895678e-07
6,"close",9.00372033724334e-07
1,"bad",8.90819393494524e-07
2,"bad",8.80706538013056e-07
3,"bad",0.00701455646979861
4,"bad",8.63146410346709e-07
5,"bad",0.0013002015270452
6,"bad",9.00372033724334e-07
1,"pressed",8.90819393494524e-07
2,"pressed",8.80706538013056e-07
3,"pressed",8.87806159954261e-07
4,"pressed",8.63146410346709e-07
5,"pressed",0.000411604738735778
6,"pressed",9.00372033724334e-07
1,"worked",0.00229920485460937
2,"worked",0.00142762529811916
3,"worked",8.87806159954261e-07
4,"worked",8.63146410346709e-07
5,"worked",8.38298856895678e-07
6,"worked",9.00372033724334e-07
1,"install",0.00189833612753683
2,"install",2.73019026784047e-05
3,"install",8.87806159954261e-07
4,"install",8.63146410346709e-07
5,"install",9.22128742585246e-06
6,"install",9.00372033724334e-07
1,"versions",8.90819393494524e-07
2,"versions",8.80706538013056e-07
3,"versions",0.000826547534917416
4,"versions",8.63146410346709e-07
5,"versions",8.38298856895678e-07
6,"versions",9.00372033724334e-07
1,"pioneer",8.90819393494524e-07
2,"pioneer",0.000476462237065063
3,"pioneer",8.87806159954261e-07
4,"pioneer",9.4946105138138e-06
5,"pioneer",8.38298856895678e-07
6,"pioneer",9.00372033724334e-07
1,"car",8.90819393494524e-07
2,"car",8.80706538013056e-07
3,"car",8.87806159954261e-07
4,"car",0.00789002133697927
5,"car",8.38298856895678e-07
6,"car",9.00372033724334e-07
1,"system",2.76154011983302e-05
2,"system",0.0014100111673589
3,"system",8.87806159954261e-07
4,"system",2.6757538720748e-05
5,"system",4.27532417016796e-05
6,"system",9.00372033724334e-07
1,"means",8.90819393494524e-07
2,"means",8.80706538013056e-07
3,"means",0.000160692914951721
4,"means",0.00107116469524026
5,"means",8.38298856895678e-07
6,"means",9.00372033724334e-07
1,"upgrade",9.79901332843977e-06
2,"upgrade",0.000775902459989502
3,"upgrade",8.87806159954261e-07
4,"upgrade",8.63146410346709e-07
5,"upgrade",4.27532417016796e-05
6,"upgrade",9.00372033724334e-07
1,"manually",8.90819393494524e-07
2,"manually",1.84948372982742e-05
3,"manually",5.41561757572099e-05
4,"manually",0.00113158494396453
5,"manually",8.38298856895678e-07
6,"manually",9.00372033724334e-07
1,"broken",8.90819393494524e-07
2,"broken",9.68777191814362e-06
3,"broken",8.87806159954261e-07
4,"broken",0.00322903072110704
5,"broken",9.22128742585246e-06
6,"broken",1.8907812708211e-05
1,"hated",8.90819393494524e-07
2,"hated",8.80706538013056e-07
3,"hated",0.000178449038150806
4,"hated",9.4946105138138e-06
5,"hated",8.38298856895678e-07
6,"hated",9.00372033724334e-07
1,"turned",0.00183597876999221
2,"turned",8.80706538013056e-07
3,"turned",8.87806159954261e-07
4,"turned",0.00046696220799757
5,"turned",8.38298856895678e-07
6,"turned",9.00372033724334e-07
1,"ends",9.79901332843977e-06
2,"ends",8.80706538013056e-07
3,"ends",8.87806159954261e-07
4,"ends",9.4946105138138e-06
5,"ends",0.000696626350080309
6,"ends",9.00372033724334e-07
1,"literally",8.90819393494524e-07
2,"literally",0.00166541606338269
3,"literally",8.87806159954261e-07
4,"literally",8.63146410346709e-07
5,"literally",0.00240675601814749
6,"literally",9.00372033724334e-07
1,"comes",8.90819393494524e-07
2,"comes",5.37230988187964e-05
3,"comes",8.87806159954261e-07
4,"comes",9.4946105138138e-06
5,"comes",0.00151815922983807
6,"comes",0.000865257524409086
1,"many",0.00215667375165024
2,"many",0.00178871497870452
3,"many",0.00568284722986722
4,"many",7.85463233415505e-05
5,"many",8.38298856895678e-07
6,"many",0.00516903584561141
1,"honestly",8.90819393494524e-07
2,"honestly",0.000124179621859841
3,"honestly",0.000959718458910555
4,"honestly",8.63146410346709e-07
5,"honestly",0.000654711407235525
6,"honestly",0.000198982219453078
1,"realize",8.90819393494524e-07
2,"realize",8.80706538013056e-07
3,"realize",0.000205083222949434
4,"realize",9.4946105138138e-06
5,"realize",8.38298856895678e-07
6,"realize",1.8907812708211e-05
1,"needed",0.000134513728417673
2,"needed",8.80706538013056e-07
3,"needed",0.00066674242612565
4,"needed",8.63146410346709e-07
5,"needed",8.38298856895678e-07
6,"needed",9.00372033724334e-07
1,"got",8.90819393494524e-07
2,"got",0.00884317434818909
3,"got",8.87806159954261e-07
4,"got",8.63146410346709e-07
5,"got",8.38298856895678e-07
6,"got",9.00372033724334e-07
1,"pleasing",8.90819393494524e-07
2,"pleasing",8.80706538013056e-07
3,"pleasing",8.07903605558377e-05
4,"pleasing",8.63146410346709e-07
5,"pleasing",8.38298856895678e-07
6,"pleasing",9.90409237096768e-06
1,"stuck",0.00262880803020234
2,"stuck",8.80706538013056e-07
3,"stuck",8.87806159954261e-07
4,"stuck",8.63146410346709e-07
5,"stuck",8.38298856895678e-07
6,"stuck",9.00372033724334e-07
1,"loading",0.00255754247872278
2,"loading",8.80706538013056e-07
3,"loading",8.87806159954261e-07
4,"loading",8.63146410346709e-07
5,"loading",8.38298856895678e-07
6,"loading",9.00372033724334e-07
1,"black",0.00101642492797725
2,"black",8.80706538013056e-07
3,"black",8.87806159954261e-07
4,"black",8.63146410346709e-07
5,"black",8.38298856895678e-07
6,"black",9.00372033724334e-07
1,"reinstalled",0.00328801438138829
2,"reinstalled",4.49160334386658e-05
3,"reinstalled",8.87806159954261e-07
4,"reinstalled",2.6757538720748e-05
5,"reinstalled",8.38298856895678e-07
6,"reinstalled",9.00372033724334e-07
1,"luck",0.000348310382856359
2,"luck",3.61089680585353e-05
3,"luck",8.87806159954261e-07
4,"luck",8.63146410346709e-07
5,"luck",8.38298856895678e-07
6,"luck",9.00372033724334e-07
1,"note",0.000187962892027345
2,"note",8.80706538013056e-07
3,"note",8.87806159954261e-07
4,"note",0.000630960025963444
5,"note",8.38298856895678e-07
6,"note",9.00372033724334e-07
1,"twenty",6.32481769381112e-05
2,"twenty",0.00133074757893773
3,"twenty",3.64000525581247e-05
4,"twenty",0.000130335107962353
5,"twenty",8.38298856895678e-07
6,"twenty",9.00372033724334e-07
1,"save",8.90819393494524e-07
2,"save",8.80706538013056e-07
3,"save",0.00159006083247808
4,"save",8.63146410346709e-07
5,"save",9.22128742585246e-06
6,"save",9.00372033724334e-07
1,"queue",8.90819393494524e-07
2,"queue",8.80706538013056e-07
3,"queue",0.00529221251948735
4,"queue",8.63146410346709e-07
5,"queue",8.38298856895678e-07
6,"queue",9.00372033724334e-07
1,"scroll",8.90819393494524e-07
2,"scroll",9.68777191814362e-06
3,"scroll",0.00244235474603417
4,"scroll",8.63146410346709e-07
5,"scroll",8.38298856895678e-07
6,"scroll",9.00372033724334e-07
1,"titles",8.90819393494524e-07
2,"titles",8.80706538013056e-07
3,"titles",8.87806159954261e-07
4,"titles",0.000225281213100491
5,"titles",8.38298856895678e-07
6,"titles",6.39264143944278e-05
1,"rearrange",8.90819393494524e-07
2,"rearrange",8.80706538013056e-07
3,"rearrange",0.000347132208542116
4,"rearrange",8.63146410346709e-07
5,"rearrange",8.38298856895678e-07
6,"rearrange",9.00372033724334e-07
1,"sequence",8.90819393494524e-07
2,"sequence",8.80706538013056e-07
3,"sequence",0.000160692914951721
4,"sequence",8.63146410346709e-07
5,"sequence",9.22128742585246e-06
6,"sequence",9.00372033724334e-07
1,"prompt",8.90819393494524e-07
2,"prompt",0.000124179621859841
3,"prompt",8.87806159954261e-07
4,"prompt",8.63146410346709e-07
5,"prompt",8.38298856895678e-07
6,"prompt",9.00372033724334e-07
1,"end",8.90819393494524e-07
2,"end",0.00223787531309118
3,"end",0.00029386383894486
4,"end",8.63146410346709e-07
5,"end",8.38298856895678e-07
6,"end",9.00372033724334e-07
1,"level",8.90819393494524e-07
2,"level",9.68777191814362e-06
3,"level",8.87806159954261e-07
4,"level",8.63146410346709e-07
5,"level",2.5987264563766e-05
6,"level",0.000262008261813782
1,"mb",0.000107789146612837
2,"mb",8.80706538013056e-07
3,"mb",8.87806159954261e-07
4,"mb",8.63146410346709e-07
5,"mb",8.38298856895678e-07
6,"mb",9.00372033724334e-07
1,"resso",8.90819393494524e-07
2,"resso",8.80706538013056e-07
3,"resso",1.86439293590395e-05
4,"resso",8.63146410346709e-07
5,"resso",2.5987264563766e-05
6,"resso",0.000198982219453078
1,"prefer",8.90819393494524e-07
2,"prefer",7.13372295790575e-05
3,"prefer",8.87806159954261e-07
4,"prefer",8.63146410346709e-07
5,"prefer",8.38298856895678e-07
6,"prefer",0.000847250083734599
1,"umm",8.90819393494524e-07
2,"umm",8.80706538013056e-07
3,"umm",8.87806159954261e-07
4,"umm",6.99148592380834e-05
5,"umm",8.38298856895678e-07
6,"umm",9.90409237096768e-06
1,"lately",8.90819393494524e-07
2,"lately",8.80706538013056e-07
3,"lately",8.87806159954261e-07
4,"lately",0.00536100235466341
5,"lately",8.38298856895678e-07
6,"lately",5.49226940571845e-05
1,"pausing",8.90819393494524e-07
2,"pausing",8.80706538013056e-07
3,"pausing",8.87806159954261e-07
4,"pausing",0.00329808243393477
5,"pausing",8.38298856895678e-07
6,"pausing",1.8907812708211e-05
1,"wanted",5.43399830031659e-05
2,"wanted",9.68777191814362e-06
3,"wanted",8.87806159954261e-07
4,"wanted",8.63146410346709e-07
5,"wanted",0.00396599189197346
6,"wanted",9.00372033724334e-07
1,"suddenly",0.00443717139899622
2,"suddenly",9.68777191814362e-06
3,"suddenly",8.87806159954261e-07
4,"suddenly",2.6757538720748e-05
5,"suddenly",8.38298856895678e-07
6,"suddenly",9.00372033724334e-07
1,"played",8.90819393494524e-07
2,"played",8.80706538013056e-07
3,"played",8.87806159954261e-07
4,"played",8.63146410346709e-07
5,"played",0.00648927145122945
6,"played",9.00372033724334e-07
1,"okay",8.90819393494524e-07
2,"okay",8.80706538013056e-07
3,"okay",0.00179425624926756
4,"okay",8.63146410346709e-07
5,"okay",8.38298856895678e-07
6,"okay",9.00372033724334e-07
1,"absolutely",8.90819393494524e-07
2,"absolutely",0.0010048861598729
3,"absolutely",5.41561757572099e-05
4,"absolutely",8.63146410346709e-07
5,"absolutely",9.22128742585246e-06
6,"absolutely",0.00318821737141787
1,"obsessed",8.90819393494524e-07
2,"obsessed",8.01442949591881e-05
3,"obsessed",8.87806159954261e-07
4,"obsessed",8.63146410346709e-07
5,"obsessed",8.38298856895678e-07
6,"obsessed",9.90409237096768e-06
1,"rated",8.90819393494524e-07
2,"rated",8.80706538013056e-07
3,"rated",0.000489181194134797
4,"rated",8.63146410346709e-07
5,"rated",9.22128742585246e-06
6,"rated",9.00372033724334e-07
1,"ok",0.000704638140254168
2,"ok",8.80706538013056e-07
3,"ok",0.00208723228205247
4,"ok",8.63146410346709e-07
5,"ok",8.38298856895678e-07
6,"ok",9.00372033724334e-07
1,"basically",0.000775903691733731
2,"basically",0.000221057341041277
3,"basically",8.87806159954261e-07
4,"basically",8.63146410346709e-07
5,"basically",0.000361306807322038
6,"basically",1.8907812708211e-05
1,"idea",8.90819393494524e-07
2,"idea",8.80706538013056e-07
3,"idea",0.00170547563327213
4,"idea",8.63146410346709e-07
5,"idea",5.11362302706364e-05
6,"idea",0.000144959897429618
1,"whats",0.00019687108596229
2,"whats",8.80706538013056e-07
3,"whats",0.000418156701338456
4,"whats",0.00046696220799757
5,"whats",8.38298856895678e-07
6,"whats",9.00372033724334e-07
1,"might",8.90819393494524e-07
2,"might",0.000309127994842583
3,"might",0.00241572056123554
4,"might",8.63146410346709e-07
5,"might",9.22128742585246e-06
6,"might",9.00372033724334e-07
1,"idk",0.00215667375165024
2,"idk",1.84948372982742e-05
3,"idk",1.86439293590395e-05
4,"idk",8.63146410346709e-07
5,"idk",8.38298856895678e-07
6,"idk",9.90409237096768e-06
1,"another",8.90819393494524e-07
2,"another",0.00379672588537428
3,"another",8.87806159954261e-07
4,"another",8.63146410346709e-07
5,"another",0.00565935558290273
6,"another",9.00372033724334e-07
1,"kicks",8.90819393494524e-07
2,"kicks",8.80706538013056e-07
3,"kicks",8.87806159954261e-07
4,"kicks",8.63146410346709e-07
5,"kicks",8.38298856895678e-07
6,"kicks",0.000280015702488268
1,"thats",9.79901332843977e-06
2,"thats",0.000177022014140624
3,"thats",3.64000525581247e-05
4,"thats",8.63146410346709e-07
5,"thats",0.00098164796142484
6,"thats",9.00372033724334e-07
1,"along",8.90819393494524e-07
2,"along",8.80706538013056e-07
3,"along",8.87806159954261e-07
4,"along",9.4946105138138e-06
5,"along",8.38298856895678e-07
6,"along",0.00104533193115395
1,"mu",8.90819393494524e-07
2,"mu",8.80706538013056e-07
3,"mu",8.87806159954261e-07
4,"mu",8.63146410346709e-07
5,"mu",8.38298856895678e-07
6,"mu",0.00120739889722433
1,"stopped",0.00398285350831402
2,"stopped",8.80706538013056e-07
3,"stopped",8.87806159954261e-07
4,"stopped",9.4946105138138e-06
5,"stopped",8.38298856895678e-07
6,"stopped",9.00372033724334e-07
1,"streaming",8.90819393494524e-07
2,"streaming",1.84948372982742e-05
3,"streaming",8.87806159954261e-07
4,"streaming",8.63146410346709e-07
5,"streaming",8.38298856895678e-07
6,"streaming",0.0052500693286466
1,"trouble",0.00155091656407397
2,"trouble",3.61089680585353e-05
3,"trouble",8.87806159954261e-07
4,"trouble",8.63146410346709e-07
5,"trouble",8.38298856895678e-07
6,"trouble",9.00372033724334e-07
1,"new",8.90819393494524e-07
2,"new",8.80706538013056e-07
3,"new",0.0223114566058105
4,"new",0.000173492428479689
5,"new",8.38298856895678e-07
6,"new",0.0019276965242038
1,"skipping",8.90819393494524e-07
2,"skipping",8.89513603393186e-05
3,"skipping",8.87806159954261e-07
4,"skipping",0.00143368618758588
5,"skipping",0.000621179452959698
6,"skipping",9.09375754061579e-05
1,"crashes",8.90819393494524e-07
2,"crashes",8.80706538013056e-07
3,"crashes",8.87806159954261e-07
4,"crashes",0.00840790918318729
5,"crashes",8.38298856895678e-07
6,"crashes",9.00372033724334e-07
1,"singers",8.90819393494524e-07
2,"singers",8.80706538013056e-07
3,"singers",8.87806159954261e-07
4,"singers",9.4946105138138e-06
5,"singers",8.38298856895678e-07
6,"singers",0.000234997100802052
1,"completely",7.21563708730564e-05
2,"completely",8.80706538013056e-07
3,"completely",8.87806159954261e-07
4,"completely",0.0052833191777322
5,"completely",0.00027747692163247
6,"completely",9.00372033724334e-07
1,"fantasy",9.79901332843977e-06
2,"fantasy",1.84948372982742e-05
3,"fantasy",8.87806159954261e-07
4,"fantasy",8.63146410346709e-07
5,"fantasy",8.38298856895678e-07
6,"fantasy",2.79115330454544e-05
1,"recommendations",8.90819393494524e-07
2,"recommendations",8.80706538013056e-07
3,"recommendations",3.64000525581247e-05
4,"recommendations",9.4946105138138e-06
5,"recommendations",4.27532417016796e-05
6,"recommendations",0.00272002391388122
1,"popular",8.90819393494524e-07
2,"popular",8.01442949591881e-05
3,"popular",8.87806159954261e-07
4,"popular",8.63146410346709e-07
5,"popular",8.38298856895678e-07
6,"popular",0.000784224041373895
1,"matter",0.00273570635742168
2,"matter",8.80706538013056e-07
3,"matter",8.87806159954261e-07
4,"matter",2.6757538720748e-05
5,"matter",8.38298856895678e-07
6,"matter",5.49226940571845e-05
1,"effort",9.79901332843977e-06
2,"effort",0.000194636144900885
3,"effort",0.000213961284548977
4,"effort",1.81260746172809e-05
5,"effort",1.76042759948093e-05
6,"effort",9.90409237096768e-06
1,"exclusively",8.90819393494524e-07
2,"exclusively",8.80706538013056e-07
3,"exclusively",8.87806159954261e-07
4,"exclusively",0.000190755356686622
5,"exclusively",8.38298856895678e-07
6,"exclusively",9.00372033724334e-07
1,"s",8.90819393494524e-07
2,"s",8.80706538013056e-07
3,"s",9.76586775949687e-06
4,"s",8.63146410346709e-07
5,"s",8.38298856895678e-07
6,"s",0.00136946586329471
1,"death",8.90819393494524e-07
2,"death",8.80706538013056e-07
3,"death",0.000178449038150806
4,"death",8.63146410346709e-07
5,"death",8.38298856895678e-07
6,"death",9.00372033724334e-07
1,"metal",8.90819393494524e-07
2,"metal",8.80706538013056e-07
3,"metal",8.87806159954261e-07
4,"metal",8.63146410346709e-07
5,"metal",9.22128742585246e-06
6,"metal",0.000424075227884162
1,"dumb",2.76154011983302e-05
2,"dumb",8.80706538013056e-07
3,"dumb",3.64000525581247e-05
4,"dumb",8.63146410346709e-07
5,"dumb",0.00100679692713171
6,"dumb",1.8907812708211e-05
1,"trip",0.000259228443506906
2,"trip",9.68777191814362e-06
3,"trip",8.87806159954261e-07
4,"trip",8.63146410346709e-07
5,"trip",8.38298856895678e-07
6,"trip",9.00372033724334e-07
1,"suggest",8.90819393494524e-07
2,"suggest",1.84948372982742e-05
3,"suggest",8.87806159954261e-07
4,"suggest",8.63146410346709e-07
5,"suggest",8.38298856895678e-07
6,"suggest",0.00115337657520087
1,"sun",8.90819393494524e-07
2,"sun",0.00011537255647971
3,"sun",8.87806159954261e-07
4,"sun",8.63146410346709e-07
5,"sun",8.38298856895678e-07
6,"sun",9.00372033724334e-07
1,"exists",0.000161238310222509
2,"exists",0.000168214948760494
3,"exists",8.87806159954261e-07
4,"exists",3.53890028242151e-05
5,"exists",8.38298856895678e-07
6,"exists",9.00372033724334e-07
1,"almost",8.90819393494524e-07
2,"almost",0.0025901579282964
3,"almost",2.75219909585821e-05
4,"almost",0.000259807069514359
5,"almost",8.38298856895678e-07
6,"almost",0.00193670024454104
1,"impossible",8.90819393494524e-07
2,"impossible",8.80706538013056e-07
3,"impossible",0.00127045061489455
4,"impossible",0.000665485882377313
5,"impossible",8.38298856895678e-07
6,"impossible",9.00372033724334e-07
1,"restarting",0.00108769047945681
2,"restarting",8.80706538013056e-07
3,"restarting",8.87806159954261e-07
4,"restarting",0.0010625332311368
5,"restarting",8.38298856895678e-07
6,"restarting",9.00372033724334e-07
1,"pricey",8.90819393494524e-07
2,"pricey",8.80706538013056e-07
3,"pricey",8.87806159954261e-07
4,"pricey",8.63146410346709e-07
5,"pricey",8.38298856895678e-07
6,"pricey",5.49226940571845e-05
1,"monthly",8.90819393494524e-07
2,"monthly",0.00142762529811916
3,"monthly",8.87806159954261e-07
4,"monthly",9.4946105138138e-06
5,"monthly",3.43702531327228e-05
6,"monthly",9.00372033724334e-07
1,"fee",8.90819393494524e-07
2,"fee",0.000177022014140624
3,"fee",8.87806159954261e-07
4,"fee",8.63146410346709e-07
5,"fee",1.76042759948093e-05
6,"fee",9.00372033724334e-07
1,"expected",0.000366126770726249
2,"expected",8.80706538013056e-07
3,"expected",8.87806159954261e-07
4,"expected",2.6757538720748e-05
5,"expected",8.38298856895678e-07
6,"expected",9.00372033724334e-07
1,"unfortunately",8.90819393494524e-07
2,"unfortunately",0.000952043767592113
3,"unfortunately",8.87806159954261e-07
4,"unfortunately",8.63146410346709e-07
5,"unfortunately",8.38298856895678e-07
6,"unfortunately",9.00372033724334e-07
1,"longer",4.54317890682208e-05
2,"longer",0.00027389973332206
3,"longer",8.87806159954261e-07
4,"longer",0.00539552821107728
5,"longer",5.11362302706364e-05
6,"longer",9.00372033724334e-07
1,"visible",8.90819393494524e-07
2,"visible",8.80706538013056e-07
3,"visible",4.52781141576672e-05
4,"visible",0.000656854418273845
5,"visible",8.38298856895678e-07
6,"visible",9.00372033724334e-07
1,"information",8.90819393494524e-07
2,"information",0.00104011442139342
3,"information",8.87806159954261e-07
4,"information",8.63146410346709e-07
5,"information",8.38298856895678e-07
6,"information",0.000108945016080645
1,"forward",8.90819393494524e-07
2,"forward",8.80706538013056e-07
3,"forward",8.87806159954261e-07
4,"forward",0.00259893384155394
5,"forward",8.38298856895678e-07
6,"forward",2.79115330454544e-05
1,"often",8.90819393494524e-07
2,"often",8.80706538013056e-07
3,"often",8.87806159954261e-07
4,"often",0.00508479550335246
5,"often",8.38298856895678e-07
6,"often",9.00372033724334e-07
1,"uninstall",0.00506965316837734
2,"uninstall",8.80706538013056e-07
3,"uninstall",8.87806159954261e-07
4,"uninstall",1.81260746172809e-05
5,"uninstall",8.38298856895678e-07
6,"uninstall",9.00372033724334e-07
1,"reinstall",0.00448171236867095
2,"reinstall",8.80706538013056e-07
3,"reinstall",8.87806159954261e-07
4,"reinstall",8.63146410346709e-07
5,"reinstall",8.38298856895678e-07
6,"reinstall",9.00372033724334e-07
1,"landscape",8.90819393494524e-07
2,"landscape",8.80706538013056e-07
3,"landscape",0.000249473530947147
4,"landscape",8.63146410346709e-07
5,"landscape",9.22128742585246e-06
6,"landscape",9.00372033724334e-07
1,"mode",0.00699382305832551
2,"mode",8.80706538013056e-07
3,"mode",8.87806159954261e-07
4,"mode",8.63146410346709e-07
5,"mode",8.38298856895678e-07
6,"mode",9.09375754061579e-05
1,"waiting",0.000980792152237471
2,"waiting",8.80706538013056e-07
3,"waiting",2.75219909585821e-05
4,"waiting",8.63146410346709e-07
5,"waiting",8.38298856895678e-07
6,"waiting",9.00372033724334e-07
1,"basic",8.90819393494524e-07
2,"basic",8.80706538013056e-07
3,"basic",0.00155454858607991
4,"basic",8.63146410346709e-07
5,"basic",8.38298856895678e-07
6,"basic",9.00372033724334e-07
1,"freezing",8.90819393494524e-07
2,"freezing",8.80706538013056e-07
3,"freezing",8.87806159954261e-07
4,"freezing",0.00126105690551654
5,"freezing",8.38298856895678e-07
6,"freezing",9.00372033724334e-07
1,"recent",8.90819393494524e-07
2,"recent",8.80706538013056e-07
3,"recent",8.87806159954261e-07
4,"recent",0.00642267243938986
5,"recent",8.38298856895678e-07
6,"recent",9.00372033724334e-07
1,"updates",8.90819393494524e-07
2,"updates",9.68777191814362e-06
3,"updates",8.87806159954261e-07
4,"updates",0.00576668116752636
5,"updates",9.22128742585246e-06
6,"updates",9.00372033724334e-07
1,"numerous",0.000508657873685373
2,"numerous",8.80706538013056e-07
3,"numerous",8.87806159954261e-07
4,"numerous",8.63146410346709e-07
5,"numerous",8.38298856895678e-07
6,"numerous",9.00372033724334e-07
1,"options",8.90819393494524e-07
2,"options",0.000150600818000232
3,"options",8.87806159954261e-07
4,"options",8.63146410346709e-07
5,"options",8.38298856895678e-07
6,"options",0.00313419504939441
1,"specially",8.90819393494524e-07
2,"specially",8.80706538013056e-07
3,"specially",8.87806159954261e-07
4,"specially",8.63146410346709e-07
5,"specially",8.38298856895678e-07
6,"specially",0.000307026863499998
1,"creates",0.000161238310222509
2,"creates",8.80706538013056e-07
3,"creates",8.87806159954261e-07
4,"creates",8.63146410346709e-07
5,"creates",8.38298856895678e-07
6,"creates",0.000216989660127565
1,"favourite",8.90819393494524e-07
2,"favourite",8.80706538013056e-07
3,"favourite",8.87806159954261e-07
4,"favourite",8.63146410346709e-07
5,"favourite",8.38298856895678e-07
6,"favourite",0.00197271512589002
1,"appreciated",8.90819393494524e-07
2,"appreciated",9.68777191814362e-06
3,"appreciated",8.87806159954261e-07
4,"appreciated",4.40204669276821e-05
5,"appreciated",9.22128742585246e-06
6,"appreciated",0.000271011982151025
1,"mix",8.90819393494524e-07
2,"mix",8.80706538013056e-07
3,"mix",2.75219909585821e-05
4,"mix",8.63146410346709e-07
5,"mix",8.38298856895678e-07
6,"mix",0.00128843238025952
1,"genre",2.76154011983302e-05
2,"genre",8.80706538013056e-07
3,"genre",1.86439293590395e-05
4,"genre",8.63146410346709e-07
5,"genre",8.38298856895678e-07
6,"genre",0.00205374860892521
1,"mood",8.90819393494524e-07
2,"mood",8.80706538013056e-07
3,"mood",8.87806159954261e-07
4,"mood",8.63146410346709e-07
5,"mood",3.43702531327228e-05
6,"mood",0.00167559235476099
1,"wish",8.90819393494524e-07
2,"wish",9.68777191814362e-06
3,"wish",0.00559406661387179
4,"wish",8.63146410346709e-07
5,"wish",8.38298856895678e-07
6,"wish",9.00372033724334e-07
1,"advantages",8.90819393494524e-07
2,"advantages",8.80706538013056e-07
3,"advantages",8.87806159954261e-07
4,"advantages",8.63146410346709e-07
5,"advantages",8.38298856895678e-07
6,"advantages",4.59189737199411e-05
1,"moto",8.99727587429469e-05
2,"moto",8.80706538013056e-07
3,"moto",8.87806159954261e-07
4,"moto",8.63146410346709e-07
5,"moto",1.76042759948093e-05
6,"moto",9.00372033724334e-07
1,"5g",0.000508657873685373
2,"5g",8.80706538013056e-07
3,"5g",8.87806159954261e-07
4,"5g",8.63146410346709e-07
5,"5g",8.38298856895678e-07
6,"5g",9.00372033724334e-07
1,"opens",0.000731362722059004
2,"opens",8.80706538013056e-07
3,"opens",8.87806159954261e-07
4,"opens",8.63146410346709e-07
5,"opens",8.38298856895678e-07
6,"opens",9.00372033724334e-07
1,"opening",0.00235265401821904
2,"opening",5.37230988187964e-05
3,"opening",8.87806159954261e-07
4,"opening",8.63146410346709e-07
5,"opening",8.38298856895678e-07
6,"opening",9.00372033724334e-07
1,"state",8.90819393494524e-07
2,"state",8.80706538013056e-07
3,"state",8.87806159954261e-07
4,"state",0.000372016102859431
5,"state",8.38298856895678e-07
6,"state",9.00372033724334e-07
1,"tv",8.90819393494524e-07
2,"tv",8.80706538013056e-07
3,"tv",8.87806159954261e-07
4,"tv",0.000130335107962353
5,"tv",8.38298856895678e-07
6,"tv",0.00135145842262023
1,"picture",8.90819393494524e-07
2,"picture",8.80706538013056e-07
3,"picture",0.000276107715745775
4,"picture",8.63146410346709e-07
5,"picture",8.38298856895678e-07
6,"picture",9.00372033724334e-07
1,"artist's",9.79901332843977e-06
2,"artist's",8.80706538013056e-07
3,"artist's",8.87806159954261e-07
4,"artist's",3.53890028242151e-05
5,"artist's",8.38298856895678e-07
6,"artist's",0.000207985939790321
1,"profile",8.90819393494524e-07
2,"profile",8.80706538013056e-07
3,"profile",0.000862059781315587
4,"profile",8.63146410346709e-07
5,"profile",8.38298856895678e-07
6,"profile",9.00372033724334e-07
1,"solid",8.90819393494524e-07
2,"solid",8.80706538013056e-07
3,"solid",8.87806159954261e-07
4,"solid",8.63146410346709e-07
5,"solid",8.38298856895678e-07
6,"solid",0.000640164515978002
1,"color",8.90819393494524e-07
2,"color",8.80706538013056e-07
3,"color",0.000222839346148519
4,"color",8.63146410346709e-07
5,"color",8.38298856895678e-07
6,"color",9.00372033724334e-07
1,"cover",8.90819393494524e-07
2,"cover",8.80706538013056e-07
3,"cover",0.000657864364526107
4,"cover",8.63146410346709e-07
5,"cover",8.38298856895678e-07
6,"cover",1.8907812708211e-05
1,"corner",5.43399830031659e-05
2,"corner",1.84948372982742e-05
3,"corner",0.000107424545354466
4,"corner",2.6757538720748e-05
5,"corner",8.38298856895678e-07
6,"corner",9.00372033724334e-07
1,"either",9.79901332843977e-06
2,"either",0.000846358983030546
3,"either",0.00104849907490598
4,"either",0.00196883696200084
5,"either",8.38298856895678e-07
6,"either",2.79115330454544e-05
1,"mac",5.43399830031659e-05
2,"mac",8.80706538013056e-07
3,"mac",8.87806159954261e-07
4,"mac",9.4946105138138e-06
5,"mac",8.38298856895678e-07
6,"mac",9.90409237096768e-06
1,"seeing",8.90819393494524e-07
2,"seeing",0.000159407883380363
3,"seeing",0.00066674242612565
4,"seeing",8.63146410346709e-07
5,"seeing",8.38298856895678e-07
6,"seeing",9.00372033724334e-07
1,"nowhere",8.90819393494524e-07
2,"nowhere",1.84948372982742e-05
3,"nowhere",8.87806159954261e-07
4,"nowhere",0.00082085223623972
5,"nowhere",8.38298856895678e-07
6,"nowhere",4.59189737199411e-05
1,"take",8.90819393494524e-07
2,"take",0.00231713890151235
3,"take",0.00119054806049866
4,"take",8.63146410346709e-07
5,"take",9.22128742585246e-06
6,"take",2.79115330454544e-05
1,"ruins",8.90819393494524e-07
2,"ruins",8.80706538013056e-07
3,"ruins",8.87806159954261e-07
4,"ruins",8.63146410346709e-07
5,"ruins",0.000394838761597865
6,"ruins",0.000144959897429618
1,"aesthetic",8.90819393494524e-07
2,"aesthetic",4.49160334386658e-05
3,"aesthetic",9.76586775949687e-06
4,"aesthetic",8.63146410346709e-07
5,"aesthetic",8.38298856895678e-07
6,"aesthetic",9.00372033724334e-07
1,"ended",1.8707207263385e-05
2,"ended",0.000502883433205455
3,"ended",8.87806159954261e-07
4,"ended",8.63146410346709e-07
5,"ended",8.38298856895678e-07
6,"ended",1.8907812708211e-05
1,"subscription",8.90819393494524e-07
2,"subscription",0.00805934552935747
3,"subscription",8.87806159954261e-07
4,"subscription",9.4946105138138e-06
5,"subscription",8.38298856895678e-07
6,"subscription",9.00372033724334e-07
1,"severely",8.90819393494524e-07
2,"severely",9.68777191814362e-06
3,"severely",6.30342373567525e-05
4,"severely",8.63146410346709e-07
5,"severely",8.38298856895678e-07
6,"severely",9.00372033724334e-07
1,"unimpressed",8.90819393494524e-07
2,"unimpressed",4.49160334386658e-05
3,"unimpressed",8.87806159954261e-07
4,"unimpressed",8.63146410346709e-07
5,"unimpressed",8.38298856895678e-07
6,"unimpressed",9.00372033724334e-07
1,"older",8.90819393494524e-07
2,"older",0.000177022014140624
3,"older",0.000657864364526107
4,"older",8.63146410346709e-07
5,"older",8.38298856895678e-07
6,"older",9.90409237096768e-06
1,"none",0.000909526600757909
2,"none",0.000309127994842583
3,"none",8.87806159954261e-07
4,"none",8.63146410346709e-07
5,"none",8.38298856895678e-07
6,"none",9.00372033724334e-07
1,"friends",8.90819393494524e-07
2,"friends",8.80706538013056e-07
3,"friends",8.87806159954261e-07
4,"friends",8.63146410346709e-07
5,"friends",8.38298856895678e-07
6,"friends",0.00235987510039148
1,"make",8.90819393494524e-07
2,"make",8.01442949591881e-05
3,"make",0.0156173981597554
4,"make",8.63146410346709e-07
5,"make",1.76042759948093e-05
6,"make",9.00372033724334e-07
1,"fifty",8.90819393494524e-07
2,"fifty",0.000494076367825324
3,"fifty",9.76586775949687e-06
4,"fifty",0.00034612171054903
5,"fifty",8.38298856895678e-07
6,"fifty",9.00372033724334e-07
1,"searching",8.90819393494524e-07
2,"searching",8.80706538013056e-07
3,"searching",9.76586775949687e-06
4,"searching",1.81260746172809e-05
5,"searching",8.38298856895678e-07
6,"searching",0.00154954027003958
1,"peace",8.90819393494524e-07
2,"peace",0.000124179621859841
3,"peace",8.87806159954261e-07
4,"peace",8.63146410346709e-07
5,"peace",0.000134966115960204
6,"peace",9.00372033724334e-07
1,"needs",8.90819393494524e-07
2,"needs",0.000168214948760494
3,"needs",0.000657864364526107
4,"needs",0.00440290983917856
5,"needs",9.30511731154204e-05
6,"needs",9.00372033724334e-07
1,"improvements",8.90819393494524e-07
2,"improvements",9.68777191814362e-06
3,"improvements",0.000542449563732053
4,"improvements",8.63146410346709e-07
5,"improvements",8.38298856895678e-07
6,"improvements",2.79115330454544e-05
1,"matches",2.76154011983302e-05
2,"matches",8.80706538013056e-07
3,"matches",8.87806159954261e-07
4,"matches",8.63146410346709e-07
5,"matches",9.22128742585246e-06
6,"matches",3.69152533826978e-05
1,"foe",8.90819393494524e-07
2,"foe",8.80706538013056e-07
3,"foe",8.87806159954261e-07
4,"foe",9.4946105138138e-06
5,"foe",8.38298856895678e-07
6,"foe",3.69152533826978e-05
1,"r",9.79901332843977e-06
2,"r",9.68777191814362e-06
3,"r",8.87806159954261e-07
4,"r",8.63146410346709e-07
5,"r",8.38298856895678e-07
6,"r",0.000514112431256595
1,"spot",8.90819393494524e-07
2,"spot",8.80706538013056e-07
3,"spot",8.87806159954261e-07
4,"spot",8.63146410346709e-07
5,"spot",8.38298856895678e-07
6,"spot",0.000784224041373895
1,"hear",8.90819393494524e-07
2,"hear",8.80706538013056e-07
3,"hear",8.87806159954261e-07
4,"hear",8.63146410346709e-07
5,"hear",0.00754552801091801
6,"hear",9.00372033724334e-07
1,"variety",8.90819393494524e-07
2,"variety",8.80706538013056e-07
3,"variety",8.87806159954261e-07
4,"variety",8.63146410346709e-07
5,"variety",2.5987264563766e-05
6,"variety",0.00251293834612462
1,"slowly",8.90819393494524e-07
2,"slowly",0.000326742125602843
3,"slowly",8.87806159954261e-07
4,"slowly",8.63146410346709e-07
5,"slowly",8.38298856895678e-07
6,"slowly",9.00372033724334e-07
1,"worse",8.90819393494524e-07
2,"worse",0.00540841884993817
3,"worse",8.87806159954261e-07
4,"worse",8.63146410346709e-07
5,"worse",8.38298856895678e-07
6,"worse",9.00372033724334e-07
1,"lot",8.90819393494524e-07
2,"lot",9.68777191814362e-06
3,"lot",0.00135035316929043
4,"lot",8.63146410346709e-07
5,"lot",8.38298856895678e-07
6,"lot",0.00722188408250289
1,"disconnects",8.90819393494524e-07
2,"disconnects",8.80706538013056e-07
3,"disconnects",8.87806159954261e-07
4,"disconnects",0.000302964390031695
5,"disconnects",8.38298856895678e-07
6,"disconnects",9.00372033724334e-07
1,"bugged",9.79901332843977e-06
2,"bugged",8.80706538013056e-07
3,"bugged",8.87806159954261e-07
4,"bugged",0.000337490246445563
5,"bugged",7.62851959775067e-05
6,"bugged",9.00372033724334e-07
1,"started",8.90819393494524e-07
2,"started",0.00382314708151467
3,"started",8.87806159954261e-07
4,"started",0.00168399864658643
5,"started",8.38298856895678e-07
6,"started",9.00372033724334e-07
1,"pull",8.90819393494524e-07
2,"pull",8.80706538013056e-07
3,"pull",8.87806159954261e-07
4,"pull",0.000527382456721839
5,"pull",8.38298856895678e-07
6,"pull",9.00372033724334e-07
1,"s10",8.90819393494524e-07
2,"s10",8.80706538013056e-07
3,"s10",8.87806159954261e-07
4,"s10",0.000449699279790635
5,"s10",8.38298856895678e-07
6,"s10",9.00372033724334e-07
1,"hangs",0.000116697340547783
2,"hangs",8.80706538013056e-07
3,"hangs",1.86439293590395e-05
4,"hangs",0.000113072179755419
5,"hangs",1.76042759948093e-05
6,"hangs",3.69152533826978e-05
1,"occasionally",8.90819393494524e-07
2,"occasionally",8.80706538013056e-07
3,"occasionally",8.87806159954261e-07
4,"occasionally",0.000855378092653588
5,"occasionally",8.38298856895678e-07
6,"occasionally",9.00372033724334e-07
1,"bugs",8.90819393494524e-07
2,"bugs",8.80706538013056e-07
3,"bugs",8.87806159954261e-07
4,"bugs",0.0086409587139809
5,"bugs",8.38298856895678e-07
6,"bugs",9.00372033724334e-07
1,"enjoying",8.90819393494524e-07
2,"enjoying",8.80706538013056e-07
3,"enjoying",0.000134058730153093
4,"enjoying",8.63146410346709e-07
5,"enjoying",8.38298856895678e-07
6,"enjoying",0.00102732449047947
1,"media",8.90819393494524e-07
2,"media",8.80706538013056e-07
3,"media",8.87806159954261e-07
4,"media",0.00176168182351763
5,"media",8.38298856895678e-07
6,"media",9.00372033724334e-07
1,"transitions",8.90819393494524e-07
2,"transitions",8.80706538013056e-07
3,"transitions",6.30342373567525e-05
4,"transitions",8.63146410346709e-07
5,"transitions",9.22128742585246e-06
6,"transitions",9.00372033724334e-07
1,"channel",8.90819393494524e-07
2,"channel",8.80706538013056e-07
3,"channel",0.000196205161349891
4,"channel",8.63146410346709e-07
5,"channel",8.38298856895678e-07
6,"channel",9.00372033724334e-07
1,"rectify",0.000392851352531085
2,"rectify",8.80706538013056e-07
3,"rectify",8.87806159954261e-07
4,"rectify",8.63146410346709e-07
5,"rectify",8.38298856895678e-07
6,"rectify",9.00372033724334e-07
1,"relaunch",8.90819393494524e-07
2,"relaunch",8.80706538013056e-07
3,"relaunch",8.87806159954261e-07
4,"relaunch",0.000147598036169287
5,"relaunch",8.38298856895678e-07
6,"relaunch",9.00372033724334e-07
1,"hardly",8.90819393494524e-07
2,"hardly",0.000300320929462452
3,"hardly",8.87806159954261e-07
4,"hardly",5.26519310311492e-05
5,"hardly",2.5987264563766e-05
6,"hardly",9.00372033724334e-07
1,"understand",0.000143421922352618
2,"understand",0.000388391583263757
3,"understand",0.00217601289804789
4,"understand",8.63146410346709e-07
5,"understand",2.5987264563766e-05
6,"understand",9.00372033724334e-07
1,"advertisment",8.90819393494524e-07
2,"advertisment",8.80706538013056e-07
3,"advertisment",5.41561757572099e-05
4,"advertisment",8.63146410346709e-07
5,"advertisment",8.38298856895678e-07
6,"advertisment",9.00372033724334e-07
1,"based",9.79901332843977e-06
2,"based",8.80706538013056e-07
3,"based",8.87806159954261e-07
4,"based",8.63146410346709e-07
5,"based",9.22128742585246e-06
6,"based",0.00250393462578737
1,"region",8.90819393494524e-07
2,"region",8.80706538013056e-07
3,"region",5.41561757572099e-05
4,"region",8.63146410346709e-07
5,"region",8.38298856895678e-07
6,"region",0.000126952456755131
1,"location",0.000437392322205811
2,"location",8.80706538013056e-07
3,"location",8.87806159954261e-07
4,"location",1.81260746172809e-05
5,"location",9.22128742585246e-06
6,"location",9.00372033724334e-07
1,"pressing",8.90819393494524e-07
2,"pressing",8.80706538013056e-07
3,"pressing",0.000551327625331596
4,"pressing",8.63146410346709e-07
5,"pressing",8.38298856895678e-07
6,"pressing",9.00372033724334e-07
1,"heard",3.65235951332755e-05
2,"heard",8.80706538013056e-07
3,"heard",8.87806159954261e-07
4,"heard",8.63146410346709e-07
5,"heard",0.00200437256683757
6,"heard",9.00372033724334e-07
1,"requested",7.21563708730564e-05
2,"requested",8.80706538013056e-07
3,"requested",0.000160692914951721
4,"requested",8.63146410346709e-07
5,"requested",1.76042759948093e-05
6,"requested",9.00372033724334e-07
1,"complete",9.79901332843977e-06
2,"complete",5.37230988187964e-05
3,"complete",0.000808791411718331
4,"complete",8.63146410346709e-07
5,"complete",8.38298856895678e-07
6,"complete",1.8907812708211e-05
1,"manual",5.43399830031659e-05
2,"manual",9.68777191814362e-06
3,"manual",8.87806159954261e-07
4,"manual",8.63146410346709e-07
5,"manual",9.22128742585246e-06
6,"manual",9.00372033724334e-07
1,"going",1.8707207263385e-05
2,"going",0.0094772830555585
3,"going",0.000240595469347605
4,"going",0.000225281213100491
5,"going",9.22128742585246e-06
6,"going",9.00372033724334e-07
1,"encountering",8.90819393494524e-07
2,"encountering",8.80706538013056e-07
3,"encountering",8.87806159954261e-07
4,"encountering",8.63146410346709e-07
5,"encountering",8.38298856895678e-07
6,"encountering",4.59189737199411e-05
1,"nearly",8.90819393494524e-07
2,"nearly",0.000458848106304802
3,"nearly",8.87806159954261e-07
4,"nearly",0.000277069997721294
5,"nearly",9.22128742585246e-06
6,"nearly",9.00372033724334e-07
1,"difficult",9.79901332843977e-06
2,"difficult",0.000194636144900885
3,"difficult",0.00179425624926756
4,"difficult",8.63146410346709e-07
5,"difficult",8.38298856895678e-07
6,"difficult",9.00372033724334e-07
1,"users",8.90819393494524e-07
2,"users",8.80706538013056e-07
3,"users",0.00373855173956739
4,"users",9.4946105138138e-06
5,"users",0.000101434161684377
6,"users",9.00372033724334e-07
1,"damn",1.8707207263385e-05
2,"damn",0.000335549190982974
3,"damn",0.000995230705308725
4,"damn",8.63146410346709e-07
5,"damn",8.38298856895678e-07
6,"damn",9.00372033724334e-07
1,"hours",8.90819393494524e-07
2,"hours",0.00285436988970031
3,"hours",8.87806159954261e-07
4,"hours",8.63146410346709e-07
5,"hours",8.38298856895678e-07
6,"hours",9.90409237096768e-06
1,"night",8.90819393494524e-07
2,"night",0.000793516590749763
3,"night",8.87806159954261e-07
4,"night",8.63146410346709e-07
5,"night",9.22128742585246e-06
6,"night",9.00372033724334e-07
1,"nope",8.90819393494524e-07
2,"nope",8.80706538013056e-07
3,"nope",0.000160692914951721
4,"nope",8.63146410346709e-07
5,"nope",8.46681845464636e-05
6,"nope",9.00372033724334e-07
1,"ruined",8.90819393494524e-07
2,"ruined",8.80706538013056e-07
3,"ruined",0.000267229654146232
4,"ruined",0.000924429805481325
5,"ruined",8.38298856895678e-07
6,"ruined",9.00372033724334e-07
1,"turns",8.90819393494524e-07
2,"turns",8.80706538013056e-07
3,"turns",8.87806159954261e-07
4,"turns",0.00133874008244775
5,"turns",1.76042759948093e-05
6,"turns",9.00372033724334e-07
1,"mod",2.76154011983302e-05
2,"mod",2.73019026784047e-05
3,"mod",8.87806159954261e-07
4,"mod",8.63146410346709e-07
5,"mod",8.38298856895678e-07
6,"mod",9.00372033724334e-07
1,"ways",0.000749179109928895
2,"ways",8.80706538013056e-07
3,"ways",8.87806159954261e-07
4,"ways",8.63146410346709e-07
5,"ways",8.38298856895678e-07
6,"ways",2.79115330454544e-05
1,"jesus",8.90819393494524e-07
2,"jesus",8.80706538013056e-07
3,"jesus",0.000142936791752636
4,"jesus",8.63146410346709e-07
5,"jesus",8.38298856895678e-07
6,"jesus",9.00372033724334e-07
1,"glitch",0.00229920485460937
2,"glitch",8.80706538013056e-07
3,"glitch",8.87806159954261e-07
4,"glitch",8.63146410346709e-07
5,"glitch",9.22128742585246e-06
6,"glitch",9.00372033724334e-07
1,"months",0.000321585801051523
2,"months",0.00536438352303752
3,"months",8.87806159954261e-07
4,"months",8.63146410346709e-07
5,"months",1.76042759948093e-05
6,"months",9.00372033724334e-07
1,"pay",8.90819393494524e-07
2,"pay",0.0114500657007077
3,"pay",9.76586775949687e-06
4,"pay",8.63146410346709e-07
5,"pay",8.38298856895678e-07
6,"pay",9.00372033724334e-07
1,"plan",8.90819393494524e-07
2,"plan",0.00276629923589901
3,"plan",8.87806159954261e-07
4,"plan",8.63146410346709e-07
5,"plan",8.38298856895678e-07
6,"plan",9.00372033724334e-07
1,"function",8.90819393494524e-07
2,"function",8.80706538013056e-07
3,"function",0.00258440373162685
4,"function",8.63146410346709e-07
5,"function",8.38298856895678e-07
6,"function",9.00372033724334e-07
1,"correctly",9.79901332843977e-06
2,"correctly",3.61089680585353e-05
3,"correctly",8.87806159954261e-07
4,"correctly",0.000898535413170924
5,"correctly",8.38298856895678e-07
6,"correctly",9.00372033724334e-07
1,"connected",0.00453516153228062
2,"connected",8.80706538013056e-07
3,"connected",8.87806159954261e-07
4,"connected",8.63146410346709e-07
5,"connected",9.22128742585246e-06
6,"connected",9.00372033724334e-07
1,"german",8.90819393494524e-07
2,"german",8.80706538013056e-07
3,"german",5.41561757572099e-05
4,"german",8.63146410346709e-07
5,"german",8.38298856895678e-07
6,"german",9.00372033724334e-07
1,"cry",8.90819393494524e-07
2,"cry",8.80706538013056e-07
3,"cry",8.87806159954261e-07
4,"cry",1.81260746172809e-05
5,"cry",8.38298856895678e-07
6,"cry",8.19338550689144e-05
1,"sleep",8.90819393494524e-07
2,"sleep",8.80706538013056e-07
3,"sleep",8.87806159954261e-07
4,"sleep",0.000924429805481325
5,"sleep",8.38298856895678e-07
6,"sleep",0.000559131032942812
1,"sad",8.90819393494524e-07
2,"sad",8.80706538013056e-07
3,"sad",0.000808791411718331
4,"sad",8.63146410346709e-07
5,"sad",0.000285859910201427
6,"sad",9.00372033724334e-07
1,"2k",8.90819393494524e-07
2,"2k",8.80706538013056e-07
3,"2k",8.87806159954261e-07
4,"2k",8.63146410346709e-07
5,"2k",8.38298856895678e-07
6,"2k",4.59189737199411e-05
1,"ones",8.90819393494524e-07
2,"ones",8.80706538013056e-07
3,"ones",0.00053357150213251
4,"ones",8.63146410346709e-07
5,"ones",0.00146786129842433
6,"ones",9.00372033724334e-07
1,"poorly",8.90819393494524e-07
2,"poorly",8.80706538013056e-07
3,"poorly",3.64000525581247e-05
4,"poorly",0.000363384638755964
5,"poorly",9.22128742585246e-06
6,"poorly",9.00372033724334e-07
1,"optimised",8.90819393494524e-07
2,"optimised",8.80706538013056e-07
3,"optimised",8.87806159954261e-07
4,"optimised",0.000113072179755419
5,"optimised",8.38298856895678e-07
6,"optimised",9.00372033724334e-07
1,"autoplays",6.32481769381112e-05
2,"autoplays",8.80706538013056e-07
3,"autoplays",1.86439293590395e-05
4,"autoplays",8.63146410346709e-07
5,"autoplays",9.22128742585246e-06
6,"autoplays",1.8907812708211e-05
1,"unintuitive",8.90819393494524e-07
2,"unintuitive",8.80706538013056e-07
3,"unintuitive",0.000187327099750349
4,"unintuitive",8.63146410346709e-07
5,"unintuitive",8.38298856895678e-07
6,"unintuitive",9.00372033724334e-07
1,"navigation",8.90819393494524e-07
2,"navigation",8.80706538013056e-07
3,"navigation",8.87806159954261e-07
4,"navigation",0.000708643202894648
5,"navigation",8.38298856895678e-07
6,"navigation",9.00372033724334e-07
1,"releases",8.90819393494524e-07
2,"releases",8.80706538013056e-07
3,"releases",0.00025835159254669
4,"releases",8.63146410346709e-07
5,"releases",8.38298856895678e-07
6,"releases",0.000189978499115835
1,"deleted",0.00106096589765198
2,"deleted",0.00191201389402634
3,"deleted",8.87806159954261e-07
4,"deleted",8.63146410346709e-07
5,"deleted",8.38298856895678e-07
6,"deleted",9.00372033724334e-07
1,"launch",0.000312677607116578
2,"launch",8.80706538013056e-07
3,"launch",8.87806159954261e-07
4,"launch",0.000173492428479689
5,"launch",8.38298856895678e-07
6,"launch",9.00372033724334e-07
1,"caches",8.99727587429469e-05
2,"caches",8.80706538013056e-07
3,"caches",8.87806159954261e-07
4,"caches",8.63146410346709e-07
5,"caches",8.38298856895678e-07
6,"caches",9.90409237096768e-06
1,"stopping",3.65235951332755e-05
2,"stopping",2.73019026784047e-05
3,"stopping",8.87806159954261e-07
4,"stopping",0.00486037743666232
5,"stopping",8.38298856895678e-07
6,"stopping",9.00372033724334e-07
1,"ios",8.90819393494524e-07
2,"ios",8.80706538013056e-07
3,"ios",0.000888693966114214
4,"ios",8.63146410346709e-07
5,"ios",8.38298856895678e-07
6,"ios",9.00372033724334e-07
1,"provides",8.90819393494524e-07
2,"provides",8.80706538013056e-07
3,"provides",8.87806159954261e-07
4,"provides",8.63146410346709e-07
5,"provides",8.38298856895678e-07
6,"provides",0.000442082668558649
1,"various",9.79901332843977e-06
2,"various",8.80706538013056e-07
3,"various",8.87806159954261e-07
4,"various",8.63146410346709e-07
5,"various",8.38298856895678e-07
6,"various",0.000658171956652489
1,"person's",8.90819393494524e-07
2,"person's",8.80706538013056e-07
3,"person's",8.87806159954261e-07
4,"person's",8.63146410346709e-07
5,"person's",6.790220740855e-05
6,"person's",9.00372033724334e-07
1,"personal",8.90819393494524e-07
2,"personal",1.84948372982742e-05
3,"personal",6.30342373567525e-05
4,"personal",9.4946105138138e-06
5,"personal",2.5987264563766e-05
6,"personal",0.000883264965083572
1,"b4",8.90819393494524e-07
2,"b4",8.80706538013056e-07
3,"b4",8.07903605558377e-05
4,"b4",8.63146410346709e-07
5,"b4",8.38298856895678e-07
6,"b4",9.90409237096768e-06
1,"buy",8.90819393494524e-07
2,"buy",0.00116341333671525
3,"buy",8.87806159954261e-07
4,"buy",8.63146410346709e-07
5,"buy",0.00131696750418311
6,"buy",9.00372033724334e-07
1,"guys",9.79901332843977e-06
2,"guys",8.80706538013056e-07
3,"guys",0.00507913904109833
4,"guys",8.63146410346709e-07
5,"guys",8.38298856895678e-07
6,"guys",9.00372033724334e-07
1,"app's",0.000205779279897235
2,"app's",8.80706538013056e-07
3,"app's",8.87806159954261e-07
4,"app's",8.63146410346709e-07
5,"app's",0.000134966115960204
6,"app's",9.00372033724334e-07
1,"partially",3.65235951332755e-05
2,"partially",2.73019026784047e-05
3,"partially",8.87806159954261e-07
4,"partially",8.63146410346709e-07
5,"partially",8.38298856895678e-07
6,"partially",9.00372033724334e-07
1,"space",0.0011055068673267
2,"space",8.80706538013056e-07
3,"space",8.87806159954261e-07
4,"space",8.63146410346709e-07
5,"space",8.38298856895678e-07
6,"space",9.00372033724334e-07
1,"individual",9.79901332843977e-06
2,"individual",0.00042361984478428
3,"individual",0.000160692914951721
4,"individual",8.63146410346709e-07
5,"individual",0.000319391864477254
6,"individual",9.00372033724334e-07
1,"cut",8.90819393494524e-07
2,"cut",0.000881587244551068
3,"cut",8.87806159954261e-07
4,"cut",8.63146410346709e-07
5,"cut",0.000143349104529161
6,"cut",9.00372033724334e-07
1,"dev",8.90819393494524e-07
2,"dev",4.49160334386658e-05
3,"dev",8.87806159954261e-07
4,"dev",0.000164860964376221
5,"dev",8.38298856895678e-07
6,"dev",9.00372033724334e-07
1,"report",8.90819393494524e-07
2,"report",8.01442949591881e-05
3,"report",0.000364888331741201
4,"report",0.000147598036169287
5,"report",8.38298856895678e-07
6,"report",9.90409237096768e-06
1,"customer",8.90819393494524e-07
2,"customer",0.00327710902794658
3,"customer",8.87806159954261e-07
4,"customer",8.63146410346709e-07
5,"customer",8.38298856895678e-07
6,"customer",9.00372033724334e-07
1,"answer",8.90819393494524e-07
2,"answer",0.000458848106304802
3,"answer",8.87806159954261e-07
4,"answer",8.63146410346709e-07
5,"answer",8.38298856895678e-07
6,"answer",9.90409237096768e-06
1,"emails",8.90819393494524e-07
2,"emails",0.000441233975544541
3,"emails",8.87806159954261e-07
4,"emails",9.4946105138138e-06
5,"emails",8.38298856895678e-07
6,"emails",9.00372033724334e-07
1,"cancel",8.90819393494524e-07
2,"cancel",0.00313619598186449
3,"cancel",8.87806159954261e-07
4,"cancel",8.63146410346709e-07
5,"cancel",8.38298856895678e-07
6,"cancel",9.90409237096768e-06
1,"total",8.90819393494524e-07
2,"total",0.00059095408700676
3,"total",8.87806159954261e-07
4,"total",8.63146410346709e-07
5,"total",8.38298856895678e-07
6,"total",9.00372033724334e-07
1,"garbage",8.90819393494524e-07
2,"garbage",0.0029952829357824
3,"garbage",0.000125180668553551
4,"garbage",8.63146410346709e-07
5,"garbage",8.38298856895678e-07
6,"garbage",9.00372033724334e-07
1,"costs",8.90819393494524e-07
2,"costs",8.80706538013056e-07
3,"costs",2.75219909585821e-05
4,"costs",2.6757538720748e-05
5,"costs",8.38298856895678e-07
6,"costs",0.000117948736417888
1,"seen",4.54317890682208e-05
2,"seen",0.000168214948760494
3,"seen",0.000959718458910555
4,"seen",8.63146410346709e-07
5,"seen",5.11362302706364e-05
6,"seen",2.79115330454544e-05
1,"type",8.90819393494524e-07
2,"type",8.80706538013056e-07
3,"type",9.76586775949687e-06
4,"type",8.63146410346709e-07
5,"type",8.38298856895678e-07
6,"type",0.00143249190565542
1,"pls",0.00138166087931001
2,"pls",8.80706538013056e-07
3,"pls",8.87806159954261e-07
4,"pls",8.63146410346709e-07
5,"pls",0.00197084061256174
6,"pls",0.000117948736417888
1,"yet",0.000695729946319224
2,"yet",0.00238759542455339
3,"yet",8.87806159954261e-07
4,"yet",6.99148592380834e-05
5,"yet",8.38298856895678e-07
6,"yet",1.8907812708211e-05
1,"press",8.90819393494524e-07
2,"press",8.80706538013056e-07
3,"press",0.000205083222949434
4,"press",8.63146410346709e-07
5,"press",0.00313607602364673
6,"press",2.79115330454544e-05
1,"lite",0.000642280782709552
2,"lite",8.80706538013056e-07
3,"lite",8.87806159954261e-07
4,"lite",9.4946105138138e-06
5,"lite",8.38298856895678e-07
6,"lite",9.00372033724334e-07
1,"j",5.43399830031659e-05
2,"j",8.80706538013056e-07
3,"j",8.87806159954261e-07
4,"j",9.4946105138138e-06
5,"j",8.38298856895678e-07
6,"j",2.79115330454544e-05
1,"installed",0.00166672308522825
2,"installed",8.80706538013056e-07
3,"installed",8.87806159954261e-07
4,"installed",8.63146410346709e-07
5,"installed",8.38298856895678e-07
6,"installed",9.00372033724334e-07
1,"instead",5.43399830031659e-05
2,"instead",8.80706538013056e-07
3,"instead",1.86439293590395e-05
4,"instead",8.63146410346709e-07
5,"instead",0.00596952615995413
6,"instead",9.00372033724334e-07
1,"undo",8.90819393494524e-07
2,"undo",9.68777191814362e-06
3,"undo",8.87806159954261e-07
4,"undo",0.000251175605410892
5,"undo",8.38298856895678e-07
6,"undo",9.00372033724334e-07
1,"phones",0.00148855920652935
2,"phones",8.80706538013056e-07
3,"phones",8.87806159954261e-07
4,"phones",0.000372016102859431
5,"phones",8.38298856895678e-07
6,"phones",8.19338550689144e-05
1,"dosent",8.90819393494524e-07
2,"dosent",8.80706538013056e-07
3,"dosent",0.00025835159254669
4,"dosent",8.63146410346709e-07
5,"dosent",9.22128742585246e-06
6,"dosent",9.00372033724334e-07
1,"s22",8.90819393494524e-07
2,"s22",8.80706538013056e-07
3,"s22",8.87806159954261e-07
4,"s22",0.000950324197791727
5,"s22",8.38298856895678e-07
6,"s22",9.00372033724334e-07
1,"computer",8.90819393494524e-07
2,"computer",8.01442949591881e-05
3,"computer",9.76586775949687e-06
4,"computer",8.63146410346709e-07
5,"computer",0.000948116007149013
6,"computer",0.000514112431256595
1,"mean",8.90819393494524e-07
2,"mean",8.80706538013056e-07
3,"mean",0.00190079298846207
4,"mean",8.63146410346709e-07
5,"mean",8.38298856895678e-07
6,"mean",9.00372033724334e-07
1,"tell",8.90819393494524e-07
2,"tell",0.000626182348527283
3,"tell",0.00145688990848494
4,"tell",9.4946105138138e-06
5,"tell",0.000143349104529161
6,"tell",9.00372033724334e-07
1,"order",8.90819393494524e-07
2,"order",8.80706538013056e-07
3,"order",8.87806159954261e-07
4,"order",8.63146410346709e-07
5,"order",0.00459471603464522
6,"order",9.00372033724334e-07
1,"required",0.000134513728417673
2,"required",5.37230988187964e-05
3,"required",8.87806159954261e-07
4,"required",8.63146410346709e-07
5,"required",8.38298856895678e-07
6,"required",9.00372033724334e-07
1,"cycle",8.90819393494524e-07
2,"cycle",0.000150600818000232
3,"cycle",2.75219909585821e-05
4,"cycle",8.63146410346709e-07
5,"cycle",8.38298856895678e-07
6,"cycle",9.00372033724334e-07
1,"list",8.90819393494524e-07
2,"list",8.80706538013056e-07
3,"list",8.87806159954261e-07
4,"list",8.63146410346709e-07
5,"list",0.00731918731955617
6,"list",9.00372033724334e-07
1,"generally",8.90819393494524e-07
2,"generally",8.80706538013056e-07
3,"generally",8.87806159954261e-07
4,"generally",0.000708643202894648
5,"generally",8.38298856895678e-07
6,"generally",9.00372033724334e-07
1,"lots",8.90819393494524e-07
2,"lots",8.80706538013056e-07
3,"lots",0.000249473530947147
4,"lots",8.63146410346709e-07
5,"lots",8.38298856895678e-07
6,"lots",0.00208075976993694
1,"suggestions",8.90819393494524e-07
2,"suggestions",8.80706538013056e-07
3,"suggestions",8.87806159954261e-07
4,"suggestions",8.63146410346709e-07
5,"suggestions",8.38298856895678e-07
6,"suggestions",0.00211677465128591
1,"fir",9.79901332843977e-06
2,"fir",9.68777191814362e-06
3,"fir",8.87806159954261e-07
4,"fir",8.63146410346709e-07
5,"fir",8.38298856895678e-07
6,"fir",9.99412957434012e-05
1,"appropriate",8.90819393494524e-07
2,"appropriate",8.80706538013056e-07
3,"appropriate",8.87806159954261e-07
4,"appropriate",8.63146410346709e-07
5,"appropriate",8.38298856895678e-07
6,"appropriate",8.19338550689144e-05
1,"tunes",8.90819393494524e-07
2,"tunes",8.80706538013056e-07
3,"tunes",8.87806159954261e-07
4,"tunes",9.4946105138138e-06
5,"tunes",8.38298856895678e-07
6,"tunes",0.000865257524409086
1,"daily",8.90819393494524e-07
2,"daily",8.80706538013056e-07
3,"daily",8.87806159954261e-07
4,"daily",8.63146410346709e-07
5,"daily",8.38298856895678e-07
6,"daily",0.00322423225276684
1,"actually",2.76154011983302e-05
2,"actually",8.80706538013056e-07
3,"actually",0.00535435895068414
4,"actually",8.63146410346709e-07
5,"actually",8.38298856895678e-07
6,"actually",9.00372033724334e-07
1,"large",8.90819393494524e-07
2,"large",8.80706538013056e-07
3,"large",8.87806159954261e-07
4,"large",8.63146410346709e-07
5,"large",8.38298856895678e-07
6,"large",0.000919279846432546
1,"collection",8.90819393494524e-07
2,"collection",8.80706538013056e-07
3,"collection",8.87806159954261e-07
4,"collection",8.63146410346709e-07
5,"collection",8.38298856895678e-07
6,"collection",0.00146850678700439
1,"kept",0.00133711990963528
2,"kept",8.80706538013056e-07
3,"kept",8.87806159954261e-07
4,"kept",8.63146410346709e-07
5,"kept",8.38298856895678e-07
6,"kept",9.90409237096768e-06
1,"saying",0.00352853561763181
2,"saying",9.68777191814362e-06
3,"saying",8.87806159954261e-07
4,"saying",8.63146410346709e-07
5,"saying",8.38298856895678e-07
6,"saying",9.00372033724334e-07
1,"didnt",8.90819393494524e-07
2,"didnt",9.68777191814362e-06
3,"didnt",8.87806159954261e-07
4,"didnt",8.63146410346709e-07
5,"didnt",0.000830754167183617
6,"didnt",9.00372033724334e-07
1,"bug",5.43399830031659e-05
2,"bug",8.80706538013056e-07
3,"bug",8.87806159954261e-07
4,"bug",0.00612920265987198
5,"bug",8.38298856895678e-07
6,"bug",9.00372033724334e-07
1,"relationship",2.76154011983302e-05
2,"relationship",8.80706538013056e-07
3,"relationship",8.87806159954261e-07
4,"relationship",8.63146410346709e-07
5,"relationship",1.76042759948093e-05
6,"relationship",9.00372033724334e-07
1,"mind",8.90819393494524e-07
2,"mind",8.89513603393186e-05
3,"mind",0.00106625519810507
4,"mind",8.63146410346709e-07
5,"mind",8.38298856895678e-07
6,"mind",0.000180974778778591
1,"fact",8.90819393494524e-07
2,"fact",8.80706538013056e-07
3,"fact",0.00270869659402045
4,"fact",8.63146410346709e-07
5,"fact",8.38298856895678e-07
6,"fact",0.000829242643060112
1,"previews",8.90819393494524e-07
2,"previews",8.80706538013056e-07
3,"previews",8.87806159954261e-07
4,"previews",8.63146410346709e-07
5,"previews",0.000520583590132217
6,"previews",9.00372033724334e-07
1,"restrictions",8.90819393494524e-07
2,"restrictions",8.01442949591881e-05
3,"restrictions",1.86439293590395e-05
4,"restrictions",8.63146410346709e-07
5,"restrictions",8.38298856895678e-07
6,"restrictions",4.59189737199411e-05
1,"id",8.90819393494524e-07
2,"id",0.000687831806188196
3,"id",8.87806159954261e-07
4,"id",8.63146410346709e-07
5,"id",8.38298856895678e-07
6,"id",9.00372033724334e-07
1,"tidal",8.90819393494524e-07
2,"tidal",0.000775902459989502
3,"tidal",1.86439293590395e-05
4,"tidal",8.63146410346709e-07
5,"tidal",8.38298856895678e-07
6,"tidal",9.00372033724334e-07
1,"thousand",8.90819393494524e-07
2,"thousand",0.00357654925087102
3,"thousand",8.87806159954261e-07
4,"thousand",8.63146410346709e-07
5,"thousand",8.38298856895678e-07
6,"thousand",9.00372033724334e-07
1,"twenty-two",8.90819393494524e-07
2,"twenty-two",0.00089920137531133
3,"twenty-two",8.87806159954261e-07
4,"twenty-two",8.71777874450176e-05
5,"twenty-two",8.38298856895678e-07
6,"twenty-two",9.00372033724334e-07
1,"switched",8.90819393494524e-07
2,"switched",0.00106653561753381
3,"switched",8.87806159954261e-07
4,"switched",8.63146410346709e-07
5,"switched",8.38298856895678e-07
6,"switched",9.90409237096768e-06
1,"life",8.90819393494524e-07
2,"life",8.80706538013056e-07
3,"life",0.000134058730153093
4,"life",8.63146410346709e-07
5,"life",8.38298856895678e-07
6,"life",0.00164858119374926
1,"gives",8.90819393494524e-07
2,"gives",8.80706538013056e-07
3,"gives",8.87806159954261e-07
4,"gives",8.63146410346709e-07
5,"gives",0.00177803187547573
6,"gives",0.000829242643060112
1,"went",0.00271788996955179
2,"went",0.000881587244551068
3,"went",5.41561757572099e-05
4,"went",8.63146410346709e-07
5,"went",8.38298856895678e-07
6,"went",9.00372033724334e-07
1,"drake",8.90819393494524e-07
2,"drake",8.80706538013056e-07
3,"drake",8.87806159954261e-07
4,"drake",8.63146410346709e-07
5,"drake",4.27532417016796e-05
6,"drake",9.00372033724334e-07
1,"since",8.90819393494524e-07
2,"since",0.00644765256479358
3,"since",9.76586775949687e-06
4,"since",0.00810580793956594
5,"since",8.38298856895678e-07
6,"since",9.00372033724334e-07
1,"possible",0.00144401823685462
2,"possible",8.80706538013056e-07
3,"possible",0.000835425596516959
4,"possible",9.4946105138138e-06
5,"possible",8.38298856895678e-07
6,"possible",9.00372033724334e-07
1,"downloads",0.00278915552103136
2,"downloads",8.80706538013056e-07
3,"downloads",8.87806159954261e-07
4,"downloads",8.63146410346709e-07
5,"downloads",8.38298856895678e-07
6,"downloads",3.69152533826978e-05
1,"facility",8.90819393494524e-07
2,"facility",8.80706538013056e-07
3,"facility",8.87806159954261e-07
4,"facility",8.63146410346709e-07
5,"facility",4.27532417016796e-05
6,"facility",3.69152533826978e-05
1,"hard",8.90819393494524e-07
2,"hard",8.80706538013056e-07
3,"hard",0.00404928389555138
4,"hard",8.63146410346709e-07
5,"hard",8.38298856895678e-07
6,"hard",9.00372033724334e-07
1,"wait",3.65235951332755e-05
2,"wait",8.80706538013056e-07
3,"wait",8.87806159954261e-07
4,"wait",8.63146410346709e-07
5,"wait",0.00205467049825131
6,"wait",9.00372033724334e-07
1,"feel",8.90819393494524e-07
2,"feel",8.01442949591881e-05
3,"feel",0.00159893889407762
4,"feel",8.63146410346709e-07
5,"feel",8.38298856895678e-07
6,"feel",9.00372033724334e-07
1,"job",9.79901332843977e-06
2,"job",8.80706538013056e-07
3,"job",8.87806159954261e-07
4,"job",2.6757538720748e-05
5,"job",8.38298856895678e-07
6,"job",0.00147751050734163
1,"risk",8.90819393494524e-07
2,"risk",8.80706538013056e-07
3,"risk",6.30342373567525e-05
4,"risk",8.63146410346709e-07
5,"risk",8.38298856895678e-07
6,"risk",9.00372033724334e-07
1,"cause",0.00126585435815572
2,"cause",8.80706538013056e-07
3,"cause",8.87806159954261e-07
4,"cause",8.63146410346709e-07
5,"cause",0.00130858451561415
6,"cause",9.00372033724334e-07
1,"pre",7.21563708730564e-05
2,"pre",8.80706538013056e-07
3,"pre",3.64000525581247e-05
4,"pre",8.63146410346709e-07
5,"pre",9.22128742585246e-06
6,"pre",9.00372033724334e-07
1,"re-download",0.000526474261555264
2,"re-download",8.80706538013056e-07
3,"re-download",9.76586775949687e-06
4,"re-download",8.63146410346709e-07
5,"re-download",8.38298856895678e-07
6,"re-download",9.00372033724334e-07
1,"forty",6.32481769381112e-05
2,"forty",0.000238671471801538
3,"forty",8.87806159954261e-07
4,"forty",8.63146410346709e-07
5,"forty",8.38298856895678e-07
6,"forty",9.00372033724334e-07
1,"low",0.000847169243213293
2,"low",8.80706538013056e-07
3,"low",8.87806159954261e-07
4,"low",8.63146410346709e-07
5,"low",8.38298856895678e-07
6,"low",0.000361049185523458
1,"spotty",0.000170146504157454
2,"spotty",8.80706538013056e-07
3,"spotty",9.76586775949687e-06
4,"spotty",8.63146410346709e-07
5,"spotty",8.38298856895678e-07
6,"spotty",9.09375754061579e-05
1,"connections",0.000330493994986469
2,"connections",8.80706538013056e-07
3,"connections",8.87806159954261e-07
4,"connections",8.63146410346709e-07
5,"connections",8.38298856895678e-07
6,"connections",9.00372033724334e-07
1,"platform",8.90819393494524e-07
2,"platform",8.80706538013056e-07
3,"platform",8.87806159954261e-07
4,"platform",8.63146410346709e-07
5,"platform",8.38298856895678e-07
6,"platform",0.00326925085445306
1,"filled",8.90819393494524e-07
2,"filled",8.80706538013056e-07
3,"filled",8.96684221553803e-05
4,"filled",8.63146410346709e-07
5,"filled",2.5987264563766e-05
6,"filled",9.99412957434012e-05
1,"rarely",0.000179054698092399
2,"rarely",8.80706538013056e-07
3,"rarely",8.87806159954261e-07
4,"rarely",8.63146410346709e-07
5,"rarely",8.38298856895678e-07
6,"rarely",0.000523116151593839
1,"suggestion",8.90819393494524e-07
2,"suggestion",8.80706538013056e-07
3,"suggestion",0.000116302606954008
4,"suggestion",8.63146410346709e-07
5,"suggestion",9.22128742585246e-06
6,"suggestion",0.000667175676989732
1,"mine",8.90819393494524e-07
2,"mine",0.000150600818000232
3,"mine",0.000755523042121076
4,"mine",8.63146410346709e-07
5,"mine",8.38298856895678e-07
6,"mine",9.00372033724334e-07
1,"remote",8.90819393494524e-07
2,"remote",8.80706538013056e-07
3,"remote",0.000444790886137085
4,"remote",9.58092515484846e-05
5,"remote",8.38298856895678e-07
6,"remote",9.00372033724334e-07
1,"people",8.90819393494524e-07
2,"people",0.000670217675427935
3,"people",0.00584265233865899
4,"people",8.63146410346709e-07
5,"people",8.38298856895678e-07
6,"people",9.00372033724334e-07
1,"hooked",8.90819393494524e-07
2,"hooked",0.000150600818000232
3,"hooked",8.87806159954261e-07
4,"hooked",8.63146410346709e-07
5,"hooked",8.38298856895678e-07
6,"hooked",9.00372033724334e-07
1,"hello",5.43399830031659e-05
2,"hello",0.000291513864082322
3,"hello",8.96684221553803e-05
4,"hello",8.63146410346709e-07
5,"hello",8.38298856895678e-07
6,"hello",9.00372033724334e-07
1,"facing",0.000971883958302526
2,"facing",8.80706538013056e-07
3,"facing",3.64000525581247e-05
4,"facing",8.63146410346709e-07
5,"facing",8.38298856895678e-07
6,"facing",9.00372033724334e-07
1,"pop",0.000348310382856359
2,"pop",8.80706538013056e-07
3,"pop",0.000134058730153093
4,"pop",8.63146410346709e-07
5,"pop",8.38298856895678e-07
6,"pop",0.00134245470228298
1,"kinds",8.90819393494524e-07
2,"kinds",8.80706538013056e-07
3,"kinds",8.87806159954261e-07
4,"kinds",8.63146410346709e-07
5,"kinds",8.38298856895678e-07
6,"kinds",0.000415071507546919
1,"annoyed",8.90819393494524e-07
2,"annoyed",8.80706538013056e-07
3,"annoyed",0.000853181719716044
4,"annoyed",8.63146410346709e-07
5,"annoyed",8.38298856895678e-07
6,"annoyed",3.69152533826978e-05
1,"g",0.00019687108596229
2,"g",8.80706538013056e-07
3,"g",8.87806159954261e-07
4,"g",8.63146410346709e-07
5,"g",8.38298856895678e-07
6,"g",3.69152533826978e-05
1,"latest",8.90819393494524e-07
2,"latest",8.80706538013056e-07
3,"latest",8.87806159954261e-07
4,"latest",0.00770012912670299
5,"latest",8.38298856895678e-07
6,"latest",9.00372033724334e-07
1,"hands",2.76154011983302e-05
2,"hands",0.000177022014140624
3,"hands",8.87806159954261e-07
4,"hands",8.63146410346709e-07
5,"hands",8.38298856895678e-07
6,"hands",0.000180974778778591
1,"duo",8.90819393494524e-07
2,"duo",0.000643796479287544
3,"duo",8.87806159954261e-07
4,"duo",8.63146410346709e-07
5,"duo",8.38298856895678e-07
6,"duo",9.00372033724334e-07
1,"create",8.90819393494524e-07
2,"create",8.80706538013056e-07
3,"create",8.87806159954261e-07
4,"create",8.63146410346709e-07
5,"create",8.38298856895678e-07
6,"create",0.00317020993074338
1,"price",8.90819393494524e-07
2,"price",0.000731867133088849
3,"price",8.87806159954261e-07
4,"price",8.63146410346709e-07
5,"price",8.38298856895678e-07
6,"price",2.79115330454544e-05
1,"recommended",8.90819393494524e-07
2,"recommended",8.80706538013056e-07
3,"recommended",1.86439293590395e-05
4,"recommended",8.63146410346709e-07
5,"recommended",0.00156845716125181
6,"recommended",0.00148651422767888
1,"pod",8.90819393494524e-07
2,"pod",8.80706538013056e-07
3,"pod",1.86439293590395e-05
4,"pod",0.00034612171054903
5,"pod",8.38298856895678e-07
6,"pod",9.00372033724334e-07
1,"thinking",8.90819393494524e-07
2,"thinking",0.00113699214057485
3,"thinking",1.86439293590395e-05
4,"thinking",8.63146410346709e-07
5,"thinking",8.38298856895678e-07
6,"thinking",9.00372033724334e-07
1,"switching",8.90819393494524e-07
2,"switching",0.000670217675427935
3,"switching",8.87806159954261e-07
4,"switching",0.00125242544141307
5,"switching",8.38298856895678e-07
6,"switching",9.90409237096768e-06
1,"yrs",8.90819393494524e-07
2,"yrs",0.000194636144900885
3,"yrs",1.86439293590395e-05
4,"yrs",8.63146410346709e-07
5,"yrs",8.38298856895678e-07
6,"yrs",9.00372033724334e-07
1,"iphone",9.79901332843977e-06
2,"iphone",8.80706538013056e-07
3,"iphone",0.000604595994928851
4,"iphone",8.63146410346709e-07
5,"iphone",8.38298856895678e-07
6,"iphone",9.00372033724334e-07
1,"marks",8.90819393494524e-07
2,"marks",1.84948372982742e-05
3,"marks",8.87806159954261e-07
4,"marks",0.000156229500272754
5,"marks",8.38298856895678e-07
6,"marks",9.00372033724334e-07
1,"sec",8.90819393494524e-07
2,"sec",0.000344356256363105
3,"sec",8.87806159954261e-07
4,"sec",8.63146410346709e-07
5,"sec",8.38298856895678e-07
6,"sec",9.00372033724334e-07
1,"unplayed",8.90819393494524e-07
2,"unplayed",9.68777191814362e-06
3,"unplayed",0.000107424545354466
4,"unplayed",8.63146410346709e-07
5,"unplayed",8.38298856895678e-07
6,"unplayed",3.69152533826978e-05
1,"million",8.90819393494524e-07
2,"million",0.00042361984478428
3,"million",8.87806159954261e-07
4,"million",8.63146410346709e-07
5,"million",8.38298856895678e-07
6,"million",9.00372033724334e-07
1,"ups",8.90819393494524e-07
2,"ups",8.80706538013056e-07
3,"ups",8.87806159954261e-07
4,"ups",8.63146410346709e-07
5,"ups",8.38298856895678e-07
6,"ups",0.000153963617766861
1,"regularly",8.90819393494524e-07
2,"regularly",8.80706538013056e-07
3,"regularly",8.87806159954261e-07
4,"regularly",0.000924429805481325
5,"regularly",8.38298856895678e-07
6,"regularly",9.00372033724334e-07
1,"set",0.001871611545732
2,"set",1.84948372982742e-05
3,"set",0.001261572553295
4,"set",8.63146410346709e-07
5,"set",8.38298856895678e-07
6,"set",9.00372033724334e-07
1,"guess",1.8707207263385e-05
2,"guess",0.00147166062501982
3,"guess",9.76586775949687e-06
4,"guess",8.63146410346709e-07
5,"guess",1.76042759948093e-05
6,"guess",9.00372033724334e-07
1,"cheap",8.90819393494524e-07
2,"cheap",8.80706538013056e-07
3,"cheap",8.87806159954261e-07
4,"cheap",8.63146410346709e-07
5,"cheap",8.38298856895678e-07
6,"cheap",0.000370052905860702
1,"expect",8.90819393494524e-07
2,"expect",0.00110176387905433
3,"expect",8.87806159954261e-07
4,"expect",8.63146410346709e-07
5,"expect",8.38298856895678e-07
6,"expect",9.00372033724334e-07
1,"except",0.00188051973966694
2,"except",8.80706538013056e-07
3,"except",8.87806159954261e-07
4,"except",8.63146410346709e-07
5,"except",0.000126583127391248
6,"except",3.69152533826978e-05
1,"playbar",1.8707207263385e-05
2,"playbar",4.49160334386658e-05
3,"playbar",8.87806159954261e-07
4,"playbar",0.000294332925928228
5,"playbar",8.38298856895678e-07
6,"playbar",9.00372033724334e-07
1,"whatever",8.90819393494524e-07
2,"whatever",8.01442949591881e-05
3,"whatever",0.00206059809725384
4,"whatever",0.000941692733688259
5,"whatever",8.38298856895678e-07
6,"whatever",1.8907812708211e-05
1,"decide",1.8707207263385e-05
2,"decide",5.37230988187964e-05
3,"decide",0.000364888331741201
4,"decide",8.63146410346709e-07
5,"decide",8.38298856895678e-07
6,"decide",2.79115330454544e-05
1,"mysteriously",9.79901332843977e-06
2,"mysteriously",5.37230988187964e-05
3,"mysteriously",8.87806159954261e-07
4,"mysteriously",8.63146410346709e-07
5,"mysteriously",8.38298856895678e-07
6,"mysteriously",9.00372033724334e-07
1,"ui",8.90819393494524e-07
2,"ui",8.80706538013056e-07
3,"ui",0.00406704001875047
4,"ui",8.63146410346709e-07
5,"ui",8.38298856895678e-07
6,"ui",9.00372033724334e-07
1,"notification",8.90819393494524e-07
2,"notification",8.80706538013056e-07
3,"notification",8.87806159954261e-07
4,"notification",0.00382460174424627
5,"notification",8.38298856895678e-07
6,"notification",9.00372033724334e-07
1,"impressed",8.90819393494524e-07
2,"impressed",8.80706538013056e-07
3,"impressed",8.87806159954261e-07
4,"impressed",8.63146410346709e-07
5,"impressed",8.38298856895678e-07
6,"impressed",0.000649168236315245
1,"reinstated",8.90819393494524e-07
2,"reinstated",3.61089680585353e-05
3,"reinstated",8.87806159954261e-07
4,"reinstated",8.63146410346709e-07
5,"reinstated",8.38298856895678e-07
6,"reinstated",1.8907812708211e-05
1,"provide",8.90819393494524e-07
2,"provide",8.80706538013056e-07
3,"provide",8.87806159954261e-07
4,"provide",8.63146410346709e-07
5,"provide",8.38298856895678e-07
6,"provide",0.00095529472778152
1,"perfect",2.76154011983302e-05
2,"perfect",8.80706538013056e-07
3,"perfect",5.41561757572099e-05
4,"perfect",8.63146410346709e-07
5,"perfect",8.38298856895678e-07
6,"perfect",0.00251293834612462
1,"whether",0.000125605534482728
2,"whether",8.80706538013056e-07
3,"whether",0.000178449038150806
4,"whether",0.000475593672101037
5,"whether",8.38298856895678e-07
6,"whether",9.00372033724334e-07
1,"continually",8.90819393494524e-07
2,"continually",8.80706538013056e-07
3,"continually",8.87806159954261e-07
4,"continually",0.000363384638755964
5,"continually",8.38298856895678e-07
6,"continually",9.00372033724334e-07
1,"loud",8.90819393494524e-07
2,"loud",0.000335549190982974
3,"loud",8.87806159954261e-07
4,"loud",2.6757538720748e-05
5,"loud",8.38298856895678e-07
6,"loud",1.8907812708211e-05
1,"ending",8.90819393494524e-07
2,"ending",8.80706538013056e-07
3,"ending",8.87806159954261e-07
4,"ending",0.00013896657206582
5,"ending",4.27532417016796e-05
6,"ending",9.00372033724334e-07
1,"happening",0.00309203411481949
2,"happening",0.000450041040924671
3,"happening",5.41561757572099e-05
4,"happening",1.81260746172809e-05
5,"happening",8.38298856895678e-07
6,"happening",9.00372033724334e-07
1,"ram",8.90819393494524e-07
2,"ram",8.80706538013056e-07
3,"ram",8.87806159954261e-07
4,"ram",0.00013896657206582
5,"ram",8.38298856895678e-07
6,"ram",9.00372033724334e-07
1,"optimize",8.90819393494524e-07
2,"optimize",8.80706538013056e-07
3,"optimize",8.87806159954261e-07
4,"optimize",7.85463233415505e-05
5,"optimize",8.38298856895678e-07
6,"optimize",9.00372033724334e-07
1,"consider",4.54317890682208e-05
2,"consider",8.80706538013056e-07
3,"consider",0.000471425070935712
4,"consider",2.6757538720748e-05
5,"consider",1.76042759948093e-05
6,"consider",8.19338550689144e-05
1,"challenge",8.90819393494524e-07
2,"challenge",8.01442949591881e-05
3,"challenge",8.87806159954261e-07
4,"challenge",8.63146410346709e-07
5,"challenge",8.38298856895678e-07
6,"challenge",9.00372033724334e-07
1,"site",8.90819393494524e-07
2,"site",6.25301641989269e-05
3,"site",8.87806159954261e-07
4,"site",8.63146410346709e-07
5,"site",8.38298856895678e-07
6,"site",0.000379056626197945
1,"frequently",8.90819393494524e-07
2,"frequently",8.80706538013056e-07
3,"frequently",4.52781141576672e-05
4,"frequently",0.00202062574662165
5,"frequently",8.38298856895678e-07
6,"frequently",9.00372033724334e-07
1,"waste",8.90819393494524e-07
2,"waste",0.00155973127882112
3,"waste",8.87806159954261e-07
4,"waste",4.40204669276821e-05
5,"waste",8.38298856895678e-07
6,"waste",9.00372033724334e-07
1,"money",8.90819393494524e-07
2,"money",0.00514420688853426
3,"money",8.87806159954261e-07
4,"money",8.63146410346709e-07
5,"money",8.38298856895678e-07
6,"money",9.00372033724334e-07
1,"decides",8.90819393494524e-07
2,"decides",8.80706538013056e-07
3,"decides",2.75219909585821e-05
4,"decides",9.4946105138138e-06
5,"decides",0.000487051635856389
6,"decides",9.00372033724334e-07
1,"messes",8.90819393494524e-07
2,"messes",8.80706538013056e-07
3,"messes",8.87806159954261e-07
4,"messes",0.000242544141307425
5,"messes",8.38298856895678e-07
6,"messes",9.90409237096768e-06
1,"vibe",2.76154011983302e-05
2,"vibe",8.80706538013056e-07
3,"vibe",9.76586775949687e-06
4,"vibe",8.63146410346709e-07
5,"vibe",8.38298856895678e-07
6,"vibe",0.000523116151593839
1,"thank",8.90819393494524e-07
2,"thank",8.80706538013056e-07
3,"thank",3.64000525581247e-05
4,"thank",8.63146410346709e-07
5,"thank",8.38298856895678e-07
6,"thank",0.00392652243907182
1,"crashed",0.000784811885668676
2,"crashed",8.80706538013056e-07
3,"crashed",8.87806159954261e-07
4,"crashed",8.63146410346709e-07
5,"crashed",2.5987264563766e-05
6,"crashed",9.00372033724334e-07
1,"contacting",3.65235951332755e-05
2,"contacting",8.80706538013056e-07
3,"contacting",8.96684221553803e-05
4,"contacting",8.63146410346709e-07
5,"contacting",8.38298856895678e-07
6,"contacting",9.00372033724334e-07
1,"gave",8.90819393494524e-07
2,"gave",8.80706538013056e-07
3,"gave",0.00179425624926756
4,"gave",9.4946105138138e-06
5,"gave",8.38298856895678e-07
6,"gave",9.00372033724334e-07
1,"shoot",4.54317890682208e-05
2,"shoot",8.80706538013056e-07
3,"shoot",8.87806159954261e-07
4,"shoot",8.63146410346709e-07
5,"shoot",8.38298856895678e-07
6,"shoot",1.8907812708211e-05
1,"difference",0.000107789146612837
2,"difference",0.000212250275661146
3,"difference",8.87806159954261e-07
4,"difference",8.63146410346709e-07
5,"difference",8.38298856895678e-07
6,"difference",9.00372033724334e-07
1,"company",7.21563708730564e-05
2,"company",0.00168303019414295
3,"company",8.87806159954261e-07
4,"company",8.63146410346709e-07
5,"company",8.38298856895678e-07
6,"company",9.00372033724334e-07
1,"existed",8.90819393494524e-07
2,"existed",0.000194636144900885
3,"existed",9.76586775949687e-06
4,"existed",8.63146410346709e-07
5,"existed",8.38298856895678e-07
6,"existed",9.00372033724334e-07
1,"fail",8.90819393494524e-07
2,"fail",8.01442949591881e-05
3,"fail",3.64000525581247e-05
4,"fail",0.000285701461824761
5,"fail",8.38298856895678e-07
6,"fail",9.00372033724334e-07
1,"speak",8.90819393494524e-07
2,"speak",4.49160334386658e-05
3,"speak",0.000125180668553551
4,"speak",8.63146410346709e-07
5,"speak",8.38298856895678e-07
6,"speak",9.09375754061579e-05
1,"tech",8.90819393494524e-07
2,"tech",0.00042361984478428
3,"tech",8.87806159954261e-07
4,"tech",8.63146410346709e-07
5,"tech",4.27532417016796e-05
6,"tech",9.00372033724334e-07
1,"avoid",9.79901332843977e-06
2,"avoid",0.000326742125602843
3,"avoid",1.86439293590395e-05
4,"avoid",3.53890028242151e-05
5,"avoid",8.38298856895678e-07
6,"avoid",9.00372033724334e-07
1,"lower",8.90819393494524e-07
2,"lower",8.80706538013056e-07
3,"lower",0.000382644454940286
4,"lower",8.63146410346709e-07
5,"lower",8.38298856895678e-07
6,"lower",9.00372033724334e-07
1,"radio",8.90819393494524e-07
2,"radio",9.68777191814362e-06
3,"radio",4.52781141576672e-05
4,"radio",8.63146410346709e-07
5,"radio",8.38298856895678e-07
6,"radio",0.00346733270187241
1,"disappointing",1.8707207263385e-05
2,"disappointing",0.00143643236349929
3,"disappointing",8.87806159954261e-07
4,"disappointing",0.000130335107962353
5,"disappointing",9.22128742585246e-06
6,"disappointing",1.8907812708211e-05
1,"mostly",8.90819393494524e-07
2,"mostly",8.80706538013056e-07
3,"mostly",0.000613474056528394
4,"mostly",0.000354753174652497
5,"mostly",8.38298856895678e-07
6,"mostly",0.000180974778778591
1,"rewind",8.90819393494524e-07
2,"rewind",0.00010656549109958
3,"rewind",0.000222839346148519
4,"rewind",0.00160631546965522
5,"rewind",8.38298856895678e-07
6,"rewind",9.00372033724334e-07
1,"coming",8.90819393494524e-07
2,"coming",8.80706538013056e-07
3,"coming",0.000595717933329309
4,"coming",8.63146410346709e-07
5,"coming",3.43702531327228e-05
6,"coming",0.000802231482048382
1,"handful",3.65235951332755e-05
2,"handful",8.80706538013056e-07
3,"handful",8.87806159954261e-07
4,"handful",8.63146410346709e-07
5,"handful",8.38298856895678e-07
6,"handful",3.69152533826978e-05
1,"certain",8.90819393494524e-07
2,"certain",8.80706538013056e-07
3,"certain",0.000542449563732053
4,"certain",8.63146410346709e-07
5,"certain",0.00243190498385436
6,"certain",9.00372033724334e-07
1,"taken",8.99727587429469e-05
2,"taken",0.000520497563965716
3,"taken",9.76586775949687e-06
4,"taken",8.63146410346709e-07
5,"taken",8.38298856895678e-07
6,"taken",9.00372033724334e-07
1,"freaking",9.79901332843977e-06
2,"freaking",0.000141793752620102
3,"freaking",9.76586775949687e-06
4,"freaking",8.63146410346709e-07
5,"freaking",0.000369689795890994
6,"freaking",9.00372033724334e-07
1,"accidentally",8.90819393494524e-07
2,"accidentally",8.80706538013056e-07
3,"accidentally",0.000782157226919703
4,"accidentally",8.63146410346709e-07
5,"accidentally",8.38298856895678e-07
6,"accidentally",9.00372033724334e-07
1,"symbol",8.90819393494524e-07
2,"symbol",0.000150600818000232
3,"symbol",8.87806159954261e-07
4,"symbol",8.63146410346709e-07
5,"symbol",8.38298856895678e-07
6,"symbol",9.00372033724334e-07
1,"ive",0.00112332325519659
2,"ive",0.000705445936948458
3,"ive",8.87806159954261e-07
4,"ive",8.63146410346709e-07
5,"ive",8.38298856895678e-07
6,"ive",9.90409237096768e-06
1,"tamil",8.90819393494524e-07
2,"tamil",8.80706538013056e-07
3,"tamil",8.87806159954261e-07
4,"tamil",8.63146410346709e-07
5,"tamil",8.38298856895678e-07
6,"tamil",0.000496104990582108
1,"original",8.90819393494524e-07
2,"original",8.80706538013056e-07
3,"original",0.000986352643709183
4,"original",8.63146410346709e-07
5,"original",8.38298856895678e-07
6,"original",9.00372033724334e-07
1,"alot",9.79901332843977e-06
2,"alot",8.80706538013056e-07
3,"alot",8.87806159954261e-07
4,"alot",8.63146410346709e-07
5,"alot",8.38298856895678e-07
6,"alot",0.00196371140555277
1,"spelling",8.90819393494524e-07
2,"spelling",8.80706538013056e-07
3,"spelling",8.87806159954261e-07
4,"spelling",8.63146410346709e-07
5,"spelling",8.38298856895678e-07
6,"spelling",7.29301347316712e-05
1,"mistakes",8.90819393494524e-07
2,"mistakes",8.80706538013056e-07
3,"mistakes",8.87806159954261e-07
4,"mistakes",8.71777874450176e-05
5,"mistakes",8.38298856895678e-07
6,"mistakes",5.49226940571845e-05
1,"stayed",8.10645648080017e-05
2,"stayed",8.80706538013056e-07
3,"stayed",8.87806159954261e-07
4,"stayed",8.63146410346709e-07
5,"stayed",8.38298856895678e-07
6,"stayed",9.00372033724334e-07
1,"stick",8.90819393494524e-07
2,"stick",8.80706538013056e-07
3,"stick",5.41561757572099e-05
4,"stick",8.63146410346709e-07
5,"stick",8.38298856895678e-07
6,"stick",0.000424075227884162
1,"losing",9.79901332843977e-06
2,"losing",0.000546918760106107
3,"losing",9.76586775949687e-06
4,"losing",0.000190755356686622
5,"losing",8.38298856895678e-07
6,"losing",9.00372033724334e-07
1,"unnecessary",8.90819393494524e-07
2,"unnecessary",8.80706538013056e-07
3,"unnecessary",0.000409278639738914
4,"unnecessary",8.63146410346709e-07
5,"unnecessary",8.38298856895678e-07
6,"unnecessary",9.90409237096768e-06
1,"gonna",8.90819393494524e-07
2,"gonna",0.00128671225203707
3,"gonna",0.00029386383894486
4,"gonna",8.63146410346709e-07
5,"gonna",0.000193647035942902
6,"gonna",9.00372033724334e-07
1,"simply",8.90819393494524e-07
2,"simply",8.80706538013056e-07
3,"simply",8.87806159954261e-07
4,"simply",8.63146410346709e-07
5,"simply",8.38298856895678e-07
6,"simply",0.00145950306666715
1,"definitely",8.90819393494524e-07
2,"definitely",9.68777191814362e-06
3,"definitely",8.87806159954261e-07
4,"definitely",8.63146410346709e-07
5,"definitely",8.38298856895678e-07
6,"definitely",0.00201773372757623
1,"rn",9.79901332843977e-06
2,"rn",8.80706538013056e-07
3,"rn",8.87806159954261e-07
4,"rn",8.63146410346709e-07
5,"rn",0.000227178990218729
6,"rn",9.00372033724334e-07
1,"allows",8.90819393494524e-07
2,"allows",8.80706538013056e-07
3,"allows",0.000134058730153093
4,"allows",8.63146410346709e-07
5,"allows",8.38298856895678e-07
6,"allows",0.00110835797351466
1,"minimize",8.90819393494524e-07
2,"minimize",8.80706538013056e-07
3,"minimize",8.87806159954261e-07
4,"minimize",8.63146410346709e-07
5,"minimize",8.38298856895678e-07
6,"minimize",0.000135956177092375
1,"entirely",8.90819393494524e-07
2,"entirely",8.80706538013056e-07
3,"entirely",8.87806159954261e-07
4,"entirely",0.000889903949067457
5,"entirely",8.38298856895678e-07
6,"entirely",9.00372033724334e-07
1,"earbuds",9.79901332843977e-06
2,"earbuds",8.80706538013056e-07
3,"earbuds",8.87806159954261e-07
4,"earbuds",0.000302964390031695
5,"earbuds",8.38298856895678e-07
6,"earbuds",9.00372033724334e-07
1,"exit",8.90819393494524e-07
2,"exit",8.80706538013056e-07
3,"exit",8.87806159954261e-07
4,"exit",0.000777694915722384
5,"exit",3.43702531327228e-05
6,"exit",9.00372033724334e-07
1,"drains",8.90819393494524e-07
2,"drains",8.80706538013056e-07
3,"drains",8.87806159954261e-07
4,"drains",9.58092515484846e-05
5,"drains",8.38298856895678e-07
6,"drains",9.00372033724334e-07
1,"battery",9.79901332843977e-06
2,"battery",8.80706538013056e-07
3,"battery",8.87806159954261e-07
4,"battery",0.00120926812089574
5,"battery",8.38298856895678e-07
6,"battery",9.00372033724334e-07
1,"continue",2.76154011983302e-05
2,"continue",0.000124179621859841
3,"continue",8.87806159954261e-07
4,"continue",0.0018479964645523
5,"continue",8.38298856895678e-07
6,"continue",9.00372033724334e-07
1,"broke",2.76154011983302e-05
2,"broke",8.80706538013056e-07
3,"broke",8.87806159954261e-07
4,"broke",0.00129558276193041
5,"broke",8.38298856895678e-07
6,"broke",9.00372033724334e-07
1,"disappeared",8.90819393494524e-07
2,"disappeared",8.80706538013056e-07
3,"disappeared",8.87806159954261e-07
4,"disappeared",0.00176168182351763
5,"disappeared",8.38298856895678e-07
6,"disappeared",9.00372033724334e-07
1,"happy",2.76154011983302e-05
2,"happy",0.00107534268291394
3,"happy",8.87806159954261e-07
4,"happy",8.63146410346709e-07
5,"happy",8.38298856895678e-07
6,"happy",0.00161256631240028
1,"excellent",8.90819393494524e-07
2,"excellent",9.68777191814362e-06
3,"excellent",8.87806159954261e-07
4,"excellent",8.63146410346709e-07
5,"excellent",8.38298856895678e-07
6,"excellent",0.00230585277836802
1,"jazz",8.90819393494524e-07
2,"jazz",9.68777191814362e-06
3,"jazz",8.87806159954261e-07
4,"jazz",9.4946105138138e-06
5,"jazz",8.38298856895678e-07
6,"jazz",0.000117948736417888
1,"building",8.90819393494524e-07
2,"building",0.000203443210281016
3,"building",8.87806159954261e-07
4,"building",8.63146410346709e-07
5,"building",8.38298856895678e-07
6,"building",8.19338550689144e-05
1,"left",8.90819393494524e-07
2,"left",8.80706538013056e-07
3,"left",0.00250450117723097
4,"left",8.63146410346709e-07
5,"left",8.38298856895678e-07
6,"left",9.00372033724334e-07
1,"commercials",8.90819393494524e-07
2,"commercials",8.80706538013056e-07
3,"commercials",0.000435912824537542
4,"commercials",8.63146410346709e-07
5,"commercials",8.38298856895678e-07
6,"commercials",0.000874261244746329
1,"puts",8.90819393494524e-07
2,"puts",4.49160334386658e-05
3,"puts",8.87806159954261e-07
4,"puts",8.63146410346709e-07
5,"puts",0.000830754167183617
6,"puts",9.00372033724334e-07
1,"together",8.90819393494524e-07
2,"together",8.80706538013056e-07
3,"together",0.00145688990848494
4,"together",0.000130335107962353
5,"together",8.38298856895678e-07
6,"together",9.00372033724334e-07
1,"quite",8.90819393494524e-07
2,"quite",0.00197366335168726
3,"quite",8.87806159954261e-07
4,"quite",0.000311595854135162
5,"quite",8.38298856895678e-07
6,"quite",0.000198982219453078
1,"winamp",8.90819393494524e-07
2,"winamp",8.80706538013056e-07
3,"winamp",6.30342373567525e-05
4,"winamp",8.63146410346709e-07
5,"winamp",8.38298856895678e-07
6,"winamp",9.00372033724334e-07
1,"truth",8.90819393494524e-07
2,"truth",9.68777191814362e-06
3,"truth",0.000107424545354466
4,"truth",8.63146410346709e-07
5,"truth",8.38298856895678e-07
6,"truth",9.00372033724334e-07
1,"preferred",8.90819393494524e-07
2,"preferred",8.80706538013056e-07
3,"preferred",8.87806159954261e-07
4,"preferred",2.6757538720748e-05
5,"preferred",8.38298856895678e-07
6,"preferred",0.000144959897429618
1,"stations",8.90819393494524e-07
2,"stations",9.68777191814362e-06
3,"stations",8.87806159954261e-07
4,"stations",8.63146410346709e-07
5,"stations",8.38298856895678e-07
6,"stations",0.000514112431256595
1,"customize",8.90819393494524e-07
2,"customize",8.80706538013056e-07
3,"customize",8.87806159954261e-07
4,"customize",8.63146410346709e-07
5,"customize",0.000151732093098118
6,"customize",0.000144959897429618
1,"artists",8.90819393494524e-07
2,"artists",8.80706538013056e-07
3,"artists",8.87806159954261e-07
4,"artists",8.63146410346709e-07
5,"artists",9.22128742585246e-06
6,"artists",0.00721288036216565
1,"plans",8.90819393494524e-07
2,"plans",0.000177022014140624
3,"plans",0.000116302606954008
4,"plans",9.4946105138138e-06
5,"plans",8.38298856895678e-07
6,"plans",9.00372033724334e-07
1,"colors",8.90819393494524e-07
2,"colors",8.80706538013056e-07
3,"colors",0.000125180668553551
4,"colors",8.63146410346709e-07
5,"colors",8.38298856895678e-07
6,"colors",9.00372033724334e-07
1,"wants",8.90819393494524e-07
2,"wants",0.00133955464431786
3,"wants",8.87806159954261e-07
4,"wants",8.63146410346709e-07
5,"wants",0.000109817150253334
6,"wants",9.00372033724334e-07
1,"gotta",8.90819393494524e-07
2,"gotta",8.80706538013056e-07
3,"gotta",0.00066674242612565
4,"gotta",9.4946105138138e-06
5,"gotta",8.38298856895678e-07
6,"gotta",9.00372033724334e-07
1,"thanx",8.90819393494524e-07
2,"thanx",8.80706538013056e-07
3,"thanx",4.52781141576672e-05
4,"thanx",8.63146410346709e-07
5,"thanx",8.38298856895678e-07
6,"thanx",9.00372033724334e-07
1,"away",9.79901332843977e-06
2,"away",8.80706538013056e-07
3,"away",0.00274420884041862
4,"away",8.63146410346709e-07
5,"away",8.38298856895678e-07
6,"away",9.00372033724334e-07
1,"remove",6.32481769381112e-05
2,"remove",8.80706538013056e-07
3,"remove",0.0045730895299244
4,"remove",4.40204669276821e-05
5,"remove",0.000109817150253334
6,"remove",9.00372033724334e-07
1,"removal",8.90819393494524e-07
2,"removal",8.80706538013056e-07
3,"removal",0.000187327099750349
4,"removal",8.63146410346709e-07
5,"removal",8.38298856895678e-07
6,"removal",9.00372033724334e-07
1,"preview",8.90819393494524e-07
2,"preview",8.80706538013056e-07
3,"preview",0.00303718487320352
4,"preview",8.63146410346709e-07
5,"preview",3.43702531327228e-05
6,"preview",9.00372033724334e-07
1,"pointless",8.90819393494524e-07
2,"pointless",8.80706538013056e-07
3,"pointless",0.000373766393340744
4,"pointless",8.63146410346709e-07
5,"pointless",8.38298856895678e-07
6,"pointless",2.79115330454544e-05
1,"breaking",8.90819393494524e-07
2,"breaking",8.80706538013056e-07
3,"breaking",8.87806159954261e-07
4,"breaking",0.000380647566962898
5,"breaking",2.5987264563766e-05
6,"breaking",9.90409237096768e-06
1,"typically",8.90819393494524e-07
2,"typically",8.80706538013056e-07
3,"typically",7.19122989562951e-05
4,"typically",2.6757538720748e-05
5,"typically",9.22128742585246e-06
6,"typically",5.49226940571845e-05
1,"seconds",8.90819393494524e-07
2,"seconds",1.84948372982742e-05
3,"seconds",8.87806159954261e-07
4,"seconds",0.00424754348531615
5,"seconds",8.38298856895678e-07
6,"seconds",9.00372033724334e-07
1,"2-3",8.90819393494524e-07
2,"2-3",8.80706538013056e-07
3,"2-3",0.000409278639738914
4,"2-3",1.81260746172809e-05
5,"2-3",0.000151732093098118
6,"2-3",9.00372033724334e-07
1,"functionalities",8.90819393494524e-07
2,"functionalities",8.80706538013056e-07
3,"functionalities",8.87806159954261e-07
4,"functionalities",8.63146410346709e-07
5,"functionalities",8.38298856895678e-07
6,"functionalities",4.59189737199411e-05
1,"menu",9.79901332843977e-06
2,"menu",8.80706538013056e-07
3,"menu",8.87806159954261e-07
4,"menu",0.00192567964148351
5,"menu",8.38298856895678e-07
6,"menu",9.90409237096768e-06
1,"living",7.21563708730564e-05
2,"living",8.80706538013056e-07
3,"living",8.07903605558377e-05
4,"living",8.63146410346709e-07
5,"living",8.38298856895678e-07
6,"living",9.00372033724334e-07
1,"odd",1.8707207263385e-05
2,"odd",8.80706538013056e-07
3,"odd",8.87806159954261e-07
4,"odd",0.000294332925928228
5,"odd",8.38298856895678e-07
6,"odd",9.00372033724334e-07
1,"favourites",1.8707207263385e-05
2,"favourites",8.80706538013056e-07
3,"favourites",8.87806159954261e-07
4,"favourites",8.63146410346709e-07
5,"favourites",8.38298856895678e-07
6,"favourites",0.000225993380464808
1,"looking",3.65235951332755e-05
2,"looking",8.80706538013056e-07
3,"looking",8.87806159954261e-07
4,"looking",8.63146410346709e-07
5,"looking",8.38298856895678e-07
6,"looking",0.00319722109175511
1,"nobody",8.90819393494524e-07
2,"nobody",8.80706538013056e-07
3,"nobody",8.87806159954261e-07
4,"nobody",8.63146410346709e-07
5,"nobody",0.000218796001649772
6,"nobody",9.00372033724334e-07
1,"green",8.90819393494524e-07
2,"green",8.80706538013056e-07
3,"green",0.000400400578139371
4,"green",8.63146410346709e-07
5,"green",2.5987264563766e-05
6,"green",6.39264143944278e-05
1,"stays",0.000731362722059004
2,"stays",8.80706538013056e-07
3,"stays",8.87806159954261e-07
4,"stays",8.63146410346709e-07
5,"stays",8.38298856895678e-07
6,"stays",9.00372033724334e-07
1,"tab",8.90819393494524e-07
2,"tab",8.80706538013056e-07
3,"tab",8.87806159954261e-07
4,"tab",0.00124379397730961
5,"tab",8.38298856895678e-07
6,"tab",9.90409237096768e-06
1,"pandora",8.90819393494524e-07
2,"pandora",0.0020441198747283
3,"pandora",8.87806159954261e-07
4,"pandora",8.63146410346709e-07
5,"pandora",9.22128742585246e-06
6,"pandora",0.000838246363397356
1,"meantime",9.79901332843977e-06
2,"meantime",9.68777191814362e-06
3,"meantime",8.87806159954261e-07
4,"meantime",2.6757538720748e-05
5,"meantime",8.38298856895678e-07
6,"meantime",9.00372033724334e-07
1,"edit",8.90819393494524e-07
2,"edit",8.80706538013056e-07
3,"edit",0.0038450884787619
4,"edit",8.63146410346709e-07
5,"edit",9.22128742585246e-06
6,"edit",9.00372033724334e-07
1,"trick",8.90819393494524e-07
2,"trick",1.84948372982742e-05
3,"trick",8.87806159954261e-07
4,"trick",3.53890028242151e-05
5,"trick",8.38298856895678e-07
6,"trick",9.90409237096768e-06
1,"forum",9.79901332843977e-06
2,"forum",0.000203443210281016
3,"forum",8.87806159954261e-07
4,"forum",8.63146410346709e-07
5,"forum",8.38298856895678e-07
6,"forum",9.00372033724334e-07
1,"intended",8.90819393494524e-07
2,"intended",8.80706538013056e-07
3,"intended",8.87806159954261e-07
4,"intended",0.000225281213100491
5,"intended",9.22128742585246e-06
6,"intended",9.00372033724334e-07
1,"disconnect",2.76154011983302e-05
2,"disconnect",9.68777191814362e-06
3,"disconnect",8.87806159954261e-07
4,"disconnect",0.000475593672101037
5,"disconnect",8.38298856895678e-07
6,"disconnect",9.00372033724334e-07
1,"settings",0.00369779130239577
2,"settings",8.80706538013056e-07
3,"settings",8.87806159954261e-07
4,"settings",8.63146410346709e-07
5,"settings",8.38298856895678e-07
6,"settings",1.8907812708211e-05
1,"phone's",8.90819393494524e-07
2,"phone's",8.80706538013056e-07
3,"phone's",8.87806159954261e-07
4,"phone's",0.000423804887480234
5,"phone's",8.38298856895678e-07
6,"phone's",9.00372033724334e-07
1,"internal",0.000410667740400976
2,"internal",8.80706538013056e-07
3,"internal",8.87806159954261e-07
4,"internal",8.63146410346709e-07
5,"internal",8.38298856895678e-07
6,"internal",9.00372033724334e-07
1,"pages",0.000321585801051523
2,"pages",8.80706538013056e-07
3,"pages",8.87806159954261e-07
4,"pages",6.99148592380834e-05
5,"pages",8.38298856895678e-07
6,"pages",9.00372033724334e-07
1,"empty",0.00101642492797725
2,"empty",8.80706538013056e-07
3,"empty",8.87806159954261e-07
4,"empty",8.63146410346709e-07
5,"empty",8.38298856895678e-07
6,"empty",9.00372033724334e-07
1,"browser",0.000464116904010647
2,"browser",8.80706538013056e-07
3,"browser",8.87806159954261e-07
4,"browser",8.63146410346709e-07
5,"browser",8.38298856895678e-07
6,"browser",9.90409237096768e-06
1,"cd",8.90819393494524e-07
2,"cd",8.80706538013056e-07
3,"cd",8.87806159954261e-07
4,"cd",8.63146410346709e-07
5,"cd",8.38298856895678e-07
6,"cd",0.000667175676989732
1,"uninstalled",0.00413429280520809
2,"uninstalled",8.80706538013056e-07
3,"uninstalled",8.87806159954261e-07
4,"uninstalled",8.63146410346709e-07
5,"uninstalled",8.38298856895678e-07
6,"uninstalled",9.00372033724334e-07
1,"frustrated",8.90819393494524e-07
2,"frustrated",0.000881587244551068
3,"frustrated",9.76586775949687e-06
4,"frustrated",8.63146410346709e-07
5,"frustrated",8.38298856895678e-07
6,"frustrated",3.69152533826978e-05
1,"improved",8.90819393494524e-07
2,"improved",9.68777191814362e-06
3,"improved",8.87806159954261e-07
4,"improved",8.63146410346709e-07
5,"improved",8.38298856895678e-07
6,"improved",0.000577138473617299
1,"couple",8.90819393494524e-07
2,"couple",0.00336517968174789
3,"couple",8.87806159954261e-07
4,"couple",8.71777874450176e-05
5,"couple",8.38298856895678e-07
6,"couple",9.90409237096768e-06
1,"continuing",3.65235951332755e-05
2,"continuing",8.80706538013056e-07
3,"continuing",8.87806159954261e-07
4,"continuing",0.000190755356686622
5,"continuing",1.76042759948093e-05
6,"continuing",9.00372033724334e-07
1,"a71",8.90819393494524e-07
2,"a71",8.80706538013056e-07
3,"a71",8.87806159954261e-07
4,"a71",6.12833951346163e-05
5,"a71",8.38298856895678e-07
6,"a71",9.00372033724334e-07
1,"screwing",8.90819393494524e-07
2,"screwing",8.80706538013056e-07
3,"screwing",3.64000525581247e-05
4,"screwing",8.63146410346709e-07
5,"screwing",8.38298856895678e-07
6,"screwing",5.49226940571845e-05
1,"content",0.00216558194558519
2,"content",8.80706538013056e-07
3,"content",5.41561757572099e-05
4,"content",8.63146410346709e-07
5,"content",8.38298856895678e-07
6,"content",0.0013874733039692
1,"elsewhere",8.90819393494524e-07
2,"elsewhere",0.000626182348527283
3,"elsewhere",8.87806159954261e-07
4,"elsewhere",9.4946105138138e-06
5,"elsewhere",8.38298856895678e-07
6,"elsewhere",9.90409237096768e-06
1,"knew",9.79901332843977e-06
2,"knew",7.13372295790575e-05
3,"knew",8.87806159954261e-07
4,"knew",8.63146410346709e-07
5,"knew",8.38298856895678e-07
6,"knew",0.000397064066872432
1,"friend",8.90819393494524e-07
2,"friend",8.80706538013056e-07
3,"friend",0.000720010795722905
4,"friend",8.63146410346709e-07
5,"friend",8.38298856895678e-07
6,"friend",9.00372033724334e-07
1,"introduced",8.90819393494524e-07
2,"introduced",8.80706538013056e-07
3,"introduced",0.000196205161349891
4,"introduced",8.63146410346709e-07
5,"introduced",8.38298856895678e-07
6,"introduced",9.99412957434012e-05
1,"zero",8.90819393494524e-07
2,"zero",0.000203443210281016
3,"zero",0.0019274271732607
4,"zero",8.63146410346709e-07
5,"zero",8.38298856895678e-07
6,"zero",9.00372033724334e-07
1,"afford",8.90819393494524e-07
2,"afford",8.80706538013056e-07
3,"afford",0.000338254146942573
4,"afford",8.63146410346709e-07
5,"afford",8.38298856895678e-07
6,"afford",9.00372033724334e-07
1,"specific",8.90819393494524e-07
2,"specific",8.80706538013056e-07
3,"specific",8.87806159954261e-07
4,"specific",8.63146410346709e-07
5,"specific",0.00342948062356022
6,"specific",9.00372033724334e-07
1,"remixes",8.90819393494524e-07
2,"remixes",8.80706538013056e-07
3,"remixes",0.000169570976551264
4,"remixes",8.63146410346709e-07
5,"remixes",8.38298856895678e-07
6,"remixes",3.69152533826978e-05
1,"downloading",0.00270898177561685
2,"downloading",8.80706538013056e-07
3,"downloading",8.87806159954261e-07
4,"downloading",8.63146410346709e-07
5,"downloading",8.38298856895678e-07
6,"downloading",9.90409237096768e-06
1,"alarm",8.90819393494524e-07
2,"alarm",8.80706538013056e-07
3,"alarm",0.000391522516539829
4,"alarm",8.63146410346709e-07
5,"alarm",1.76042759948093e-05
6,"alarm",9.00372033724334e-07
1,"ringtone",8.90819393494524e-07
2,"ringtone",3.61089680585353e-05
3,"ringtone",7.19122989562951e-05
4,"ringtone",8.63146410346709e-07
5,"ringtone",8.38298856895678e-07
6,"ringtone",9.00372033724334e-07
1,"main",2.76154011983302e-05
2,"main",8.80706538013056e-07
3,"main",0.00161669501727671
4,"main",1.81260746172809e-05
5,"main",8.38298856895678e-07
6,"main",9.00372033724334e-07
1,"language",8.90819393494524e-07
2,"language",8.80706538013056e-07
3,"language",9.76586775949687e-06
4,"language",9.4946105138138e-06
5,"language",8.38298856895678e-07
6,"language",0.00149551794801612
1,"yall",8.90819393494524e-07
2,"yall",8.80706538013056e-07
3,"yall",0.000826547534917416
4,"yall",8.63146410346709e-07
5,"yall",8.38298856895678e-07
6,"yall",9.00372033724334e-07
1,"voice",8.90819393494524e-07
2,"voice",8.80706538013056e-07
3,"voice",0.00077327916532016
4,"voice",8.63146410346709e-07
5,"voice",8.38298856895678e-07
6,"voice",9.00372033724334e-07
1,"tired",8.90819393494524e-07
2,"tired",0.00116341333671525
3,"tired",8.87806159954261e-07
4,"tired",8.63146410346709e-07
5,"tired",8.38298856895678e-07
6,"tired",9.00372033724334e-07
1,"suggested",8.90819393494524e-07
2,"suggested",8.80706538013056e-07
3,"suggested",8.87806159954261e-07
4,"suggested",8.63146410346709e-07
5,"suggested",0.00306062912652612
6,"suggested",9.00372033724334e-07
1,"yhe",8.10645648080017e-05
2,"yhe",8.80706538013056e-07
3,"yhe",8.87806159954261e-07
4,"yhe",8.63146410346709e-07
5,"yhe",8.38298856895678e-07
6,"yhe",9.90409237096768e-06
1,"likes",8.90819393494524e-07
2,"likes",8.80706538013056e-07
3,"likes",0.000267229654146232
4,"likes",1.81260746172809e-05
5,"likes",9.22128742585246e-06
6,"likes",0.000694186838001462
1,"companies",8.90819393494524e-07
2,"companies",0.000256285602561799
3,"companies",8.87806159954261e-07
4,"companies",8.63146410346709e-07
5,"companies",8.38298856895678e-07
6,"companies",4.59189737199411e-05
1,"heck",0.000490841485815483
2,"heck",9.68777191814362e-06
3,"heck",0.000134058730153093
4,"heck",8.63146410346709e-07
5,"heck",8.38298856895678e-07
6,"heck",9.00372033724334e-07
1,"n",8.90819393494524e-07
2,"n",8.80706538013056e-07
3,"n",8.87806159954261e-07
4,"n",8.63146410346709e-07
5,"n",8.38298856895678e-07
6,"n",0.00114437285486363
1,"starting",0.000152330116287564
2,"starting",9.68777191814362e-06
3,"starting",8.87806159954261e-07
4,"starting",0.00180483914403497
5,"starting",9.22128742585246e-06
6,"starting",9.00372033724334e-07
1,"busted",8.90819393494524e-07
2,"busted",8.80706538013056e-07
3,"busted",8.87806159954261e-07
4,"busted",2.6757538720748e-05
5,"busted",8.38298856895678e-07
6,"busted",4.59189737199411e-05
1,"discovered",8.90819393494524e-07
2,"discovered",8.80706538013056e-07
3,"discovered",8.87806159954261e-07
4,"discovered",8.63146410346709e-07
5,"discovered",8.38298856895678e-07
6,"discovered",0.000559131032942812
1,"rule",8.90819393494524e-07
2,"rule",8.80706538013056e-07
3,"rule",8.87806159954261e-07
4,"rule",8.63146410346709e-07
5,"rule",3.43702531327228e-05
6,"rule",1.8907812708211e-05
1,"counter",5.43399830031659e-05
2,"counter",8.80706538013056e-07
3,"counter",8.87806159954261e-07
4,"counter",1.81260746172809e-05
5,"counter",8.38298856895678e-07
6,"counter",9.00372033724334e-07
1,"intuitive",8.90819393494524e-07
2,"intuitive",8.80706538013056e-07
3,"intuitive",8.87806159954261e-07
4,"intuitive",8.63146410346709e-07
5,"intuitive",8.38298856895678e-07
6,"intuitive",0.00095529472778152
1,"initially",0.000107789146612837
2,"initially",8.80706538013056e-07
3,"initially",0.000160692914951721
4,"initially",8.63146410346709e-07
5,"initially",8.38298856895678e-07
6,"initially",2.79115330454544e-05
1,"bluetooth",8.90819393494524e-07
2,"bluetooth",8.80706538013056e-07
3,"bluetooth",8.87806159954261e-07
4,"bluetooth",0.00817485965239368
5,"bluetooth",8.38298856895678e-07
6,"bluetooth",9.00372033724334e-07
1,"fantastic",8.90819393494524e-07
2,"fantastic",9.68777191814362e-06
3,"fantastic",8.87806159954261e-07
4,"fantastic",8.63146410346709e-07
5,"fantastic",8.38298856895678e-07
6,"fantastic",0.00125241749891055
1,"thankyou",6.32481769381112e-05
2,"thankyou",8.80706538013056e-07
3,"thankyou",0.000107424545354466
4,"thankyou",8.63146410346709e-07
5,"thankyou",9.22128742585246e-06
6,"thankyou",9.00372033724334e-07
1,"iheartradio",8.90819393494524e-07
2,"iheartradio",7.13372295790575e-05
3,"iheartradio",8.87806159954261e-07
4,"iheartradio",8.63146410346709e-07
5,"iheartradio",8.38298856895678e-07
6,"iheartradio",1.8907812708211e-05
1,"improvement",8.90819393494524e-07
2,"improvement",9.68777191814362e-06
3,"improvement",0.000284985777345318
4,"improvement",8.63146410346709e-07
5,"improvement",1.76042759948093e-05
6,"improvement",0.000352045465186215
1,"iheart",8.90819393494524e-07
2,"iheart",7.13372295790575e-05
3,"iheart",8.87806159954261e-07
4,"iheart",8.63146410346709e-07
5,"iheart",8.38298856895678e-07
6,"iheart",4.59189737199411e-05
1,"sent",8.90819393494524e-07
2,"sent",0.000608568217767021
3,"sent",8.87806159954261e-07
4,"sent",8.63146410346709e-07
5,"sent",8.38298856895678e-07
6,"sent",9.00372033724334e-07
1,"reorder",8.90819393494524e-07
2,"reorder",8.80706538013056e-07
3,"reorder",4.52781141576672e-05
4,"reorder",8.63146410346709e-07
5,"reorder",5.95192188395932e-05
6,"reorder",9.00372033724334e-07
1,"touch",8.90819393494524e-07
2,"touch",8.80706538013056e-07
3,"touch",0.000231717407748062
4,"touch",0.000423804887480234
5,"touch",8.38298856895678e-07
6,"touch",9.00372033724334e-07
1,"updated",0.00495384664722305
2,"updated",8.80706538013056e-07
3,"updated",8.87806159954261e-07
4,"updated",0.000208018284893557
5,"updated",8.38298856895678e-07
6,"updated",9.00372033724334e-07
1,"reduced",8.90819393494524e-07
2,"reduced",8.01442949591881e-05
3,"reduced",6.30342373567525e-05
4,"reduced",8.63146410346709e-07
5,"reduced",8.38298856895678e-07
6,"reduced",9.00372033724334e-07
1,"hot",0.000143421922352618
2,"hot",0.00027389973332206
3,"hot",8.87806159954261e-07
4,"hot",8.63146410346709e-07
5,"hot",8.38298856895678e-07
6,"hot",9.00372033724334e-07
1,"nice",8.90819393494524e-07
2,"nice",8.80706538013056e-07
3,"nice",8.87806159954261e-07
4,"nice",1.81260746172809e-05
5,"nice",8.38298856895678e-07
6,"nice",0.00677169806564073
1,"trial",8.90819393494524e-07
2,"trial",0.000855166048410677
3,"trial",8.87806159954261e-07
4,"trial",8.63146410346709e-07
5,"trial",8.38298856895678e-07
6,"trial",9.00372033724334e-07
1,"m",0.000366126770726249
2,"m",8.80706538013056e-07
3,"m",0.000107424545354466
4,"m",8.63146410346709e-07
5,"m",8.38298856895678e-07
6,"m",9.00372033724334e-07
1,"yep",8.90819393494524e-07
2,"yep",8.80706538013056e-07
3,"yep",5.41561757572099e-05
4,"yep",8.63146410346709e-07
5,"yep",8.38298856895678e-07
6,"yep",9.90409237096768e-06
1,"l",8.90819393494524e-07
2,"l",8.80706538013056e-07
3,"l",8.87806159954261e-07
4,"l",8.63146410346709e-07
5,"l",8.38298856895678e-07
6,"l",0.00090127240575806
1,"least",0.00021468747383218
2,"least",0.00273987803975862
3,"least",0.000675620487725192
4,"least",9.4946105138138e-06
5,"least",8.38298856895678e-07
6,"least",9.90409237096768e-06
1,"opinion",9.79901332843977e-06
2,"opinion",8.80706538013056e-07
3,"opinion",0.000826547534917416
4,"opinion",8.63146410346709e-07
5,"opinion",8.38298856895678e-07
6,"opinion",9.00372033724334e-07
1,"unhelpful",8.90819393494524e-07
2,"unhelpful",8.80706538013056e-07
3,"unhelpful",2.75219909585821e-05
4,"unhelpful",9.4946105138138e-06
5,"unhelpful",7.62851959775067e-05
6,"unhelpful",9.00372033724334e-07
1,"sake",8.90819393494524e-07
2,"sake",8.80706538013056e-07
3,"sake",0.000178449038150806
4,"sake",8.63146410346709e-07
5,"sake",8.38298856895678e-07
6,"sake",9.00372033724334e-07
1,"kind",8.90819393494524e-07
2,"kind",9.68777191814362e-06
3,"kind",0.0018031343108671
4,"kind",4.40204669276821e-05
5,"kind",8.38298856895678e-07
6,"kind",0.000298023143162755
1,"genres",8.90819393494524e-07
2,"genres",8.80706538013056e-07
3,"genres",8.87806159954261e-07
4,"genres",8.63146410346709e-07
5,"genres",8.38298856895678e-07
6,"genres",0.00161256631240028
1,"reccomend",4.54317890682208e-05
2,"reccomend",0.000141793752620102
3,"reccomend",8.87806159954261e-07
4,"reccomend",8.63146410346709e-07
5,"reccomend",8.38298856895678e-07
6,"reccomend",9.00372033724334e-07
1,"unrelated",8.90819393494524e-07
2,"unrelated",9.68777191814362e-06
3,"unrelated",8.87806159954261e-07
4,"unrelated",2.6757538720748e-05
5,"unrelated",0.000311008875908297
6,"unrelated",9.00372033724334e-07
1,"dislike",8.90819393494524e-07
2,"dislike",8.80706538013056e-07
3,"dislike",0.000720010795722905
4,"dislike",8.63146410346709e-07
5,"dislike",0.000126583127391248
6,"dislike",9.00372033724334e-07
1,"hide",8.90819393494524e-07
2,"hide",8.80706538013056e-07
3,"hide",0.000915328150912842
4,"hide",8.63146410346709e-07
5,"hide",8.38298856895678e-07
6,"hide",9.00372033724334e-07
1,"reccomended",8.90819393494524e-07
2,"reccomended",8.80706538013056e-07
3,"reccomended",8.87806159954261e-07
4,"reccomended",8.63146410346709e-07
5,"reccomended",0.000101434161684377
6,"reccomended",9.00372033724334e-07
1,"folder",8.90819393494524e-07
2,"folder",8.80706538013056e-07
3,"folder",0.00029386383894486
4,"folder",8.63146410346709e-07
5,"folder",8.38298856895678e-07
6,"folder",9.90409237096768e-06
1,"road",8.90819393494524e-07
2,"road",1.84948372982742e-05
3,"road",7.19122989562951e-05
4,"road",8.63146410346709e-07
5,"road",8.38298856895678e-07
6,"road",0.000316030583837242
1,"exactly",8.90819393494524e-07
2,"exactly",8.80706538013056e-07
3,"exactly",0.000586839871729766
4,"exactly",8.63146410346709e-07
5,"exactly",8.38298856895678e-07
6,"exactly",0.000198982219453078
1,"resource",8.90819393494524e-07
2,"resource",1.84948372982742e-05
3,"resource",8.87806159954261e-07
4,"resource",1.81260746172809e-05
5,"resource",8.38298856895678e-07
6,"resource",9.90409237096768e-06
1,"deciding",8.90819393494524e-07
2,"deciding",4.49160334386658e-05
3,"deciding",8.87806159954261e-07
4,"deciding",6.99148592380834e-05
5,"deciding",8.38298856895678e-07
6,"deciding",9.90409237096768e-06
1,"pain",8.90819393494524e-07
2,"pain",8.80706538013056e-07
3,"pain",1.86439293590395e-05
4,"pain",0.000872641020860522
5,"pain",8.38298856895678e-07
6,"pain",4.59189737199411e-05
1,"stream",0.000170146504157454
2,"stream",8.80706538013056e-07
3,"stream",8.87806159954261e-07
4,"stream",9.4946105138138e-06
5,"stream",8.38298856895678e-07
6,"stream",0.00112636541418914
1,"episodes",0.000410667740400976
2,"episodes",1.84948372982742e-05
3,"episodes",0.00049805925573434
4,"episodes",0.00120063665679227
5,"episodes",8.38298856895678e-07
6,"episodes",9.90409237096768e-06
1,"feed",8.90819393494524e-07
2,"feed",8.80706538013056e-07
3,"feed",7.19122989562951e-05
4,"feed",9.4946105138138e-06
5,"feed",8.38298856895678e-07
6,"feed",0.000117948736417888
1,"widget",8.90819393494524e-07
2,"widget",8.80706538013056e-07
3,"widget",8.87806159954261e-07
4,"widget",0.0017703132876211
5,"widget",8.38298856895678e-07
6,"widget",9.00372033724334e-07
1,"def",8.90819393494524e-07
2,"def",8.80706538013056e-07
3,"def",7.19122989562951e-05
4,"def",8.63146410346709e-07
5,"def",8.38298856895678e-07
6,"def",9.00372033724334e-07
1,"supporting",8.90819393494524e-07
2,"supporting",0.000212250275661146
3,"supporting",8.87806159954261e-07
4,"supporting",8.63146410346709e-07
5,"supporting",8.38298856895678e-07
6,"supporting",9.00372033724334e-07
1,"helpful",8.90819393494524e-07
2,"helpful",8.80706538013056e-07
3,"helpful",0.000134058730153093
4,"helpful",8.63146410346709e-07
5,"helpful",8.38298856895678e-07
6,"helpful",0.000973302168456006
1,"picking",3.65235951332755e-05
2,"picking",8.80706538013056e-07
3,"picking",8.87806159954261e-07
4,"picking",9.4946105138138e-06
5,"picking",0.000352923818753081
6,"picking",9.00372033724334e-07
1,"leaving",8.90819393494524e-07
2,"leaving",9.68777191814362e-06
3,"leaving",9.76586775949687e-06
4,"leaving",0.000734537595205049
5,"leaving",8.38298856895678e-07
6,"leaving",9.00372033724334e-07
1,"community",8.90819393494524e-07
2,"community",0.000397198648643888
3,"community",8.87806159954261e-07
4,"community",8.63146410346709e-07
5,"community",8.38298856895678e-07
6,"community",9.00372033724334e-07
1,"sitting",6.32481769381112e-05
2,"sitting",9.77584257194491e-05
3,"sitting",5.41561757572099e-05
4,"sitting",8.63146410346709e-07
5,"sitting",8.38298856895678e-07
6,"sitting",9.90409237096768e-06
1,"outside",8.90819393494524e-07
2,"outside",8.80706538013056e-07
3,"outside",0.000400400578139371
4,"outside",0.000121703643858886
5,"outside",8.38298856895678e-07
6,"outside",9.99412957434012e-05
1,"business",8.90819393494524e-07
2,"business",0.000538111694725977
3,"business",8.87806159954261e-07
4,"business",8.63146410346709e-07
5,"business",8.38298856895678e-07
6,"business",9.00372033724334e-07
1,"thousands",8.90819393494524e-07
2,"thousands",0.000406005714024019
3,"thousands",8.87806159954261e-07
4,"thousands",8.63146410346709e-07
5,"thousands",8.38298856895678e-07
6,"thousands",4.59189737199411e-05
1,"redownload",0.000918434794692854
2,"redownload",8.80706538013056e-07
3,"redownload",8.87806159954261e-07
4,"redownload",8.63146410346709e-07
5,"redownload",8.38298856895678e-07
6,"redownload",9.00372033724334e-07
1,"hi",0.000936251182562745
2,"hi",8.80706538013056e-07
3,"hi",8.87806159954261e-07
4,"hi",8.63146410346709e-07
5,"hi",3.43702531327228e-05
6,"hi",9.00372033724334e-07
1,"poor",8.99727587429469e-05
2,"poor",0.001956049220927
3,"poor",8.87806159954261e-07
4,"poor",8.63146410346709e-07
5,"poor",8.38298856895678e-07
6,"poor",9.00372033724334e-07
1,"un",0.000170146504157454
2,"un",8.80706538013056e-07
3,"un",6.30342373567525e-05
4,"un",8.63146410346709e-07
5,"un",1.76042759948093e-05
6,"un",9.00372033724334e-07
1,"hopefully",8.90819393494524e-07
2,"hopefully",3.61089680585353e-05
3,"hopefully",8.87806159954261e-07
4,"hopefully",0.000889903949067457
5,"hopefully",8.38298856895678e-07
6,"hopefully",9.00372033724334e-07
1,"pairing",8.90819393494524e-07
2,"pairing",8.80706538013056e-07
3,"pairing",8.87806159954261e-07
4,"pairing",7.85463233415505e-05
5,"pairing",8.38298856895678e-07
6,"pairing",9.00372033724334e-07
1,"sound",8.90819393494524e-07
2,"sound",8.80706538013056e-07
3,"sound",8.87806159954261e-07
4,"sound",8.63146410346709e-07
5,"sound",2.5987264563766e-05
6,"sound",0.00516003212527416
1,"kinks",8.90819393494524e-07
2,"kinks",9.68777191814362e-06
3,"kinks",8.87806159954261e-07
4,"kinks",8.63146410346709e-07
5,"kinks",8.38298856895678e-07
6,"kinks",5.49226940571845e-05
1,"breaks",8.90819393494524e-07
2,"breaks",8.80706538013056e-07
3,"breaks",8.87806159954261e-07
4,"breaks",0.000630960025963444
5,"breaks",8.38298856895678e-07
6,"breaks",9.00372033724334e-07
1,"cost",8.90819393494524e-07
2,"cost",0.000124179621859841
3,"cost",8.87806159954261e-07
4,"cost",8.63146410346709e-07
5,"cost",8.38298856895678e-07
6,"cost",0.000225993380464808
1,"kinda",8.90819393494524e-07
2,"kinda",8.80706538013056e-07
3,"kinda",0.000560205686931138
4,"kinda",8.63146410346709e-07
5,"kinda",0.00114092474423502
6,"kinda",9.00372033724334e-07
1,"confused",8.90819393494524e-07
2,"confused",9.68777191814362e-06
3,"confused",8.87806159954261e-07
4,"confused",8.63146410346709e-07
5,"confused",0.000218796001649772
6,"confused",8.19338550689144e-05
1,"sometime",0.000508657873685373
2,"sometime",8.80706538013056e-07
3,"sometime",7.19122989562951e-05
4,"sometime",8.63146410346709e-07
5,"sometime",8.38298856895678e-07
6,"sometime",9.00372033724334e-07
1,"speed",0.000873893825018128
2,"speed",8.80706538013056e-07
3,"speed",8.87806159954261e-07
4,"speed",8.63146410346709e-07
5,"speed",2.5987264563766e-05
6,"speed",9.00372033724334e-07
1,"hack",0.000107789146612837
2,"hack",8.80706538013056e-07
3,"hack",8.87806159954261e-07
4,"hack",8.63146410346709e-07
5,"hack",8.38298856895678e-07
6,"hack",9.00372033724334e-07
1,"avail",0.00040175954646603
2,"avail",8.80706538013056e-07
3,"avail",9.76586775949687e-06
4,"avail",9.4946105138138e-06
5,"avail",8.38298856895678e-07
6,"avail",9.00372033724334e-07
1,"fyi",8.90819393494524e-07
2,"fyi",8.80706538013056e-07
3,"fyi",8.87806159954261e-07
4,"fyi",8.63146410346709e-07
5,"fyi",7.62851959775067e-05
6,"fyi",9.00372033724334e-07
1,"major",0.000223595667767126
2,"major",8.80706538013056e-07
3,"major",1.86439293590395e-05
4,"major",0.000864009556757055
5,"major",8.38298856895678e-07
6,"major",9.00372033724334e-07
1,"selected",8.90819393494524e-07
2,"selected",8.80706538013056e-07
3,"selected",8.87806159954261e-07
4,"selected",0.000104440715651952
5,"selected",0.000872669110028401
6,"selected",9.00372033724334e-07
1,"questioning",8.90819393494524e-07
2,"questioning",1.84948372982742e-05
3,"questioning",8.87806159954261e-07
4,"questioning",8.63146410346709e-07
5,"questioning",8.38298856895678e-07
6,"questioning",2.79115330454544e-05
1,"general",8.90819393494524e-07
2,"general",8.80706538013056e-07
3,"general",0.000284985777345318
4,"general",0.000501488064411438
5,"general",8.38298856895678e-07
6,"general",9.00372033724334e-07
1,"action",8.90819393494524e-07
2,"action",9.77584257194491e-05
3,"action",8.87806159954261e-07
4,"action",8.63146410346709e-07
5,"action",6.790220740855e-05
6,"action",0.000171971058441348
1,"date",0.00111441506126165
2,"date",8.80706538013056e-07
3,"date",8.87806159954261e-07
4,"date",6.99148592380834e-05
5,"date",8.38298856895678e-07
6,"date",9.00372033724334e-07
1,"gone",8.90819393494524e-07
2,"gone",8.80706538013056e-07
3,"gone",8.87806159954261e-07
4,"gone",0.00404901981093641
5,"gone",4.27532417016796e-05
6,"gone",9.00372033724334e-07
1,"resume",8.90819393494524e-07
2,"resume",9.68777191814362e-06
3,"resume",8.87806159954261e-07
4,"resume",0.000605065633653043
5,"resume",8.38298856895678e-07
6,"resume",9.00372033724334e-07
1,"twelve",9.79901332843977e-06
2,"twelve",8.80706538013056e-07
3,"twelve",8.87806159954261e-07
4,"twelve",0.00112295347986107
5,"twelve",8.38298856895678e-07
6,"twelve",9.00372033724334e-07
1,"tenths",8.10645648080017e-05
2,"tenths",8.80706538013056e-07
3,"tenths",0.000489181194134797
4,"tenths",8.63146410346709e-07
5,"tenths",8.38298856895678e-07
6,"tenths",9.00372033724334e-07
1,"station",1.8707207263385e-05
2,"station",8.80706538013056e-07
3,"station",8.87806159954261e-07
4,"station",8.63146410346709e-07
5,"station",8.38298856895678e-07
6,"station",0.000541123592268326
1,"heart",8.90819393494524e-07
2,"heart",8.80706538013056e-07
3,"heart",0.000551327625331596
4,"heart",8.63146410346709e-07
5,"heart",0.000109817150253334
6,"heart",9.00372033724334e-07
1,"huge",8.90819393494524e-07
2,"huge",8.80706538013056e-07
3,"huge",8.87806159954261e-07
4,"huge",8.63146410346709e-07
5,"huge",8.38298856895678e-07
6,"huge",0.00150452166835336
1,"types",8.90819393494524e-07
2,"types",1.84948372982742e-05
3,"types",8.87806159954261e-07
4,"types",8.63146410346709e-07
5,"types",8.38298856895678e-07
6,"types",0.000703190558338705
1,"normal",8.90819393494524e-07
2,"normal",8.80706538013056e-07
3,"normal",0.00119942612209821
4,"normal",8.63146410346709e-07
5,"normal",8.38298856895678e-07
6,"normal",9.00372033724334e-07
1,"acess",8.90819393494524e-07
2,"acess",2.73019026784047e-05
3,"acess",3.64000525581247e-05
4,"acess",8.63146410346709e-07
5,"acess",8.38298856895678e-07
6,"acess",9.00372033724334e-07
1,"slows",8.90819393494524e-07
2,"slows",5.37230988187964e-05
3,"slows",8.87806159954261e-07
4,"slows",8.63146410346709e-07
5,"slows",9.22128742585246e-06
6,"slows",9.00372033724334e-07
1,"pc",8.90819393494524e-07
2,"pc",8.89513603393186e-05
3,"pc",0.00312596548919895
4,"pc",9.4946105138138e-06
5,"pc",8.38298856895678e-07
6,"pc",9.00372033724334e-07
1,"exception",3.65235951332755e-05
2,"exception",8.80706538013056e-07
3,"exception",8.87806159954261e-07
4,"exception",8.63146410346709e-07
5,"exception",8.38298856895678e-07
6,"exception",8.19338550689144e-05
1,"become",8.90819393494524e-07
2,"become",8.80706538013056e-07
3,"become",9.76586775949687e-06
4,"become",0.00254714505693314
5,"become",8.38298856895678e-07
6,"become",2.79115330454544e-05
1,"late",1.8707207263385e-05
2,"late",2.73019026784047e-05
3,"late",6.30342373567525e-05
4,"late",0.000596434169549576
5,"late",8.38298856895678e-07
6,"late",9.00372033724334e-07
1,"straightforward",8.90819393494524e-07
2,"straightforward",0.00010656549109958
3,"straightforward",8.87806159954261e-07
4,"straightforward",1.81260746172809e-05
5,"straightforward",8.38298856895678e-07
6,"straightforward",9.00372033724334e-07
1,"doubt",9.79901332843977e-06
2,"doubt",8.80706538013056e-07
3,"doubt",8.87806159954261e-07
4,"doubt",8.63146410346709e-07
5,"doubt",8.38298856895678e-07
6,"doubt",0.000289019422825511
1,"request",8.90819393494524e-07
2,"request",0.000652603544667674
3,"request",0.000373766393340744
4,"request",8.63146410346709e-07
5,"request",8.38298856895678e-07
6,"request",9.00372033724334e-07
1,"english",8.90819393494524e-07
2,"english",9.68777191814362e-06
3,"english",8.87806159954261e-07
4,"english",8.63146410346709e-07
5,"english",8.38298856895678e-07
6,"english",0.00124341377857331
1,"indian",8.90819393494524e-07
2,"indian",8.80706538013056e-07
3,"indian",8.87806159954261e-07
4,"indian",8.63146410346709e-07
5,"indian",3.43702531327228e-05
6,"indian",0.000189978499115835
1,"languages",8.90819393494524e-07
2,"languages",8.80706538013056e-07
3,"languages",8.87806159954261e-07
4,"languages",8.63146410346709e-07
5,"languages",8.38298856895678e-07
6,"languages",0.000721197999013192
1,"telugu",8.90819393494524e-07
2,"telugu",8.80706538013056e-07
3,"telugu",8.87806159954261e-07
4,"telugu",8.63146410346709e-07
5,"telugu",8.38298856895678e-07
6,"telugu",0.000189978499115835
1,"marathi",2.76154011983302e-05
2,"marathi",8.80706538013056e-07
3,"marathi",8.87806159954261e-07
4,"marathi",9.4946105138138e-06
5,"marathi",8.38298856895678e-07
6,"marathi",4.59189737199411e-05
1,"hindi",8.90819393494524e-07
2,"hindi",8.80706538013056e-07
3,"hindi",9.76586775949687e-06
4,"hindi",8.63146410346709e-07
5,"hindi",8.38298856895678e-07
6,"hindi",0.000460090109233135
1,"met",8.90819393494524e-07
2,"met",8.80706538013056e-07
3,"met",7.19122989562951e-05
4,"met",8.63146410346709e-07
5,"met",8.38298856895678e-07
6,"met",9.00372033724334e-07
1,"grey",0.000107789146612837
2,"grey",8.80706538013056e-07
3,"grey",8.87806159954261e-07
4,"grey",8.63146410346709e-07
5,"grey",8.38298856895678e-07
6,"grey",9.00372033724334e-07
1,"closed",8.90819393494524e-07
2,"closed",8.80706538013056e-07
3,"closed",8.87806159954261e-07
4,"closed",0.00158042107734482
5,"closed",8.38298856895678e-07
6,"closed",9.00372033724334e-07
1,"re-downloaded",6.32481769381112e-05
2,"re-downloaded",8.80706538013056e-07
3,"re-downloaded",8.87806159954261e-07
4,"re-downloaded",3.53890028242151e-05
5,"re-downloaded",9.22128742585246e-06
6,"re-downloaded",9.90409237096768e-06
1,"lame",8.90819393494524e-07
2,"lame",8.80706538013056e-07
3,"lame",1.86439293590395e-05
4,"lame",8.63146410346709e-07
5,"lame",8.38298856895678e-07
6,"lame",0.000180974778778591
1,"ring",8.90819393494524e-07
2,"ring",8.80706538013056e-07
3,"ring",8.87806159954261e-07
4,"ring",8.63146410346709e-07
5,"ring",5.95192188395932e-05
6,"ring",9.00372033724334e-07
1,"tone",8.90819393494524e-07
2,"tone",8.80706538013056e-07
3,"tone",5.41561757572099e-05
4,"tone",8.63146410346709e-07
5,"tone",1.76042759948093e-05
6,"tone",9.00372033724334e-07
1,"quit",9.79901332843977e-06
2,"quit",8.80706538013056e-07
3,"quit",8.87806159954261e-07
4,"quit",0.000855378092653588
5,"quit",8.38298856895678e-07
6,"quit",1.8907812708211e-05
1,"lock",8.90819393494524e-07
2,"lock",8.80706538013056e-07
3,"lock",8.87806159954261e-07
4,"lock",0.00224504381331179
5,"lock",8.38298856895678e-07
6,"lock",9.00372033724334e-07
1,"decided",3.65235951332755e-05
2,"decided",0.00110176387905433
3,"decided",3.64000525581247e-05
4,"decided",8.63146410346709e-07
5,"decided",8.38298856895678e-07
6,"decided",9.00372033724334e-07
1,"range",8.90819393494524e-07
2,"range",8.80706538013056e-07
3,"range",8.87806159954261e-07
4,"range",8.63146410346709e-07
5,"range",9.22128742585246e-06
6,"range",0.000892268685420816
1,"top",8.90819393494524e-07
2,"top",8.80706538013056e-07
3,"top",0.00272645271721953
4,"top",8.63146410346709e-07
5,"top",8.38298856895678e-07
6,"top",9.00372033724334e-07
1,"reasons",8.90819393494524e-07
2,"reasons",0.000467655171684932
3,"reasons",8.87806159954261e-07
4,"reasons",9.58092515484846e-05
5,"reasons",8.38298856895678e-07
6,"reasons",9.00372033724334e-07
1,"subscribed",8.90819393494524e-07
2,"subscribed",0.000520497563965716
3,"subscribed",8.87806159954261e-07
4,"subscribed",8.63146410346709e-07
5,"subscribed",8.38298856895678e-07
6,"subscribed",9.00372033724334e-07
1,"horrible",1.8707207263385e-05
2,"horrible",8.01442949591881e-05
3,"horrible",8.87806159954261e-07
4,"horrible",8.63146410346709e-07
5,"horrible",0.00330373579502587
6,"horrible",1.8907812708211e-05
1,"interface",8.90819393494524e-07
2,"interface",8.80706538013056e-07
3,"interface",9.76586775949687e-06
4,"interface",8.63146410346709e-07
5,"interface",8.38298856895678e-07
6,"interface",0.00371943687131523
1,"tons",8.90819393494524e-07
2,"tons",8.80706538013056e-07
3,"tons",0.000249473530947147
4,"tons",8.63146410346709e-07
5,"tons",8.38298856895678e-07
6,"tons",0.000316030583837242
1,"fun",8.90819393494524e-07
2,"fun",8.80706538013056e-07
3,"fun",2.75219909585821e-05
4,"fun",8.63146410346709e-07
5,"fun",8.38298856895678e-07
6,"fun",0.00102732449047947
1,"shuffles",8.90819393494524e-07
2,"shuffles",8.80706538013056e-07
3,"shuffles",8.87806159954261e-07
4,"shuffles",8.63146410346709e-07
5,"shuffles",0.000998413938562753
6,"shuffles",9.00372033724334e-07
1,"front",8.90819393494524e-07
2,"front",4.49160334386658e-05
3,"front",0.000160692914951721
4,"front",8.63146410346709e-07
5,"front",8.38298856895678e-07
6,"front",9.00372033724334e-07
1,"straight",8.90819393494524e-07
2,"straight",0.000723060067708719
3,"straight",1.86439293590395e-05
4,"straight",8.63146410346709e-07
5,"straight",8.38298856895678e-07
6,"straight",0.000126952456755131
1,"letting",8.90819393494524e-07
2,"letting",0.000863973113790808
3,"letting",8.87806159954261e-07
4,"letting",2.6757538720748e-05
5,"letting",0.000235561978787686
6,"letting",9.00372033724334e-07
1,"shove",8.90819393494524e-07
2,"shove",9.68777191814362e-06
3,"shove",5.41561757572099e-05
4,"shove",8.63146410346709e-07
5,"shove",8.38298856895678e-07
6,"shove",9.00372033724334e-07
1,"beginning",8.90819393494524e-07
2,"beginning",8.80706538013056e-07
3,"beginning",8.87806159954261e-07
4,"beginning",0.00135600301065468
5,"beginning",8.38298856895678e-07
6,"beginning",9.00372033724334e-07
1,"ad",8.90819393494524e-07
2,"ad",1.84948372982742e-05
3,"ad",8.87806159954261e-07
4,"ad",8.71777874450176e-05
5,"ad",0.00161875509266556
6,"ad",9.00372033724334e-07
1,"fit",2.76154011983302e-05
2,"fit",8.80706538013056e-07
3,"fit",8.87806159954261e-07
4,"fit",8.63146410346709e-07
5,"fit",8.38298856895678e-07
6,"fit",0.000289019422825511
1,"taste",9.79901332843977e-06
2,"taste",8.80706538013056e-07
3,"taste",8.87806159954261e-07
4,"taste",1.81260746172809e-05
5,"taste",8.38298856895678e-07
6,"taste",0.00101832077014222
1,"anyone",8.90819393494524e-07
2,"anyone",8.80706538013056e-07
3,"anyone",6.30342373567525e-05
4,"anyone",8.63146410346709e-07
5,"anyone",8.38298856895678e-07
6,"anyone",0.00204474488858797
1,"choice",8.90819393494524e-07
2,"choice",8.80706538013056e-07
3,"choice",8.87806159954261e-07
4,"choice",8.63146410346709e-07
5,"choice",9.22128742585246e-06
6,"choice",0.00233286393937975
1,"autoplay",8.90819393494524e-07
2,"autoplay",8.80706538013056e-07
3,"autoplay",2.75219909585821e-05
4,"autoplay",0.000475593672101037
5,"autoplay",0.000646328418666568
6,"autoplay",9.00372033724334e-07
1,"connecting",9.79901332843977e-06
2,"connecting",9.68777191814362e-06
3,"connecting",8.87806159954261e-07
4,"connecting",0.00118337372858534
5,"connecting",8.38298856895678e-07
6,"connecting",9.90409237096768e-06
1,"accessible",3.65235951332755e-05
2,"accessible",8.80706538013056e-07
3,"accessible",8.87806159954261e-07
4,"accessible",8.63146410346709e-07
5,"accessible",8.38298856895678e-07
6,"accessible",0.000568134753280055
1,"playback",8.90819393494524e-07
2,"playback",9.68777191814362e-06
3,"playback",9.76586775949687e-06
4,"playback",0.00430796373404042
5,"playback",8.38298856895678e-07
6,"playback",9.00372033724334e-07
1,"setting",0.00119458880667616
2,"setting",8.80706538013056e-07
3,"setting",9.76586775949687e-06
4,"setting",8.63146410346709e-07
5,"setting",8.38298856895678e-07
6,"setting",0.000343041744848972
1,"toggle",8.90819393494524e-07
2,"toggle",8.80706538013056e-07
3,"toggle",0.000160692914951721
4,"toggle",8.63146410346709e-07
5,"toggle",8.46681845464636e-05
6,"toggle",0.000108945016080645
1,"repeat",8.90819393494524e-07
2,"repeat",8.80706538013056e-07
3,"repeat",0.000187327099750349
4,"repeat",8.63146410346709e-07
5,"repeat",0.00251573486954393
6,"repeat",9.00372033724334e-07
1,"separate",9.79901332843977e-06
2,"separate",8.80706538013056e-07
3,"separate",0.000240595469347605
4,"separate",8.63146410346709e-07
5,"separate",8.38298856895678e-07
6,"separate",9.99412957434012e-05
1,"sick",8.90819393494524e-07
2,"sick",0.000758288329229241
3,"sick",9.76586775949687e-06
4,"sick",8.63146410346709e-07
5,"sick",6.790220740855e-05
6,"sick",9.00372033724334e-07
1,"lists",8.90819393494524e-07
2,"lists",9.68777191814362e-06
3,"lists",8.87806159954261e-07
4,"lists",8.63146410346709e-07
5,"lists",8.38298856895678e-07
6,"lists",0.00175662583779618
1,"wrong",0.00580012507104285
2,"wrong",8.80706538013056e-07
3,"wrong",8.87806159954261e-07
4,"wrong",8.63146410346709e-07
5,"wrong",8.38298856895678e-07
6,"wrong",9.00372033724334e-07
1,"software",8.90819393494524e-07
2,"software",8.80706538013056e-07
3,"software",8.87806159954261e-07
4,"software",0.000855378092653588
5,"software",8.38298856895678e-07
6,"software",9.00372033724334e-07
1,"laptop",0.00125694616422077
2,"laptop",4.49160334386658e-05
3,"laptop",8.87806159954261e-07
4,"laptop",8.63146410346709e-07
5,"laptop",8.38298856895678e-07
6,"laptop",9.00372033724334e-07
1,"rely",9.79901332843977e-06
2,"rely",8.80706538013056e-07
3,"rely",9.76586775949687e-06
4,"rely",1.81260746172809e-05
5,"rely",9.22128742585246e-06
6,"rely",9.99412957434012e-05
1,"amazon",8.90819393494524e-07
2,"amazon",0.00170945139028334
3,"amazon",8.87806159954261e-07
4,"amazon",8.63146410346709e-07
5,"amazon",8.38298856895678e-07
6,"amazon",2.79115330454544e-05
1,"purchase",8.99727587429469e-05
2,"purchase",8.80706538013056e-07
3,"purchase",0.00032937608534303
4,"purchase",8.63146410346709e-07
5,"purchase",8.38298856895678e-07
6,"purchase",6.39264143944278e-05
1,"shuffled",8.90819393494524e-07
2,"shuffled",8.80706538013056e-07
3,"shuffled",6.30342373567525e-05
4,"shuffled",8.63146410346709e-07
5,"shuffled",0.000964881984286926
6,"shuffled",9.00372033724334e-07
1,"die",8.90819393494524e-07
2,"die",0.00011537255647971
3,"die",1.86439293590395e-05
4,"die",1.81260746172809e-05
5,"die",8.38298856895678e-07
6,"die",9.00372033724334e-07
1,"fan",8.90819393494524e-07
2,"fan",8.80706538013056e-07
3,"fan",0.000267229654146232
4,"fan",8.63146410346709e-07
5,"fan",8.38298856895678e-07
6,"fan",0.000586142193954542
1,"current",8.90819393494524e-07
2,"current",8.80706538013056e-07
3,"current",0.000142936791752636
4,"current",0.00273703726720941
5,"current",8.38298856895678e-07
6,"current",9.00372033724334e-07
1,"forcibly",1.8707207263385e-05
2,"forcibly",8.80706538013056e-07
3,"forcibly",1.86439293590395e-05
4,"forcibly",8.63146410346709e-07
5,"forcibly",9.22128742585246e-06
6,"forcibly",9.00372033724334e-07
1,"sucks",1.8707207263385e-05
2,"sucks",8.80706538013056e-07
3,"sucks",0.000524693440532968
4,"sucks",8.63146410346709e-07
5,"sucks",0.00467854592033479
6,"sucks",9.00372033724334e-07
1,"personalized",8.90819393494524e-07
2,"personalized",2.73019026784047e-05
3,"personalized",8.87806159954261e-07
4,"personalized",8.71777874450176e-05
5,"personalized",8.38298856895678e-07
6,"personalized",0.000207985939790321
1,"experiences",8.90819393494524e-07
2,"experiences",0.00010656549109958
3,"experiences",8.87806159954261e-07
4,"experiences",8.63146410346709e-07
5,"experiences",8.38298856895678e-07
6,"experiences",0.000162967338104105
1,"collaborative",8.90819393494524e-07
2,"collaborative",8.80706538013056e-07
3,"collaborative",0.000231717407748062
4,"collaborative",8.63146410346709e-07
5,"collaborative",8.38298856895678e-07
6,"collaborative",9.00372033724334e-07
1,"rubbish",8.90819393494524e-07
2,"rubbish",8.80706538013056e-07
3,"rubbish",8.87806159954261e-07
4,"rubbish",0.000285701461824761
5,"rubbish",0.000411604738735778
6,"rubbish",9.00372033724334e-07
1,"edited",8.90819393494524e-07
2,"edited",8.80706538013056e-07
3,"edited",0.000311619962143945
4,"edited",8.63146410346709e-07
5,"edited",8.38298856895678e-07
6,"edited",9.00372033724334e-07
1,"reading",8.90819393494524e-07
2,"reading",8.80706538013056e-07
3,"reading",0.000586839871729766
4,"reading",1.81260746172809e-05
5,"reading",8.38298856895678e-07
6,"reading",9.90409237096768e-06
1,"reviews",8.90819393494524e-07
2,"reviews",0.0012955193174172
3,"reviews",8.87806159954261e-07
4,"reviews",8.63146410346709e-07
5,"reviews",8.38298856895678e-07
6,"reviews",9.00372033724334e-07
1,"wondering",8.90819393494524e-07
2,"wondering",8.80706538013056e-07
3,"wondering",0.00029386383894486
4,"wondering",8.63146410346709e-07
5,"wondering",8.38298856895678e-07
6,"wondering",1.8907812708211e-05
1,"sold",8.10645648080017e-05
2,"sold",8.80706538013056e-07
3,"sold",1.86439293590395e-05
4,"sold",8.63146410346709e-07
5,"sold",8.38298856895678e-07
6,"sold",9.00372033724334e-07
1,"everyone's",8.90819393494524e-07
2,"everyone's",8.80706538013056e-07
3,"everyone's",6.30342373567525e-05
4,"everyone's",8.63146410346709e-07
5,"everyone's",8.38298856895678e-07
6,"everyone's",9.00372033724334e-07
1,"mad",8.90819393494524e-07
2,"mad",8.80706538013056e-07
3,"mad",8.87806159954261e-07
4,"mad",8.63146410346709e-07
5,"mad",0.000671477384373439
6,"mad",9.00372033724334e-07
1,"sorry",8.90819393494524e-07
2,"sorry",8.80706538013056e-07
3,"sorry",0.00094196233571147
4,"sorry",8.63146410346709e-07
5,"sorry",8.38298856895678e-07
6,"sorry",9.00372033724334e-07
1,"queued",8.90819393494524e-07
2,"queued",8.80706538013056e-07
3,"queued",0.000213961284548977
4,"queued",8.63146410346709e-07
5,"queued",8.38298856895678e-07
6,"queued",9.00372033724334e-07
1,"kindly",0.000677913558449333
2,"kindly",9.68777191814362e-06
3,"kindly",9.76586775949687e-06
4,"kindly",8.63146410346709e-07
5,"kindly",8.38298856895678e-07
6,"kindly",9.00372033724334e-07
1,"return",8.90819393494524e-07
2,"return",8.80706538013056e-07
3,"return",0.00032937608534303
4,"return",0.000225281213100491
5,"return",8.38298856895678e-07
6,"return",9.00372033724334e-07
1,"suffering",8.90819393494524e-07
2,"suffering",8.80706538013056e-07
3,"suffering",8.87806159954261e-07
4,"suffering",8.63146410346709e-07
5,"suffering",8.38298856895678e-07
6,"suffering",4.59189737199411e-05
1,"experiencing",8.90819393494524e-07
2,"experiencing",8.80706538013056e-07
3,"experiencing",8.87806159954261e-07
4,"experiencing",0.0010884276234472
5,"experiencing",9.22128742585246e-06
6,"experiencing",9.00372033724334e-07
1,"disappearing",8.90819393494524e-07
2,"disappearing",8.80706538013056e-07
3,"disappearing",8.87806159954261e-07
4,"disappearing",0.00282335190824408
5,"disappearing",8.38298856895678e-07
6,"disappearing",9.00372033724334e-07
1,"allowing",0.000535382455490209
2,"allowing",0.000229864406421408
3,"allowing",8.87806159954261e-07
4,"allowing",8.63146410346709e-07
5,"allowing",2.5987264563766e-05
6,"allowing",9.00372033724334e-07
1,"affects",8.90819393494524e-07
2,"affects",8.80706538013056e-07
3,"affects",7.19122989562951e-05
4,"affects",4.40204669276821e-05
5,"affects",8.38298856895678e-07
6,"affects",9.00372033724334e-07
1,"headphones",8.90819393494524e-07
2,"headphones",3.61089680585353e-05
3,"headphones",9.76586775949687e-06
4,"headphones",0.00152863229272402
5,"headphones",8.38298856895678e-07
6,"headphones",9.00372033724334e-07
1,"push",9.79901332843977e-06
2,"push",8.80706538013056e-07
3,"push",0.000524693440532968
4,"push",6.12833951346163e-05
5,"push",5.11362302706364e-05
6,"push",9.00372033724334e-07
1,"towards",8.90819393494524e-07
2,"towards",9.68777191814362e-06
3,"towards",0.000134058730153093
4,"towards",8.63146410346709e-07
5,"towards",2.5987264563766e-05
6,"towards",9.00372033724334e-07
1,"continuous",2.76154011983302e-05
2,"continuous",9.68777191814362e-06
3,"continuous",8.87806159954261e-07
4,"continuous",6.12833951346163e-05
5,"continuous",8.38298856895678e-07
6,"continuous",6.39264143944278e-05
1,"thirty",0.000107789146612837
2,"thirty",8.80706538013056e-07
3,"thirty",8.87806159954261e-07
4,"thirty",8.63146410346709e-07
5,"thirty",0.00269177762949202
6,"thirty",9.00372033724334e-07
1,"minute",8.90819393494524e-07
2,"minute",0.000987272029112635
3,"minute",8.87806159954261e-07
4,"minute",8.63146410346709e-07
5,"minute",8.38298856895678e-07
6,"minute",9.00372033724334e-07
1,"touching",1.8707207263385e-05
2,"touching",8.80706538013056e-07
3,"touching",5.41561757572099e-05
4,"touching",8.63146410346709e-07
5,"touching",8.38298856895678e-07
6,"touching",4.59189737199411e-05
1,"july",8.90819393494524e-07
2,"july",5.37230988187964e-05
3,"july",8.87806159954261e-07
4,"july",3.53890028242151e-05
5,"july",8.38298856895678e-07
6,"july",1.8907812708211e-05
1,"previously",8.90819393494524e-07
2,"previously",0.000476462237065063
3,"previously",0.000356010270141658
4,"previously",8.63146410346709e-07
5,"previously",8.38298856895678e-07
6,"previously",9.00372033724334e-07
1,"public",8.90819393494524e-07
2,"public",8.80706538013056e-07
3,"public",0.000373766393340744
4,"public",8.63146410346709e-07
5,"public",8.38298856895678e-07
6,"public",9.00372033724334e-07
1,"old",8.90819393494524e-07
2,"old",8.80706538013056e-07
3,"old",0.00367640530837059
4,"old",8.63146410346709e-07
5,"old",8.38298856895678e-07
6,"old",1.8907812708211e-05
1,"exiting",9.88809526778921e-05
2,"exiting",8.80706538013056e-07
3,"exiting",8.87806159954261e-07
4,"exiting",8.63146410346709e-07
5,"exiting",8.38298856895678e-07
6,"exiting",9.00372033724334e-07
1,"awful",8.90819393494524e-07
2,"awful",8.89513603393186e-05
3,"awful",0.00168771951007305
4,"awful",0.000492856600307971
5,"awful",8.38298856895678e-07
6,"awful",9.90409237096768e-06
1,"repeating",8.90819393494524e-07
2,"repeating",8.80706538013056e-07
3,"repeating",8.87806159954261e-07
4,"repeating",8.63146410346709e-07
5,"repeating",0.000487051635856389
6,"repeating",9.00372033724334e-07
1,"wanna",8.90819393494524e-07
2,"wanna",8.80706538013056e-07
3,"wanna",8.87806159954261e-07
4,"wanna",8.63146410346709e-07
5,"wanna",0.00266662866378515
6,"wanna",9.00372033724334e-07
1,"unlike",8.90819393494524e-07
2,"unlike",5.37230988187964e-05
3,"unlike",0.000169570976551264
4,"unlike",8.63146410346709e-07
5,"unlike",8.38298856895678e-07
6,"unlike",0.000676179397326976
1,"troubleshooting",0.000339402188921414
2,"troubleshooting",8.80706538013056e-07
3,"troubleshooting",8.87806159954261e-07
4,"troubleshooting",8.63146410346709e-07
5,"troubleshooting",8.38298856895678e-07
6,"troubleshooting",9.00372033724334e-07
1,"locked",8.90819393494524e-07
2,"locked",8.80706538013056e-07
3,"locked",8.87806159954261e-07
4,"locked",0.00107116469524026
5,"locked",8.38298856895678e-07
6,"locked",9.00372033724334e-07
1,"ill",8.90819393494524e-07
2,"ill",2.73019026784047e-05
3,"ill",8.87806159954261e-07
4,"ill",8.71777874450176e-05
5,"ill",0.00030262588733934
6,"ill",9.00372033724334e-07
1,"remembers",8.90819393494524e-07
2,"remembers",8.80706538013056e-07
3,"remembers",1.86439293590395e-05
4,"remembers",8.63146410346709e-07
5,"remembers",5.95192188395932e-05
6,"remembers",9.00372033724334e-07
1,"position",0.000134513728417673
2,"position",4.49160334386658e-05
3,"position",8.87806159954261e-07
4,"position",4.40204669276821e-05
5,"position",8.38298856895678e-07
6,"position",9.00372033724334e-07
1,"i.e",8.90819393494524e-07
2,"i.e",8.80706538013056e-07
3,"i.e",8.87806159954261e-07
4,"i.e",0.000130335107962353
5,"i.e",8.38298856895678e-07
6,"i.e",0.000162967338104105
1,"plus",8.90819393494524e-07
2,"plus",0.00115460627133512
3,"plus",8.87806159954261e-07
4,"plus",3.53890028242151e-05
5,"plus",8.38298856895678e-07
6,"plus",0.00151352538869061
1,"cellular",0.000455208710075702
2,"cellular",8.80706538013056e-07
3,"cellular",8.87806159954261e-07
4,"cellular",8.63146410346709e-07
5,"cellular",8.38298856895678e-07
6,"cellular",9.90409237096768e-06
1,"may",8.90819393494524e-07
2,"may",0.000802323656129893
3,"may",0.00111064550610278
4,"may",8.63146410346709e-07
5,"may",8.38298856895678e-07
6,"may",0.000352045465186215
1,"alternative",8.90819393494524e-07
2,"alternative",9.68777191814362e-06
3,"alternative",8.87806159954261e-07
4,"alternative",8.63146410346709e-07
5,"alternative",8.38298856895678e-07
6,"alternative",0.000514112431256595
1,"unreliable",8.90819393494524e-07
2,"unreliable",8.80706538013056e-07
3,"unreliable",8.87806159954261e-07
4,"unreliable",0.00055327684903224
5,"unreliable",8.38298856895678e-07
6,"unreliable",9.00372033724334e-07
1,"apparent",8.90819393494524e-07
2,"apparent",9.68777191814362e-06
3,"apparent",8.87806159954261e-07
4,"apparent",0.000259807069514359
5,"apparent",8.38298856895678e-07
6,"apparent",3.69152533826978e-05
1,"becomes",1.8707207263385e-05
2,"becomes",2.73019026784047e-05
3,"becomes",8.87806159954261e-07
4,"becomes",0.000596434169549576
5,"becomes",8.38298856895678e-07
6,"becomes",9.00372033724334e-07
1,"idle",8.90819393494524e-07
2,"idle",5.37230988187964e-05
3,"idle",8.87806159954261e-07
4,"idle",8.63146410346709e-07
5,"idle",8.38298856895678e-07
6,"idle",1.8907812708211e-05
1,"bigger",8.90819393494524e-07
2,"bigger",8.80706538013056e-07
3,"bigger",0.000196205161349891
4,"bigger",8.63146410346709e-07
5,"bigger",8.38298856895678e-07
6,"bigger",9.00372033724334e-07
1,"memory",0.000508657873685373
2,"memory",8.80706538013056e-07
3,"memory",8.87806159954261e-07
4,"memory",8.63146410346709e-07
5,"memory",8.38298856895678e-07
6,"memory",9.00372033724334e-07
1,"bat",4.54317890682208e-05
2,"bat",8.80706538013056e-07
3,"bat",8.87806159954261e-07
4,"bat",8.63146410346709e-07
5,"bat",8.38298856895678e-07
6,"bat",9.00372033724334e-07
1,"suppose",8.90819393494524e-07
2,"suppose",0.000238671471801538
3,"suppose",8.87806159954261e-07
4,"suppose",8.63146410346709e-07
5,"suppose",8.38298856895678e-07
6,"suppose",9.90409237096768e-06
1,"fave",8.90819393494524e-07
2,"fave",8.80706538013056e-07
3,"fave",8.87806159954261e-07
4,"fave",4.40204669276821e-05
5,"fave",5.95192188395932e-05
6,"fave",0.000144959897429618
1,"totally",8.90819393494524e-07
2,"totally",8.80706538013056e-07
3,"totally",8.87806159954261e-07
4,"totally",8.63146410346709e-07
5,"totally",8.38298856895678e-07
6,"totally",0.00214378581229764
1,"error",0.00206759181230079
2,"error",0.000608568217767021
3,"error",8.87806159954261e-07
4,"error",8.63146410346709e-07
5,"error",8.38298856895678e-07
6,"error",9.90409237096768e-06
1,"prev",1.8707207263385e-05
2,"prev",1.84948372982742e-05
3,"prev",8.87806159954261e-07
4,"prev",5.26519310311492e-05
5,"prev",4.27532417016796e-05
6,"prev",9.00372033724334e-07
1,"lyric",8.90819393494524e-07
2,"lyric",8.80706538013056e-07
3,"lyric",8.87806159954261e-07
4,"lyric",1.81260746172809e-05
5,"lyric",5.11362302706364e-05
6,"lyric",0.000370052905860702
1,"yes",0.000179054698092399
2,"yes",8.80706538013056e-07
3,"yes",0.000933084274111928
4,"yes",8.63146410346709e-07
5,"yes",8.38298856895678e-07
6,"yes",1.8907812708211e-05
1,"family",8.90819393494524e-07
2,"family",0.00288959815122084
3,"family",8.87806159954261e-07
4,"family",9.4946105138138e-06
5,"family",8.38298856895678e-07
6,"family",9.00372033724334e-07
1,"roblox",8.90819393494524e-07
2,"roblox",5.37230988187964e-05
3,"roblox",8.87806159954261e-07
4,"roblox",8.63146410346709e-07
5,"roblox",8.38298856895678e-07
6,"roblox",9.00372033724334e-07
1,"questions",8.90819393494524e-07
2,"questions",8.89513603393186e-05
3,"questions",8.87806159954261e-07
4,"questions",8.63146410346709e-07
5,"questions",8.38298856895678e-07
6,"questions",9.00372033724334e-07
1,"hold",8.90819393494524e-07
2,"hold",8.80706538013056e-07
3,"hold",0.000249473530947147
4,"hold",8.63146410346709e-07
5,"hold",8.38298856895678e-07
6,"hold",9.00372033724334e-07
1,"switch",0.00165781489129331
2,"switch",8.80706538013056e-07
3,"switch",0.000400400578139371
4,"switch",0.00152000082862055
5,"switch",8.38298856895678e-07
6,"switch",1.8907812708211e-05
1,"newest",8.90819393494524e-07
2,"newest",8.80706538013056e-07
3,"newest",8.87806159954261e-07
4,"newest",0.00109705908755067
5,"newest",8.38298856895678e-07
6,"newest",9.00372033724334e-07
1,"feels",9.79901332843977e-06
2,"feels",8.80706538013056e-07
3,"feels",0.000915328150912842
4,"feels",8.63146410346709e-07
5,"feels",8.38298856895678e-07
6,"feels",9.00372033724334e-07
1,"refuses",0.000900618406822964
2,"refuses",8.80706538013056e-07
3,"refuses",8.87806159954261e-07
4,"refuses",8.63146410346709e-07
5,"refuses",4.27532417016796e-05
6,"refuses",9.00372033724334e-07
1,"exist",8.90819393494524e-07
2,"exist",0.000687831806188196
3,"exist",9.76586775949687e-06
4,"exist",9.4946105138138e-06
5,"exist",8.38298856895678e-07
6,"exist",9.00372033724334e-07
1,"enter",0.000419575934335921
2,"enter",9.68777191814362e-06
3,"enter",9.76586775949687e-06
4,"enter",9.4946105138138e-06
5,"enter",8.38298856895678e-07
6,"enter",9.00372033724334e-07
1,"delay",0.000187962892027345
2,"delay",8.80706538013056e-07
3,"delay",8.87806159954261e-07
4,"delay",8.63146410346709e-07
5,"delay",8.38298856895678e-07
6,"delay",9.00372033724334e-07
1,"activity",8.90819393494524e-07
2,"activity",3.61089680585353e-05
3,"activity",0.000444790886137085
4,"activity",8.63146410346709e-07
5,"activity",8.38298856895678e-07
6,"activity",9.00372033724334e-07
1,"shame",8.90819393494524e-07
2,"shame",0.000916815506071591
3,"shame",8.87806159954261e-07
4,"shame",8.63146410346709e-07
5,"shame",8.38298856895678e-07
6,"shame",9.00372033724334e-07
1,"clearly",0.000125605534482728
2,"clearly",0.000696638871568327
3,"clearly",8.87806159954261e-07
4,"clearly",8.63146410346709e-07
5,"clearly",8.38298856895678e-07
6,"clearly",9.00372033724334e-07
1,"offer",8.90819393494524e-07
2,"offer",0.000811130721510024
3,"offer",8.87806159954261e-07
4,"offer",8.63146410346709e-07
5,"offer",8.38298856895678e-07
6,"offer",9.00372033724334e-07
1,"situation",8.90819393494524e-07
2,"situation",0.000203443210281016
3,"situation",9.76586775949687e-06
4,"situation",8.63146410346709e-07
5,"situation",5.95192188395932e-05
6,"situation",1.8907812708211e-05
1,"join",8.90819393494524e-07
2,"join",8.80706538013056e-07
3,"join",0.000631230179727479
4,"join",8.63146410346709e-07
5,"join",8.38298856895678e-07
6,"join",9.00372033724334e-07
1,"worth",8.90819393494524e-07
2,"worth",0.00353251392397037
3,"worth",8.87806159954261e-07
4,"worth",8.63146410346709e-07
5,"worth",8.38298856895678e-07
6,"worth",0.000244000821139295
1,"hand",8.90819393494524e-07
2,"hand",8.80706538013056e-07
3,"hand",0.000320498023743488
4,"hand",8.63146410346709e-07
5,"hand",8.38298856895678e-07
6,"hand",9.00372033724334e-07
1,"double",8.90819393494524e-07
2,"double",0.000361970387123366
3,"double",8.87806159954261e-07
4,"double",8.63146410346709e-07
5,"double",8.38298856895678e-07
6,"double",9.00372033724334e-07
1,"charged",8.90819393494524e-07
2,"charged",0.000485269302445194
3,"charged",8.87806159954261e-07
4,"charged",8.63146410346709e-07
5,"charged",8.38298856895678e-07
6,"charged",9.00372033724334e-07
1,"package",8.90819393494524e-07
2,"package",0.000370777452503497
3,"package",8.87806159954261e-07
4,"package",8.63146410346709e-07
5,"package",8.38298856895678e-07
6,"package",9.00372033724334e-07
1,"reinstallation",4.54317890682208e-05
2,"reinstallation",9.68777191814362e-06
3,"reinstallation",8.87806159954261e-07
4,"reinstallation",8.63146410346709e-07
5,"reinstallation",8.38298856895678e-07
6,"reinstallation",9.00372033724334e-07
1,"hey",9.79901332843977e-06
2,"hey",9.68777191814362e-06
3,"hey",0.000959718458910555
4,"hey",8.63146410346709e-07
5,"hey",8.38298856895678e-07
6,"hey",9.00372033724334e-07
1,"taking",8.90819393494524e-07
2,"taking",0.00147166062501982
3,"taking",8.87806159954261e-07
4,"taking",8.63146410346709e-07
5,"taking",8.38298856895678e-07
6,"taking",9.00372033724334e-07
1,"vehicle",8.90819393494524e-07
2,"vehicle",2.73019026784047e-05
3,"vehicle",8.87806159954261e-07
4,"vehicle",0.000423804887480234
5,"vehicle",8.38298856895678e-07
6,"vehicle",9.00372033724334e-07
1,"plane",8.99727587429469e-05
2,"plane",8.80706538013056e-07
3,"plane",8.87806159954261e-07
4,"plane",9.4946105138138e-06
5,"plane",8.38298856895678e-07
6,"plane",1.8907812708211e-05
1,"flight",8.90819393494524e-07
2,"flight",8.80706538013056e-07
3,"flight",8.87806159954261e-07
4,"flight",8.63146410346709e-07
5,"flight",8.38298856895678e-07
6,"flight",9.09375754061579e-05
1,"loged",4.54317890682208e-05
2,"loged",8.80706538013056e-07
3,"loged",8.87806159954261e-07
4,"loged",8.63146410346709e-07
5,"loged",8.38298856895678e-07
6,"loged",9.00372033724334e-07
1,"wen",8.90819393494524e-07
2,"wen",8.80706538013056e-07
3,"wen",8.87806159954261e-07
4,"wen",1.81260746172809e-05
5,"wen",7.62851959775067e-05
6,"wen",9.00372033724334e-07
1,"riddled",8.90819393494524e-07
2,"riddled",8.80706538013056e-07
3,"riddled",8.87806159954261e-07
4,"riddled",5.26519310311492e-05
5,"riddled",8.38298856895678e-07
6,"riddled",9.00372033724334e-07
1,"truly",6.32481769381112e-05
2,"truly",8.80706538013056e-07
3,"truly",8.87806159954261e-07
4,"truly",8.63146410346709e-07
5,"truly",8.38298856895678e-07
6,"truly",0.000649168236315245
1,"cares",8.90819393494524e-07
2,"cares",8.80706538013056e-07
3,"cares",0.000213961284548977
4,"cares",8.63146410346709e-07
5,"cares",8.38298856895678e-07
6,"cares",9.00372033724334e-07
1,"customers",2.76154011983302e-05
2,"customers",0.000846358983030546
3,"customers",8.87806159954261e-07
4,"customers",8.63146410346709e-07
5,"customers",8.38298856895678e-07
6,"customers",9.00372033724334e-07
1,"felt",8.90819393494524e-07
2,"felt",0.000185829079520755
3,"felt",7.19122989562951e-05
4,"felt",8.63146410346709e-07
5,"felt",8.38298856895678e-07
6,"felt",9.00372033724334e-07
1,"ignored",8.90819393494524e-07
2,"ignored",8.80706538013056e-07
3,"ignored",0.000116302606954008
4,"ignored",8.63146410346709e-07
5,"ignored",8.38298856895678e-07
6,"ignored",9.00372033724334e-07
1,"unresolved",8.90819393494524e-07
2,"unresolved",4.49160334386658e-05
3,"unresolved",8.87806159954261e-07
4,"unresolved",8.63146410346709e-07
5,"unresolved",8.38298856895678e-07
6,"unresolved",9.00372033724334e-07
1,"excessive",8.90819393494524e-07
2,"excessive",0.00010656549109958
3,"excessive",8.87806159954261e-07
4,"excessive",8.63146410346709e-07
5,"excessive",8.38298856895678e-07
6,"excessive",9.00372033724334e-07
1,"upgraded",8.90819393494524e-07
2,"upgraded",0.00010656549109958
3,"upgraded",8.87806159954261e-07
4,"upgraded",8.63146410346709e-07
5,"upgraded",8.38298856895678e-07
6,"upgraded",0.000316030583837242
1,"filters",8.90819393494524e-07
2,"filters",8.80706538013056e-07
3,"filters",0.000213961284548977
4,"filters",8.63146410346709e-07
5,"filters",8.38298856895678e-07
6,"filters",9.00372033724334e-07
1,"complained",0.000116697340547783
2,"complained",8.80706538013056e-07
3,"complained",8.87806159954261e-07
4,"complained",8.63146410346709e-07
5,"complained",8.38298856895678e-07
6,"complained",9.00372033724334e-07
1,"functionally",8.90819393494524e-07
2,"functionally",8.80706538013056e-07
3,"functionally",8.87806159954261e-07
4,"functionally",1.81260746172809e-05
5,"functionally",8.38298856895678e-07
6,"functionally",3.69152533826978e-05
1,"causes",8.90819393494524e-07
2,"causes",8.80706538013056e-07
3,"causes",8.87806159954261e-07
4,"causes",0.000484225136204504
5,"causes",8.38298856895678e-07
6,"causes",1.8907812708211e-05
1,"reappear",8.90819393494524e-07
2,"reappear",8.80706538013056e-07
3,"reappear",8.87806159954261e-07
4,"reappear",0.000147598036169287
5,"reappear",8.38298856895678e-07
6,"reappear",9.00372033724334e-07
1,"deep",8.90819393494524e-07
2,"deep",8.80706538013056e-07
3,"deep",8.87806159954261e-07
4,"deep",8.63146410346709e-07
5,"deep",1.76042759948093e-05
6,"deep",0.000153963617766861
1,"reopened",8.90819393494524e-07
2,"reopened",9.68777191814362e-06
3,"reopened",8.87806159954261e-07
4,"reopened",0.000104440715651952
5,"reopened",8.38298856895678e-07
6,"reopened",9.00372033724334e-07
1,"third",8.90819393494524e-07
2,"third",0.000291513864082322
3,"third",9.76586775949687e-06
4,"third",8.63146410346709e-07
5,"third",8.38298856895678e-07
6,"third",8.19338550689144e-05
1,"giving",1.8707207263385e-05
2,"giving",8.80706538013056e-07
3,"giving",0.00301942875000444
4,"giving",8.63146410346709e-07
5,"giving",5.11362302706364e-05
6,"giving",3.69152533826978e-05
1,"intentionally",8.90819393494524e-07
2,"intentionally",8.80706538013056e-07
3,"intentionally",8.96684221553803e-05
4,"intentionally",8.63146410346709e-07
5,"intentionally",8.38298856895678e-07
6,"intentionally",9.00372033724334e-07
1,"screws",8.90819393494524e-07
2,"screws",7.13372295790575e-05
3,"screws",8.87806159954261e-07
4,"screws",8.63146410346709e-07
5,"screws",8.38298856895678e-07
6,"screws",9.00372033724334e-07
1,"denying",2.76154011983302e-05
2,"denying",9.68777191814362e-06
3,"denying",9.76586775949687e-06
4,"denying",8.63146410346709e-07
5,"denying",8.38298856895678e-07
6,"denying",9.00372033724334e-07
1,"important",9.79901332843977e-06
2,"important",8.80706538013056e-07
3,"important",0.000631230179727479
4,"important",8.63146410346709e-07
5,"important",8.38298856895678e-07
6,"important",9.00372033724334e-07
1,"block",8.90819393494524e-07
2,"block",8.80706538013056e-07
3,"block",0.000648986302926564
4,"block",8.63146410346709e-07
5,"block",8.38298856895678e-07
6,"block",9.00372033724334e-07
1,"anyway",8.99727587429469e-05
2,"anyway",8.80706538013056e-07
3,"anyway",0.000586839871729766
4,"anyway",8.63146410346709e-07
5,"anyway",8.38298856895678e-07
6,"anyway",9.00372033724334e-07
1,"past",8.90819393494524e-07
2,"past",0.00372626936233324
3,"past",8.87806159954261e-07
4,"past",8.63146410346709e-07
5,"past",9.22128742585246e-06
6,"past",1.8907812708211e-05
1,"market",8.90819393494524e-07
2,"market",0.000317935060222713
3,"market",8.87806159954261e-07
4,"market",8.63146410346709e-07
5,"market",8.38298856895678e-07
6,"market",9.00372033724334e-07
1,"social",9.79901332843977e-06
2,"social",6.25301641989269e-05
3,"social",8.87806159954261e-07
4,"social",8.63146410346709e-07
5,"social",8.38298856895678e-07
6,"social",0.000198982219453078
1,"network",0.00221903110919486
2,"network",8.80706538013056e-07
3,"network",8.07903605558377e-05
4,"network",8.63146410346709e-07
5,"network",8.38298856895678e-07
6,"network",9.00372033724334e-07
1,"everything's",0.000152330116287564
2,"everything's",8.80706538013056e-07
3,"everything's",1.86439293590395e-05
4,"everything's",8.63146410346709e-07
5,"everything's",8.38298856895678e-07
6,"everything's",9.00372033724334e-07
1,"repeats",8.90819393494524e-07
2,"repeats",8.80706538013056e-07
3,"repeats",1.86439293590395e-05
4,"repeats",8.63146410346709e-07
5,"repeats",0.00053734956727013
6,"repeats",9.00372033724334e-07
1,"tracks",4.54317890682208e-05
2,"tracks",8.80706538013056e-07
3,"tracks",0.0030726971196017
4,"tracks",8.63146410346709e-07
5,"tracks",8.38298856895678e-07
6,"tracks",9.90409237096768e-06
1,"thought",8.90819393494524e-07
2,"thought",0.000643796479287544
3,"thought",0.0019274271732607
4,"thought",8.63146410346709e-07
5,"thought",8.38298856895678e-07
6,"thought",9.00372033724334e-07
1,"errors",0.000660097170579442
2,"errors",9.68777191814362e-06
3,"errors",8.87806159954261e-07
4,"errors",8.63146410346709e-07
5,"errors",8.38298856895678e-07
6,"errors",1.8907812708211e-05
1,"fails",8.90819393494524e-07
2,"fails",1.84948372982742e-05
3,"fails",8.87806159954261e-07
4,"fails",0.000648222954170378
5,"fails",8.38298856895678e-07
6,"fails",9.00372033724334e-07
1,"display",3.65235951332755e-05
2,"display",8.80706538013056e-07
3,"display",8.87806159954261e-07
4,"display",0.0017962076799315
5,"display",8.38298856895678e-07
6,"display",1.8907812708211e-05
1,"ahead",8.90819393494524e-07
2,"ahead",0.000177022014140624
3,"ahead",8.87806159954261e-07
4,"ahead",0.000354753174652497
5,"ahead",8.38298856895678e-07
6,"ahead",9.00372033724334e-07
1,"safe",0.000179054698092399
2,"safe",8.80706538013056e-07
3,"safe",8.87806159954261e-07
4,"safe",8.63146410346709e-07
5,"safe",8.38298856895678e-07
6,"safe",9.00372033724334e-07
1,"bear",8.90819393494524e-07
2,"bear",8.80706538013056e-07
3,"bear",9.85464837549228e-05
4,"bear",8.63146410346709e-07
5,"bear",8.38298856895678e-07
6,"bear",9.00372033724334e-07
1,"nerves",8.90819393494524e-07
2,"nerves",0.000247478537181669
3,"nerves",8.87806159954261e-07
4,"nerves",8.63146410346709e-07
5,"nerves",4.27532417016796e-05
6,"nerves",9.00372033724334e-07
1,"missed",1.8707207263385e-05
2,"missed",8.80706538013056e-07
3,"missed",9.76586775949687e-06
4,"missed",8.63146410346709e-07
5,"missed",8.38298856895678e-07
6,"missed",0.000253004541476538
1,"needing",8.90819393494524e-07
2,"needing",8.80706538013056e-07
3,"needing",8.96684221553803e-05
4,"needing",0.000251175605410892
5,"needing",8.38298856895678e-07
6,"needing",9.00372033724334e-07
1,"seriously",8.90819393494524e-07
2,"seriously",0.00190320682864621
3,"seriously",0.000320498023743488
4,"seriously",2.6757538720748e-05
5,"seriously",8.38298856895678e-07
6,"seriously",9.00372033724334e-07
1,"considering",8.90819393494524e-07
2,"considering",0.00144523942887942
3,"considering",8.87806159954261e-07
4,"considering",8.63146410346709e-07
5,"considering",8.38298856895678e-07
6,"considering",9.00372033724334e-07
1,"aap",8.90819393494524e-07
2,"aap",8.80706538013056e-07
3,"aap",8.87806159954261e-07
4,"aap",8.63146410346709e-07
5,"aap",8.38298856895678e-07
6,"aap",0.000406067787209675
1,"weeks",8.90819393494524e-07
2,"weeks",0.00327710902794658
3,"weeks",2.75219909585821e-05
4,"weeks",8.63146410346709e-07
5,"weeks",1.76042759948093e-05
6,"weeks",9.00372033724334e-07
1,"vanishing",8.90819393494524e-07
2,"vanishing",8.80706538013056e-07
3,"vanishing",1.86439293590395e-05
4,"vanishing",8.71777874450176e-05
5,"vanishing",8.38298856895678e-07
6,"vanishing",9.00372033724334e-07
1,"ruining",8.90819393494524e-07
2,"ruining",8.80706538013056e-07
3,"ruining",0.000196205161349891
4,"ruining",8.63146410346709e-07
5,"ruining",6.790220740855e-05
6,"ruining",9.00372033724334e-07
1,"dots",8.90819393494524e-07
2,"dots",8.80706538013056e-07
3,"dots",0.000231717407748062
4,"dots",8.63146410346709e-07
5,"dots",8.38298856895678e-07
6,"dots",9.00372033724334e-07
1,"icon",0.000731362722059004
2,"icon",8.80706538013056e-07
3,"icon",8.87806159954261e-07
4,"icon",8.63146410346709e-07
5,"icon",8.38298856895678e-07
6,"icon",9.00372033724334e-07
1,"searched",0.000134513728417673
2,"searched",8.80706538013056e-07
3,"searched",8.87806159954261e-07
4,"searched",8.63146410346709e-07
5,"searched",0.00133373348132103
6,"searched",9.00372033724334e-07
1,"allowed",8.90819393494524e-07
2,"allowed",8.80706538013056e-07
3,"allowed",8.87806159954261e-07
4,"allowed",8.63146410346709e-07
5,"allowed",0.000679860372942395
6,"allowed",9.00372033724334e-07
1,"rearranging",8.90819393494524e-07
2,"rearranging",9.68777191814362e-06
3,"rearranging",6.30342373567525e-05
4,"rearranging",8.63146410346709e-07
5,"rearranging",8.38298856895678e-07
6,"rearranging",9.00372033724334e-07
1,"resolve",0.00106096589765198
2,"resolve",1.84948372982742e-05
3,"resolve",1.86439293590395e-05
4,"resolve",8.63146410346709e-07
5,"resolve",8.38298856895678e-07
6,"resolve",9.00372033724334e-07
1,"asap",0.00255754247872278
2,"asap",8.80706538013056e-07
3,"asap",8.87806159954261e-07
4,"asap",0.000510119528514905
5,"asap",8.38298856895678e-07
6,"asap",9.00372033724334e-07
1,"episode",8.90819393494524e-07
2,"episode",8.80706538013056e-07
3,"episode",8.87806159954261e-07
4,"episode",0.00220188649279445
5,"episode",8.38298856895678e-07
6,"episode",9.00372033724334e-07
1,"bit",8.90819393494524e-07
2,"bit",8.80706538013056e-07
3,"bit",0.00298391650360627
4,"bit",8.63146410346709e-07
5,"bit",8.38298856895678e-07
6,"bit",9.00372033724334e-07
1,"tryed",8.10645648080017e-05
2,"tryed",1.84948372982742e-05
3,"tryed",8.87806159954261e-07
4,"tryed",8.63146410346709e-07
5,"tryed",8.38298856895678e-07
6,"tryed",9.00372033724334e-07
1,"stoped",0.000152330116287564
2,"stoped",8.80706538013056e-07
3,"stoped",8.87806159954261e-07
4,"stoped",8.63146410346709e-07
5,"stoped",8.38298856895678e-07
6,"stoped",9.00372033724334e-07
1,"queues",8.90819393494524e-07
2,"queues",8.80706538013056e-07
3,"queues",9.85464837549228e-05
4,"queues",8.63146410346709e-07
5,"queues",8.38298856895678e-07
6,"queues",3.69152533826978e-05
1,"tools",8.90819393494524e-07
2,"tools",8.80706538013056e-07
3,"tools",8.87806159954261e-07
4,"tools",8.63146410346709e-07
5,"tools",8.38298856895678e-07
6,"tools",9.09375754061579e-05
1,"continues",8.90819393494524e-07
2,"continues",8.80706538013056e-07
3,"continues",8.87806159954261e-07
4,"continues",0.00202062574662165
5,"continues",8.38298856895678e-07
6,"continues",9.00372033724334e-07
1,"across",4.54317890682208e-05
2,"across",8.80706538013056e-07
3,"across",8.87806159954261e-07
4,"across",8.63146410346709e-07
5,"across",8.38298856895678e-07
6,"across",0.000883264965083572
1,"useless",8.90819393494524e-07
2,"useless",0.00275749217051888
3,"useless",0.000205083222949434
4,"useless",8.63146410346709e-07
5,"useless",8.38298856895678e-07
6,"useless",2.79115330454544e-05
1,"bcs",5.43399830031659e-05
2,"bcs",5.37230988187964e-05
3,"bcs",8.87806159954261e-07
4,"bcs",9.4946105138138e-06
5,"bcs",8.38298856895678e-07
6,"bcs",1.8907812708211e-05
1,"somethings",8.90819393494524e-07
2,"somethings",5.37230988187964e-05
3,"somethings",8.87806159954261e-07
4,"somethings",4.40204669276821e-05
5,"somethings",8.38298856895678e-07
6,"somethings",9.00372033724334e-07
1,"alexa",0.000179054698092399
2,"alexa",0.000555725825486238
3,"alexa",8.87806159954261e-07
4,"alexa",8.63146410346709e-07
5,"alexa",8.38298856895678e-07
6,"alexa",9.00372033724334e-07
1,"speaker",8.90819393494524e-07
2,"speaker",9.68777191814362e-06
3,"speaker",9.76586775949687e-06
4,"speaker",0.00139916033117201
5,"speaker",8.38298856895678e-07
6,"speaker",9.90409237096768e-06
1,"groups",8.90819393494524e-07
2,"groups",8.80706538013056e-07
3,"groups",8.87806159954261e-07
4,"groups",3.53890028242151e-05
5,"groups",8.38298856895678e-07
6,"groups",0.000162967338104105
1,"joe",8.90819393494524e-07
2,"joe",8.80706538013056e-07
3,"joe",0.00239796443803646
4,"joe",8.63146410346709e-07
5,"joe",8.38298856895678e-07
6,"joe",9.99412957434012e-05
1,"rogans",8.90819393494524e-07
2,"rogans",8.80706538013056e-07
3,"rogans",8.87806159954261e-07
4,"rogans",6.12833951346163e-05
5,"rogans",8.38298856895678e-07
6,"rogans",9.00372033724334e-07
1,"misinformation",8.90819393494524e-07
2,"misinformation",0.000441233975544541
3,"misinformation",6.30342373567525e-05
4,"misinformation",8.63146410346709e-07
5,"misinformation",5.11362302706364e-05
6,"misinformation",9.00372033724334e-07
1,"info",0.000170146504157454
2,"info",8.80706538013056e-07
3,"info",1.86439293590395e-05
4,"info",0.000786326379825851
5,"info",8.38298856895678e-07
6,"info",9.00372033724334e-07
1,"wont",0.00123022158241594
2,"wont",8.01442949591881e-05
3,"wont",8.87806159954261e-07
4,"wont",9.4946105138138e-06
5,"wont",0.0015516911841139
6,"wont",9.00372033724334e-07
1,"subscriber",2.76154011983302e-05
2,"subscriber",0.00127790518665694
3,"subscriber",8.87806159954261e-07
4,"subscriber",8.63146410346709e-07
5,"subscriber",8.38298856895678e-07
6,"subscriber",9.00372033724334e-07
1,"os",8.90819393494524e-07
2,"os",8.80706538013056e-07
3,"os",8.87806159954261e-07
4,"os",0.000432436351583701
5,"os",8.38298856895678e-07
6,"os",9.00372033724334e-07
1,"tricks",8.90819393494524e-07
2,"tricks",5.37230988187964e-05
3,"tricks",8.87806159954261e-07
4,"tricks",8.63146410346709e-07
5,"tricks",8.38298856895678e-07
6,"tricks",9.00372033724334e-07
1,"terminate",8.90819393494524e-07
2,"terminate",8.80706538013056e-07
3,"terminate",4.52781141576672e-05
4,"terminate",8.63146410346709e-07
5,"terminate",8.38298856895678e-07
6,"terminate",9.00372033724334e-07
1,"group",8.90819393494524e-07
2,"group",8.80706538013056e-07
3,"group",0.00131484092289226
4,"group",3.53890028242151e-05
5,"group",8.38298856895678e-07
6,"group",9.00372033724334e-07
1,"session",8.90819393494524e-07
2,"session",8.80706538013056e-07
3,"session",0.00107513325970461
4,"session",9.4946105138138e-06
5,"session",8.38298856895678e-07
6,"session",9.00372033724334e-07
1,"manager",8.90819393494524e-07
2,"manager",8.01442949591881e-05
3,"manager",8.87806159954261e-07
4,"manager",8.63146410346709e-07
5,"manager",8.38298856895678e-07
6,"manager",9.00372033724334e-07
1,"clearing",0.000989700346172416
2,"clearing",8.80706538013056e-07
3,"clearing",2.75219909585821e-05
4,"clearing",8.63146410346709e-07
5,"clearing",1.76042759948093e-05
6,"clearing",9.00372033724334e-07
1,"unacceptable",8.90819393494524e-07
2,"unacceptable",0.000714253002328588
3,"unacceptable",8.87806159954261e-07
4,"unacceptable",9.4946105138138e-06
5,"unacceptable",8.38298856895678e-07
6,"unacceptable",9.00372033724334e-07
1,"confusing",2.76154011983302e-05
2,"confusing",8.80706538013056e-07
3,"confusing",0.000453668947736627
4,"confusing",9.4946105138138e-06
5,"confusing",0.00030262588733934
6,"confusing",9.00372033724334e-07
1,"fu",8.90819393494524e-07
2,"fu",8.80706538013056e-07
3,"fu",8.87806159954261e-07
4,"fu",8.63146410346709e-07
5,"fu",2.5987264563766e-05
6,"fu",3.69152533826978e-05
1,"chance",2.76154011983302e-05
2,"chance",3.61089680585353e-05
3,"chance",8.87806159954261e-07
4,"chance",8.63146410346709e-07
5,"chance",0.000311008875908297
6,"chance",9.00372033724334e-07
1,"built",0.000134513728417673
2,"built",0.000141793752620102
3,"built",4.52781141576672e-05
4,"built",8.63146410346709e-07
5,"built",8.38298856895678e-07
6,"built",9.00372033724334e-07
1,"moving",8.90819393494524e-07
2,"moving",0.000714253002328588
3,"moving",8.87806159954261e-07
4,"moving",0.000294332925928228
5,"moving",8.38298856895678e-07
6,"moving",9.00372033724334e-07
1,"tesla",8.90819393494524e-07
2,"tesla",5.37230988187964e-05
3,"tesla",8.87806159954261e-07
4,"tesla",8.63146410346709e-07
5,"tesla",8.38298856895678e-07
6,"tesla",9.00372033724334e-07
1,"normally",8.90819393494524e-07
2,"normally",1.84948372982742e-05
3,"normally",0.000231717407748062
4,"normally",0.00107979615934373
5,"normally",8.38298856895678e-07
6,"normally",9.00372033724334e-07
1,"given",8.90819393494524e-07
2,"given",8.80706538013056e-07
3,"given",0.00179425624926756
4,"given",8.63146410346709e-07
5,"given",8.38298856895678e-07
6,"given",5.49226940571845e-05
1,"following",6.32481769381112e-05
2,"following",8.80706538013056e-07
3,"following",0.000222839346148519
4,"following",5.26519310311492e-05
5,"following",9.22128742585246e-06
6,"following",9.00372033724334e-07
1,"supposed",8.90819393494524e-07
2,"supposed",0.000159407883380363
3,"supposed",0.000986352643709183
4,"supposed",8.63146410346709e-07
5,"supposed",8.38298856895678e-07
6,"supposed",9.00372033724334e-07
1,"web",0.0005531988433601
2,"web",8.80706538013056e-07
3,"web",0.00049805925573434
4,"web",8.63146410346709e-07
5,"web",8.38298856895678e-07
6,"web",9.00372033724334e-07
1,"tablet",8.90819393494524e-07
2,"tablet",8.80706538013056e-07
3,"tablet",0.00119942612209821
4,"tablet",8.63146410346709e-07
5,"tablet",8.38298856895678e-07
6,"tablet",9.00372033724334e-07
1,"loop",8.90819393494524e-07
2,"loop",8.80706538013056e-07
3,"loop",3.64000525581247e-05
4,"loop",8.63146410346709e-07
5,"loop",0.00150977624126912
6,"loop",9.00372033724334e-07
1,"strong",0.000508657873685373
2,"strong",8.80706538013056e-07
3,"strong",9.76586775949687e-06
4,"strong",1.81260746172809e-05
5,"strong",8.38298856895678e-07
6,"strong",9.00372033724334e-07
1,"year",8.90819393494524e-07
2,"year",0.00369984816619285
3,"year",8.87806159954261e-07
4,"year",8.63146410346709e-07
5,"year",8.38298856895678e-07
6,"year",9.00372033724334e-07
1,"subscribe",8.90819393494524e-07
2,"subscribe",0.000758288329229241
3,"subscribe",8.87806159954261e-07
4,"subscribe",2.6757538720748e-05
5,"subscribe",8.38298856895678e-07
6,"subscribe",9.00372033724334e-07
1,"chose",8.90819393494524e-07
2,"chose",3.61089680585353e-05
3,"chose",8.87806159954261e-07
4,"chose",8.63146410346709e-07
5,"chose",0.00106547784711441
6,"chose",9.00372033724334e-07
1,"fast",8.90819393494524e-07
2,"fast",8.80706538013056e-07
3,"fast",0.000134058730153093
4,"fast",0.00197746842610431
5,"fast",8.38298856895678e-07
6,"fast",6.39264143944278e-05
1,"debating",9.79901332843977e-06
2,"debating",8.80706538013056e-07
3,"debating",8.87806159954261e-07
4,"debating",6.12833951346163e-05
5,"debating",8.38298856895678e-07
6,"debating",9.00372033724334e-07
1,"bass",1.8707207263385e-05
2,"bass",8.80706538013056e-07
3,"bass",8.87806159954261e-07
4,"bass",8.63146410346709e-07
5,"bass",8.38298856895678e-07
6,"bass",0.000189978499115835
1,"aint",8.90819393494524e-07
2,"aint",8.80706538013056e-07
3,"aint",9.76586775949687e-06
4,"aint",8.63146410346709e-07
5,"aint",0.000101434161684377
6,"aint",9.00372033724334e-07
1,"redownloaded",0.000179054698092399
2,"redownloaded",8.80706538013056e-07
3,"redownloaded",8.87806159954261e-07
4,"redownloaded",8.63146410346709e-07
5,"redownloaded",8.38298856895678e-07
6,"redownloaded",9.00372033724334e-07
1,"tho",0.000731362722059004
2,"tho",8.80706538013056e-07
3,"tho",0.000551327625331596
4,"tho",9.4946105138138e-06
5,"tho",0.000311008875908297
6,"tho",9.00372033724334e-07
1,"move",0.000170146504157454
2,"move",8.80706538013056e-07
3,"move",0.00162557307887625
4,"move",8.63146410346709e-07
5,"move",8.38298856895678e-07
6,"move",9.00372033724334e-07
1,"yt",8.90819393494524e-07
2,"yt",0.000221057341041277
3,"yt",8.87806159954261e-07
4,"yt",8.63146410346709e-07
5,"yt",8.38298856895678e-07
6,"yt",0.000649168236315245
1,"came",8.90819393494524e-07
2,"came",8.80706538013056e-07
3,"came",0.000524693440532968
4,"came",8.63146410346709e-07
5,"came",0.000445136693011606
6,"came",9.90409237096768e-06
1,"d",3.65235951332755e-05
2,"d",8.80706538013056e-07
3,"d",0.000213961284548977
4,"d",8.63146410346709e-07
5,"d",8.38298856895678e-07
6,"d",0.000135956177092375
1,"advertisements",8.90819393494524e-07
2,"advertisements",4.49160334386658e-05
3,"advertisements",5.41561757572099e-05
4,"advertisements",1.81260746172809e-05
5,"advertisements",0.000218796001649772
6,"advertisements",9.00372033724334e-07
1,"meant",8.90819393494524e-07
2,"meant",8.80706538013056e-07
3,"meant",9.76586775949687e-06
4,"meant",8.63146410346709e-07
5,"meant",9.22128742585246e-06
6,"meant",0.000153963617766861
1,"terms",8.90819393494524e-07
2,"terms",8.80706538013056e-07
3,"terms",9.76586775949687e-06
4,"terms",8.63146410346709e-07
5,"terms",8.38298856895678e-07
6,"terms",0.000207985939790321
1,"lived",8.90819393494524e-07
2,"lived",8.80706538013056e-07
3,"lived",8.87806159954261e-07
4,"lived",8.63146410346709e-07
5,"lived",8.38298856895678e-07
6,"lived",6.39264143944278e-05
1,"house",8.90819393494524e-07
2,"house",8.80706538013056e-07
3,"house",8.87806159954261e-07
4,"house",3.53890028242151e-05
5,"house",8.38298856895678e-07
6,"house",0.000415071507546919
1,"course",8.90819393494524e-07
2,"course",0.00011537255647971
3,"course",8.87806159954261e-07
4,"course",4.40204669276821e-05
5,"course",9.22128742585246e-06
6,"course",0.000343041744848972
1,"ans",8.90819393494524e-07
2,"ans",8.80706538013056e-07
3,"ans",8.87806159954261e-07
4,"ans",8.63146410346709e-07
5,"ans",7.62851959775067e-05
6,"ans",9.00372033724334e-07
1,"favorites",8.90819393494524e-07
2,"favorites",8.80706538013056e-07
3,"favorites",3.64000525581247e-05
4,"favorites",8.63146410346709e-07
5,"favorites",8.38298856895678e-07
6,"favorites",0.000775220321036653
1,"pathetic",8.90819393494524e-07
2,"pathetic",0.000361970387123366
3,"pathetic",0.000107424545354466
4,"pathetic",8.63146410346709e-07
5,"pathetic",8.38298856895678e-07
6,"pathetic",9.00372033724334e-07
1,"wth",8.90819393494524e-07
2,"wth",8.80706538013056e-07
3,"wth",1.86439293590395e-05
4,"wth",8.63146410346709e-07
5,"wth",0.00030262588733934
6,"wth",9.00372033724334e-07
1,"charge",8.90819393494524e-07
2,"charge",0.000300320929462452
3,"charge",8.87806159954261e-07
4,"charge",7.85463233415505e-05
5,"charge",8.38298856895678e-07
6,"charge",9.00372033724334e-07
1,"huh",7.21563708730564e-05
2,"huh",8.80706538013056e-07
3,"huh",5.41561757572099e-05
4,"huh",8.63146410346709e-07
5,"huh",8.38298856895678e-07
6,"huh",9.00372033724334e-07
1,"lol",8.90819393494524e-07
2,"lol",1.84948372982742e-05
3,"lol",2.75219909585821e-05
4,"lol",8.63146410346709e-07
5,"lol",8.38298856895678e-07
6,"lol",0.00100031332946774
1,"alternatives",5.43399830031659e-05
2,"alternatives",0.000185829079520755
3,"alternatives",8.87806159954261e-07
4,"alternatives",8.63146410346709e-07
5,"alternatives",8.38298856895678e-07
6,"alternatives",9.00372033724334e-07
1,"share",8.90819393494524e-07
2,"share",8.80706538013056e-07
3,"share",9.76586775949687e-06
4,"share",8.63146410346709e-07
5,"share",8.38298856895678e-07
6,"share",0.00216179325297213
1,"videos",0.00019687108596229
2,"videos",8.80706538013056e-07
3,"videos",0.000640108241327022
4,"videos",8.63146410346709e-07
5,"videos",8.38298856895678e-07
6,"videos",9.00372033724334e-07
1,"pixel",8.90819393494524e-07
2,"pixel",8.80706538013056e-07
3,"pixel",8.87806159954261e-07
4,"pixel",0.000933061269584792
5,"pixel",8.38298856895678e-07
6,"pixel",9.00372033724334e-07
1,"virtually",0.000134513728417673
2,"virtually",8.80706538013056e-07
3,"virtually",8.87806159954261e-07
4,"virtually",2.6757538720748e-05
5,"virtually",8.38298856895678e-07
6,"virtually",9.00372033724334e-07
1,"roll",8.90819393494524e-07
2,"roll",0.000309127994842583
3,"roll",8.87806159954261e-07
4,"roll",8.63146410346709e-07
5,"roll",8.38298856895678e-07
6,"roll",9.00372033724334e-07
1,"particular",8.90819393494524e-07
2,"particular",8.80706538013056e-07
3,"particular",9.76586775949687e-06
4,"particular",8.63146410346709e-07
5,"particular",0.000830754167183617
6,"particular",9.00372033724334e-07
1,"immediately",0.00111441506126165
2,"immediately",8.80706538013056e-07
3,"immediately",9.76586775949687e-06
4,"immediately",8.63146410346709e-07
5,"immediately",8.38298856895678e-07
6,"immediately",9.00372033724334e-07
1,"b",7.21563708730564e-05
2,"b",4.49160334386658e-05
3,"b",8.87806159954261e-07
4,"b",8.63146410346709e-07
5,"b",9.22128742585246e-06
6,"b",0.000442082668558649
1,"dat",8.90819393494524e-07
2,"dat",8.80706538013056e-07
3,"dat",8.87806159954261e-07
4,"dat",8.63146410346709e-07
5,"dat",3.43702531327228e-05
6,"dat",9.90409237096768e-06
1,"remember",8.90819393494524e-07
2,"remember",0.00114579920595499
3,"remember",8.87806159954261e-07
4,"remember",8.63146410346709e-07
5,"remember",2.5987264563766e-05
6,"remember",9.90409237096768e-06
1,"anywhere",8.90819393494524e-07
2,"anywhere",8.80706538013056e-07
3,"anywhere",0.000213961284548977
4,"anywhere",1.81260746172809e-05
5,"anywhere",8.38298856895678e-07
6,"anywhere",0.000622157075303515
1,"minutes",8.90819393494524e-07
2,"minutes",0.00325068783180619
3,"minutes",8.87806159954261e-07
4,"minutes",0.00244356748769153
5,"minutes",8.38298856895678e-07
6,"minutes",9.00372033724334e-07
1,"5-10",8.90819393494524e-07
2,"5-10",8.80706538013056e-07
3,"5-10",8.87806159954261e-07
4,"5-10",0.000130335107962353
5,"5-10",8.38298856895678e-07
6,"5-10",9.00372033724334e-07
1,"infuriating",8.90819393494524e-07
2,"infuriating",8.80706538013056e-07
3,"infuriating",8.87806159954261e-07
4,"infuriating",0.000475593672101037
5,"infuriating",2.5987264563766e-05
6,"infuriating",9.00372033724334e-07
1,"sing",8.90819393494524e-07
2,"sing",8.80706538013056e-07
3,"sing",8.87806159954261e-07
4,"sing",2.6757538720748e-05
5,"sing",8.38298856895678e-07
6,"sing",0.000892268685420816
1,"singer",8.90819393494524e-07
2,"singer",8.80706538013056e-07
3,"singer",0.00025835159254669
4,"singer",8.63146410346709e-07
5,"singer",8.38298856895678e-07
6,"singer",9.00372033724334e-07
1,"within",8.90819393494524e-07
2,"within",2.73019026784047e-05
3,"within",1.86439293590395e-05
4,"within",0.00140779179527548
5,"within",8.38298856895678e-07
6,"within",9.00372033724334e-07
1,"destroyed",8.90819393494524e-07
2,"destroyed",8.80706538013056e-07
3,"destroyed",8.87806159954261e-07
4,"destroyed",0.000156229500272754
5,"destroyed",8.38298856895678e-07
6,"destroyed",9.00372033724334e-07
1,"cuts",8.90819393494524e-07
2,"cuts",9.68777191814362e-06
3,"cuts",8.87806159954261e-07
4,"cuts",0.00145958057989628
5,"cuts",8.38298856895678e-07
6,"cuts",9.90409237096768e-06
1,"messing",4.54317890682208e-05
2,"messing",8.80706538013056e-07
3,"messing",1.86439293590395e-05
4,"messing",0.000337490246445563
5,"messing",8.38298856895678e-07
6,"messing",9.00372033724334e-07
1,"omg",8.90819393494524e-07
2,"omg",8.80706538013056e-07
3,"omg",0.000196205161349891
4,"omg",9.4946105138138e-06
5,"omg",8.38298856895678e-07
6,"omg",9.00372033724334e-07
1,"vanish",8.90819393494524e-07
2,"vanish",8.80706538013056e-07
3,"vanish",8.87806159954261e-07
4,"vanish",0.000164860964376221
5,"vanish",8.38298856895678e-07
6,"vanish",9.00372033724334e-07
1,"ha",4.54317890682208e-05
2,"ha",8.80706538013056e-07
3,"ha",8.87806159954261e-07
4,"ha",8.63146410346709e-07
5,"ha",3.43702531327228e-05
6,"ha",9.00372033724334e-07
1,"e",8.90819393494524e-07
2,"e",8.80706538013056e-07
3,"e",0.000320498023743488
4,"e",3.53890028242151e-05
5,"e",8.38298856895678e-07
6,"e",9.00372033724334e-07
1,"isnt",0.000152330116287564
2,"isnt",8.80706538013056e-07
3,"isnt",5.41561757572099e-05
4,"isnt",9.4946105138138e-06
5,"isnt",0.000612796464390741
6,"isnt",9.00372033724334e-07
1,"im",0.00251300150904805
2,"im",9.68777191814362e-06
3,"im",8.87806159954261e-07
4,"im",9.4946105138138e-06
5,"im",0.00315284200078465
6,"im",9.00372033724334e-07
1,"diffrent",4.54317890682208e-05
2,"diffrent",8.80706538013056e-07
3,"diffrent",8.87806159954261e-07
4,"diffrent",8.63146410346709e-07
5,"diffrent",0.000176881058804988
6,"diffrent",9.00372033724334e-07
1,"figure",8.90819393494524e-07
2,"figure",0.0012955193174172
3,"figure",8.87806159954261e-07
4,"figure",8.63146410346709e-07
5,"figure",8.38298856895678e-07
6,"figure",9.00372033724334e-07
1,"spotify's",8.90819393494524e-07
2,"spotify's",0.000793516590749763
3,"spotify's",8.96684221553803e-05
4,"spotify's",8.63146410346709e-07
5,"spotify's",8.38298856895678e-07
6,"spotify's",9.00372033724334e-07
1,"break",0.00019687108596229
2,"break",8.80706538013056e-07
3,"break",9.76586775949687e-06
4,"break",0.0004065419592733
5,"break",8.38298856895678e-07
6,"break",2.79115330454544e-05
1,"engine",9.79901332843977e-06
2,"engine",8.80706538013056e-07
3,"engine",8.87806159954261e-07
4,"engine",8.63146410346709e-07
5,"engine",8.38298856895678e-07
6,"engine",0.000262008261813782
1,"algorithm",8.90819393494524e-07
2,"algorithm",8.80706538013056e-07
3,"algorithm",8.87806159954261e-07
4,"algorithm",8.63146410346709e-07
5,"algorithm",2.5987264563766e-05
6,"algorithm",0.00176562955813342
1,"laugh",8.90819393494524e-07
2,"laugh",8.80706538013056e-07
3,"laugh",8.87806159954261e-07
4,"laugh",8.63146410346709e-07
5,"laugh",4.27532417016796e-05
6,"laugh",9.00372033724334e-07
1,"incomplete",9.79901332843977e-06
2,"incomplete",8.80706538013056e-07
3,"incomplete",8.87806159954261e-07
4,"incomplete",9.4946105138138e-06
5,"incomplete",8.38298856895678e-07
6,"incomplete",6.39264143944278e-05
1,"occurred",8.10645648080017e-05
2,"occurred",8.80706538013056e-07
3,"occurred",9.76586775949687e-06
4,"occurred",8.63146410346709e-07
5,"occurred",8.38298856895678e-07
6,"occurred",9.90409237096768e-06
1,"interrupted",8.90819393494524e-07
2,"interrupted",8.01442949591881e-05
3,"interrupted",8.87806159954261e-07
4,"interrupted",0.000113072179755419
5,"interrupted",8.38298856895678e-07
6,"interrupted",9.00372033724334e-07
1,"sounding",8.90819393494524e-07
2,"sounding",2.73019026784047e-05
3,"sounding",8.87806159954261e-07
4,"sounding",8.63146410346709e-07
5,"sounding",2.5987264563766e-05
6,"sounding",9.00372033724334e-07
1,"stability",8.90819393494524e-07
2,"stability",8.80706538013056e-07
3,"stability",0.000116302606954008
4,"stability",5.26519310311492e-05
5,"stability",8.38298856895678e-07
6,"stability",9.90409237096768e-06
1,"contact",8.90819393494524e-07
2,"contact",0.000758288329229241
3,"contact",9.76586775949687e-06
4,"contact",8.63146410346709e-07
5,"contact",8.38298856895678e-07
6,"contact",9.00372033724334e-07
1,"folks",8.90819393494524e-07
2,"folks",9.68777191814362e-06
3,"folks",8.87806159954261e-07
4,"folks",8.63146410346709e-07
5,"folks",8.38298856895678e-07
6,"folks",0.000108945016080645
1,"talking",8.90819393494524e-07
2,"talking",0.000361970387123366
3,"talking",8.87806159954261e-07
4,"talking",8.63146410346709e-07
5,"talking",8.38298856895678e-07
6,"talking",9.00372033724334e-07
1,"clue",4.54317890682208e-05
2,"clue",8.80706538013056e-07
3,"clue",8.87806159954261e-07
4,"clue",8.63146410346709e-07
5,"clue",8.38298856895678e-07
6,"clue",0.000153963617766861
1,"told",4.54317890682208e-05
2,"told",0.000793516590749763
3,"told",8.87806159954261e-07
4,"told",8.63146410346709e-07
5,"told",8.38298856895678e-07
6,"told",9.00372033724334e-07
1,"twice",0.000268136637441852
2,"twice",0.00114579920595499
3,"twice",9.76586775949687e-06
4,"twice",8.63146410346709e-07
5,"twice",8.38298856895678e-07
6,"twice",4.59189737199411e-05
1,"blank",0.000330493994986469
2,"blank",8.80706538013056e-07
3,"blank",8.87806159954261e-07
4,"blank",0.000208018284893557
5,"blank",8.38298856895678e-07
6,"blank",9.90409237096768e-06
1,"appearing",8.90819393494524e-07
2,"appearing",8.80706538013056e-07
3,"appearing",1.86439293590395e-05
4,"appearing",0.000251175605410892
5,"appearing",7.62851959775067e-05
6,"appearing",9.90409237096768e-06
1,"tomorrow",8.90819393494524e-07
2,"tomorrow",8.80706538013056e-07
3,"tomorrow",8.96684221553803e-05
4,"tomorrow",9.4946105138138e-06
5,"tomorrow",8.38298856895678e-07
6,"tomorrow",9.00372033724334e-07
1,"5th",8.90819393494524e-07
2,"5th",0.000159407883380363
3,"5th",8.87806159954261e-07
4,"5th",8.63146410346709e-07
5,"5th",8.38298856895678e-07
6,"5th",9.00372033724334e-07
1,"freezes",8.90819393494524e-07
2,"freezes",8.80706538013056e-07
3,"freezes",8.87806159954261e-07
4,"freezes",0.00224504381331179
5,"freezes",9.22128742585246e-06
6,"freezes",9.00372033724334e-07
1,"clean",0.000250320249571961
2,"clean",8.80706538013056e-07
3,"clean",8.87806159954261e-07
4,"clean",8.63146410346709e-07
5,"clean",8.38298856895678e-07
6,"clean",0.000496104990582108
1,"run",0.0005531988433601
2,"run",8.80706538013056e-07
3,"run",8.87806159954261e-07
4,"run",0.000984850054205594
5,"run",8.38298856895678e-07
6,"run",9.00372033724334e-07
1,"ypu",8.90819393494524e-07
2,"ypu",8.80706538013056e-07
3,"ypu",3.64000525581247e-05
4,"ypu",1.81260746172809e-05
5,"ypu",8.38298856895678e-07
6,"ypu",9.00372033724334e-07
1,"purchasing",8.90819393494524e-07
2,"purchasing",0.00011537255647971
3,"purchasing",8.87806159954261e-07
4,"purchasing",8.63146410346709e-07
5,"purchasing",2.5987264563766e-05
6,"purchasing",9.00372033724334e-07
1,"team",9.79901332843977e-06
2,"team",0.00177110084794425
3,"team",8.87806159954261e-07
4,"team",8.63146410346709e-07
5,"team",8.38298856895678e-07
6,"team",9.00372033724334e-07
1,"cool",8.90819393494524e-07
2,"cool",9.68777191814362e-06
3,"cool",8.87806159954261e-07
4,"cool",8.63146410346709e-07
5,"cool",8.38298856895678e-07
6,"cool",0.00308917644770819
1,"keeping",8.90819393494524e-07
2,"keeping",0.000238671471801538
3,"keeping",9.85464837549228e-05
4,"keeping",8.63146410346709e-07
5,"keeping",8.38298856895678e-07
6,"keeping",0.000234997100802052
1,"thumbs",8.90819393494524e-07
2,"thumbs",8.80706538013056e-07
3,"thumbs",8.87806159954261e-07
4,"thumbs",8.63146410346709e-07
5,"thumbs",2.5987264563766e-05
6,"thumbs",0.000207985939790321
1,"fabulous",9.79901332843977e-06
2,"fabulous",7.13372295790575e-05
3,"fabulous",8.87806159954261e-07
4,"fabulous",8.63146410346709e-07
5,"fabulous",8.38298856895678e-07
6,"fabulous",7.29301347316712e-05
1,"sleeping",3.65235951332755e-05
2,"sleeping",8.80706538013056e-07
3,"sleeping",8.87806159954261e-07
4,"sleeping",3.53890028242151e-05
5,"sleeping",8.38298856895678e-07
6,"sleeping",0.000207985939790321
1,"upset",2.76154011983302e-05
2,"upset",0.000467655171684932
3,"upset",8.87806159954261e-07
4,"upset",9.4946105138138e-06
5,"upset",9.22128742585246e-06
6,"upset",9.00372033724334e-07
1,"stories",1.8707207263385e-05
2,"stories",1.84948372982742e-05
3,"stories",0.000222839346148519
4,"stories",8.63146410346709e-07
5,"stories",8.38298856895678e-07
6,"stories",9.00372033724334e-07
1,"clicking",9.79901332843977e-06
2,"clicking",8.80706538013056e-07
3,"clicking",8.87806159954261e-07
4,"clicking",6.99148592380834e-05
5,"clicking",0.000478668647287432
6,"clicking",9.00372033724334e-07
1,"due",1.8707207263385e-05
2,"due",0.00191201389402634
3,"due",8.87806159954261e-07
4,"due",8.63146410346709e-07
5,"due",8.38298856895678e-07
6,"due",9.00372033724334e-07
1,"whatnot",8.90819393494524e-07
2,"whatnot",8.89513603393186e-05
3,"whatnot",8.87806159954261e-07
4,"whatnot",8.63146410346709e-07
5,"whatnot",8.38298856895678e-07
6,"whatnot",9.00372033724334e-07
1,"hit",8.90819393494524e-07
2,"hit",0.000141793752620102
3,"hit",0.00182976849566573
4,"hit",8.63146410346709e-07
5,"hit",8.38298856895678e-07
6,"hit",9.00372033724334e-07
1,"rock",8.90819393494524e-07
2,"rock",8.80706538013056e-07
3,"rock",9.76586775949687e-06
4,"rock",8.63146410346709e-07
5,"rock",8.38298856895678e-07
6,"rock",0.000712194278675949
1,"folders",8.90819393494524e-07
2,"folders",8.80706538013056e-07
3,"folders",0.000249473530947147
4,"folders",8.63146410346709e-07
5,"folders",8.38298856895678e-07
6,"folders",9.00372033724334e-07
1,"it'd",8.90819393494524e-07
2,"it'd",8.80706538013056e-07
3,"it'd",0.000400400578139371
4,"it'd",8.63146410346709e-07
5,"it'd",9.22128742585246e-06
6,"it'd",9.00372033724334e-07
1,"debit",8.90819393494524e-07
2,"debit",0.000194636144900885
3,"debit",8.87806159954261e-07
4,"debit",8.63146410346709e-07
5,"debit",8.38298856895678e-07
6,"debit",2.79115330454544e-05
1,"tells",0.000677913558449333
2,"tells",0.000326742125602843
3,"tells",8.87806159954261e-07
4,"tells",8.63146410346709e-07
5,"tells",8.38298856895678e-07
6,"tells",9.00372033724334e-07
1,"website",0.000375034964661195
2,"website",0.000309127994842583
3,"website",8.87806159954261e-07
4,"website",8.63146410346709e-07
5,"website",8.38298856895678e-07
6,"website",9.00372033724334e-07
1,"bs",8.90819393494524e-07
2,"bs",0.000661410610047805
3,"bs",1.86439293590395e-05
4,"bs",8.63146410346709e-07
5,"bs",8.38298856895678e-07
6,"bs",9.00372033724334e-07
1,"console",1.8707207263385e-05
2,"console",8.80706538013056e-07
3,"console",0.000187327099750349
4,"console",8.63146410346709e-07
5,"console",8.38298856895678e-07
6,"console",9.00372033724334e-07
1,"controller",8.90819393494524e-07
2,"controller",8.80706538013056e-07
3,"controller",8.87806159954261e-07
4,"controller",0.000233912677203958
5,"controller",8.38298856895678e-07
6,"controller",9.00372033724334e-07
1,"junk",8.90819393494524e-07
2,"junk",0.000194636144900885
3,"junk",8.87806159954261e-07
4,"junk",6.12833951346163e-05
5,"junk",8.38298856895678e-07
6,"junk",8.19338550689144e-05
1,"musicians",1.8707207263385e-05
2,"musicians",8.80706538013056e-07
3,"musicians",6.30342373567525e-05
4,"musicians",8.63146410346709e-07
5,"musicians",8.38298856895678e-07
6,"musicians",0.000271011982151025
1,"fighting",8.90819393494524e-07
2,"fighting",8.80706538013056e-07
3,"fighting",8.87806159954261e-07
4,"fighting",8.63146410346709e-07
5,"fighting",8.38298856895678e-07
6,"fighting",8.19338550689144e-05
1,"rights",8.90819393494524e-07
2,"rights",1.84948372982742e-05
3,"rights",3.64000525581247e-05
4,"rights",2.6757538720748e-05
5,"rights",8.38298856895678e-07
6,"rights",4.59189737199411e-05
1,"books",8.90819393494524e-07
2,"books",0.000185829079520755
3,"books",8.87806159954261e-07
4,"books",8.63146410346709e-07
5,"books",8.38298856895678e-07
6,"books",9.00372033724334e-07
1,"tube",2.76154011983302e-05
2,"tube",8.80706538013056e-07
3,"tube",8.87806159954261e-07
4,"tube",8.63146410346709e-07
5,"tube",8.38298856895678e-07
6,"tube",0.000244000821139295
1,"automatically",0.00353744381156676
2,"automatically",8.80706538013056e-07
3,"automatically",8.87806159954261e-07
4,"automatically",8.63146410346709e-07
5,"automatically",0.000579264510114914
6,"automatically",2.79115330454544e-05
1,"urgent",5.43399830031659e-05
2,"urgent",8.80706538013056e-07
3,"urgent",8.87806159954261e-07
4,"urgent",8.63146410346709e-07
5,"urgent",8.38298856895678e-07
6,"urgent",9.00372033724334e-07
1,"restore",0.000107789146612837
2,"restore",8.80706538013056e-07
3,"restore",8.87806159954261e-07
4,"restore",4.40204669276821e-05
5,"restore",2.5987264563766e-05
6,"restore",9.00372033724334e-07
1,"patch",8.90819393494524e-07
2,"patch",8.80706538013056e-07
3,"patch",8.87806159954261e-07
4,"patch",0.000475593672101037
5,"patch",8.38298856895678e-07
6,"patch",9.00372033724334e-07
1,"clicked",8.90819393494524e-07
2,"clicked",8.80706538013056e-07
3,"clicked",8.87806159954261e-07
4,"clicked",8.63146410346709e-07
5,"clicked",0.000822371178614661
6,"clicked",9.00372033724334e-07
1,"turning",0.000909526600757909
2,"turning",8.80706538013056e-07
3,"turning",6.30342373567525e-05
4,"turning",0.000320227318238629
5,"turning",8.38298856895678e-07
6,"turning",9.00372033724334e-07
1,"a20",8.90819393494524e-07
2,"a20",8.01442949591881e-05
3,"a20",8.87806159954261e-07
4,"a20",8.63146410346709e-07
5,"a20",8.38298856895678e-07
6,"a20",9.00372033724334e-07
1,"membership",8.90819393494524e-07
2,"membership",0.00133074757893773
3,"membership",8.87806159954261e-07
4,"membership",8.63146410346709e-07
5,"membership",8.38298856895678e-07
6,"membership",9.00372033724334e-07
1,"ot",8.90819393494524e-07
2,"ot",1.84948372982742e-05
3,"ot",0.000142936791752636
4,"ot",2.6757538720748e-05
5,"ot",9.22128742585246e-06
6,"ot",9.00372033724334e-07
1,"frequency",8.90819393494524e-07
2,"frequency",8.80706538013056e-07
3,"frequency",8.87806159954261e-07
4,"frequency",8.63146410346709e-07
5,"frequency",8.38298856895678e-07
6,"frequency",4.59189737199411e-05
1,"nerve",8.90819393494524e-07
2,"nerve",8.80706538013056e-07
3,"nerve",8.87806159954261e-07
4,"nerve",6.99148592380834e-05
5,"nerve",8.38298856895678e-07
6,"nerve",9.00372033724334e-07
1,"forgot",8.90819393494524e-07
2,"forgot",0.000538111694725977
3,"forgot",8.87806159954261e-07
4,"forgot",8.63146410346709e-07
5,"forgot",8.38298856895678e-07
6,"forgot",9.00372033724334e-07
1,"credentials",8.90819393494524e-07
2,"credentials",9.77584257194491e-05
3,"credentials",8.87806159954261e-07
4,"credentials",8.63146410346709e-07
5,"credentials",8.38298856895678e-07
6,"credentials",9.00372033724334e-07
1,"several",0.0028960538482507
2,"several",8.80706538013056e-07
3,"several",8.87806159954261e-07
4,"several",8.63146410346709e-07
5,"several",4.27532417016796e-05
6,"several",9.00372033724334e-07
1,"attempt",9.79901332843977e-06
2,"attempt",0.000212250275661146
3,"attempt",8.87806159954261e-07
4,"attempt",8.63146410346709e-07
5,"attempt",8.38298856895678e-07
6,"attempt",9.00372033724334e-07
1,"call",9.79901332843977e-06
2,"call",1.84948372982742e-05
3,"call",2.75219909585821e-05
4,"call",0.000717274666998115
5,"call",8.38298856895678e-07
6,"call",9.00372033724334e-07
1,"charging",8.90819393494524e-07
2,"charging",0.000256285602561799
3,"charging",8.87806159954261e-07
4,"charging",8.63146410346709e-07
5,"charging",8.38298856895678e-07
6,"charging",9.00372033724334e-07
1,"discontinued",8.90819393494524e-07
2,"discontinued",4.49160334386658e-05
3,"discontinued",8.87806159954261e-07
4,"discontinued",8.63146410346709e-07
5,"discontinued",8.38298856895678e-07
6,"discontinued",9.00372033724334e-07
1,"accept",0.000187962892027345
2,"accept",0.000168214948760494
3,"accept",2.75219909585821e-05
4,"accept",8.63146410346709e-07
5,"accept",8.38298856895678e-07
6,"accept",9.00372033724334e-07
1,"included",8.90819393494524e-07
2,"included",8.80706538013056e-07
3,"included",8.87806159954261e-07
4,"included",8.63146410346709e-07
5,"included",8.38298856895678e-07
6,"included",0.000216989660127565
1,"complaining",8.90819393494524e-07
2,"complaining",8.80706538013056e-07
3,"complaining",0.000311619962143945
4,"complaining",8.63146410346709e-07
5,"complaining",8.38298856895678e-07
6,"complaining",9.00372033724334e-07
1,"bars",0.000241412055637016
2,"bars",8.80706538013056e-07
3,"bars",8.87806159954261e-07
4,"bars",8.63146410346709e-07
5,"bars",8.38298856895678e-07
6,"bars",9.00372033724334e-07
1,"replay",8.90819393494524e-07
2,"replay",8.80706538013056e-07
3,"replay",8.87806159954261e-07
4,"replay",8.63146410346709e-07
5,"replay",0.000780456235769877
6,"replay",9.00372033724334e-07
1,"abruptly",8.90819393494524e-07
2,"abruptly",8.80706538013056e-07
3,"abruptly",8.87806159954261e-07
4,"abruptly",0.00019938682079009
5,"abruptly",9.22128742585246e-06
6,"abruptly",9.00372033724334e-07
1,"unstable",8.90819393494524e-07
2,"unstable",8.80706538013056e-07
3,"unstable",8.87806159954261e-07
4,"unstable",0.000717274666998115
5,"unstable",8.38298856895678e-07
6,"unstable",9.00372033724334e-07
1,"requesting",3.65235951332755e-05
2,"requesting",1.84948372982742e-05
3,"requesting",8.87806159954261e-07
4,"requesting",8.63146410346709e-07
5,"requesting",8.38298856895678e-07
6,"requesting",0.000108945016080645
1,"easily",8.90819393494524e-07
2,"easily",8.80706538013056e-07
3,"easily",8.87806159954261e-07
4,"easily",8.63146410346709e-07
5,"easily",8.38298856895678e-07
6,"easily",0.00184666304116861
1,"functionality",8.90819393494524e-07
2,"functionality",8.80706538013056e-07
3,"functionality",8.87806159954261e-07
4,"functionality",0.00151136936451709
5,"functionality",8.38298856895678e-07
6,"functionality",9.00372033724334e-07
1,"span",8.90819393494524e-07
2,"span",8.80706538013056e-07
3,"span",5.41561757572099e-05
4,"span",8.63146410346709e-07
5,"span",8.38298856895678e-07
6,"span",9.00372033724334e-07
1,"limitation",8.90819393494524e-07
2,"limitation",8.80706538013056e-07
3,"limitation",4.52781141576672e-05
4,"limitation",8.63146410346709e-07
5,"limitation",8.38298856895678e-07
6,"limitation",2.79115330454544e-05
1,"plenty",8.90819393494524e-07
2,"plenty",8.80706538013056e-07
3,"plenty",1.86439293590395e-05
4,"plenty",8.63146410346709e-07
5,"plenty",8.38298856895678e-07
6,"plenty",0.000559131032942812
1,"include",8.90819393494524e-07
2,"include",1.84948372982742e-05
3,"include",0.000515815378933425
4,"include",8.63146410346709e-07
5,"include",8.38298856895678e-07
6,"include",9.90409237096768e-06
1,"message",0.0010253331219122
2,"message",1.84948372982742e-05
3,"message",8.87806159954261e-07
4,"message",6.12833951346163e-05
5,"message",8.38298856895678e-07
6,"message",9.00372033724334e-07
1,"alert",8.90819393494524e-07
2,"alert",4.49160334386658e-05
3,"alert",8.87806159954261e-07
4,"alert",8.63146410346709e-07
5,"alert",8.38298856895678e-07
6,"alert",9.00372033724334e-07
1,"lowering",1.8707207263385e-05
2,"lowering",9.68777191814362e-06
3,"lowering",8.87806159954261e-07
4,"lowering",8.63146410346709e-07
5,"lowering",8.38298856895678e-07
6,"lowering",6.39264143944278e-05
1,"billing",8.90819393494524e-07
2,"billing",8.89513603393186e-05
3,"billing",8.87806159954261e-07
4,"billing",9.4946105138138e-06
5,"billing",8.38298856895678e-07
6,"billing",9.90409237096768e-06
1,"miss",8.90819393494524e-07
2,"miss",0.000441233975544541
3,"miss",1.86439293590395e-05
4,"miss",8.63146410346709e-07
5,"miss",8.38298856895678e-07
6,"miss",0.000658171956652489
1,"neil",8.90819393494524e-07
2,"neil",0.000441233975544541
3,"neil",9.76586775949687e-06
4,"neil",8.63146410346709e-07
5,"neil",8.38298856895678e-07
6,"neil",9.00372033724334e-07
1,"young",8.90819393494524e-07
2,"young",8.80706538013056e-07
3,"young",8.87806159954261e-07
4,"young",2.6757538720748e-05
5,"young",1.76042759948093e-05
6,"young",0.000415071507546919
1,"repeated",8.90819393494524e-07
2,"repeated",0.000256285602561799
3,"repeated",8.87806159954261e-07
4,"repeated",8.63146410346709e-07
5,"repeated",8.38298856895678e-07
6,"repeated",9.00372033724334e-07
1,"believe",8.90819393494524e-07
2,"believe",0.000881587244551068
3,"believe",8.87806159954261e-07
4,"believe",8.63146410346709e-07
5,"believe",8.38298856895678e-07
6,"believe",9.00372033724334e-07
1,"joke",8.90819393494524e-07
2,"joke",0.00059095408700676
3,"joke",8.87806159954261e-07
4,"joke",8.63146410346709e-07
5,"joke",8.38298856895678e-07
6,"joke",9.00372033724334e-07
1,"forums",8.90819393494524e-07
2,"forums",0.00026509266794193
3,"forums",8.87806159954261e-07
4,"forums",8.63146410346709e-07
5,"forums",8.38298856895678e-07
6,"forums",9.00372033724334e-07
1,"updating",0.00155091656407397
2,"updating",8.80706538013056e-07
3,"updating",8.87806159954261e-07
4,"updating",0.000242544141307425
5,"updating",8.38298856895678e-07
6,"updating",8.19338550689144e-05
1,"leaves",3.65235951332755e-05
2,"leaves",8.80706538013056e-07
3,"leaves",0.000160692914951721
4,"leaves",8.63146410346709e-07
5,"leaves",8.38298856895678e-07
6,"leaves",9.00372033724334e-07
1,"splash",8.90819393494524e-07
2,"splash",7.13372295790575e-05
3,"splash",8.87806159954261e-07
4,"splash",8.63146410346709e-07
5,"splash",8.38298856895678e-07
6,"splash",9.00372033724334e-07
1,"functional",8.90819393494524e-07
2,"functional",8.80706538013056e-07
3,"functional",8.87806159954261e-07
4,"functional",0.000570539777239175
5,"functional",8.38298856895678e-07
6,"functional",9.00372033724334e-07
1,"beyond",8.90819393494524e-07
2,"beyond",0.000564532890866368
3,"beyond",5.41561757572099e-05
4,"beyond",8.63146410346709e-07
5,"beyond",8.38298856895678e-07
6,"beyond",9.90409237096768e-06
1,"alright",9.79901332843977e-06
2,"alright",3.61089680585353e-05
3,"alright",0.000444790886137085
4,"alright",8.63146410346709e-07
5,"alright",8.38298856895678e-07
6,"alright",9.00372033724334e-07
1,"3-4",8.90819393494524e-07
2,"3-4",0.000168214948760494
3,"3-4",8.87806159954261e-07
4,"3-4",8.63146410346709e-07
5,"3-4",9.30511731154204e-05
6,"3-4",9.00372033724334e-07
1,"resolved",8.90819393494524e-07
2,"resolved",0.00106653561753381
3,"resolved",2.75219909585821e-05
4,"resolved",8.63146410346709e-07
5,"resolved",8.38298856895678e-07
6,"resolved",9.00372033724334e-07
1,"spoke",8.90819393494524e-07
2,"spoke",8.89513603393186e-05
3,"spoke",8.87806159954261e-07
4,"spoke",9.4946105138138e-06
5,"spoke",8.38298856895678e-07
6,"spoke",9.00372033724334e-07
1,"final",9.79901332843977e-06
2,"final",9.68777191814362e-06
3,"final",8.87806159954261e-07
4,"final",8.63146410346709e-07
5,"final",8.38298856895678e-07
6,"final",6.39264143944278e-05
1,"conclusion",8.90819393494524e-07
2,"conclusion",8.89513603393186e-05
3,"conclusion",8.87806159954261e-07
4,"conclusion",8.63146410346709e-07
5,"conclusion",8.38298856895678e-07
6,"conclusion",9.00372033724334e-07
1,"model",8.90819393494524e-07
2,"model",8.80706538013056e-07
3,"model",8.87806159954261e-07
4,"model",0.000104440715651952
5,"model",8.38298856895678e-07
6,"model",5.49226940571845e-05
1,"lag",0.000526474261555264
2,"lag",8.80706538013056e-07
3,"lag",1.86439293590395e-05
4,"lag",8.63146410346709e-07
5,"lag",8.38298856895678e-07
6,"lag",2.79115330454544e-05
1,"song's",8.90819393494524e-07
2,"song's",8.80706538013056e-07
3,"song's",8.87806159954261e-07
4,"song's",8.63146410346709e-07
5,"song's",0.000344540830184124
6,"song's",9.00372033724334e-07
1,"audible",3.65235951332755e-05
2,"audible",8.80706538013056e-07
3,"audible",8.87806159954261e-07
4,"audible",2.6757538720748e-05
5,"audible",8.38298856895678e-07
6,"audible",9.90409237096768e-06
1,"programs",9.79901332843977e-06
2,"programs",2.73019026784047e-05
3,"programs",8.87806159954261e-07
4,"programs",4.40204669276821e-05
5,"programs",9.22128742585246e-06
6,"programs",1.8907812708211e-05
1,"crash",0.00040175954646603
2,"crash",4.49160334386658e-05
3,"crash",8.87806159954261e-07
4,"crash",0.00151136936451709
5,"crash",8.38298856895678e-07
6,"crash",9.00372033724334e-07
1,"video",8.90819393494524e-07
2,"video",8.80706538013056e-07
3,"video",8.87806159954261e-07
4,"video",0.00211557185175978
5,"video",8.38298856895678e-07
6,"video",9.00372033724334e-07
1,"instantly",8.90819393494524e-07
2,"instantly",8.80706538013056e-07
3,"instantly",0.000169570976551264
4,"instantly",8.63146410346709e-07
5,"instantly",4.27532417016796e-05
6,"instantly",9.90409237096768e-06
1,"connects",8.90819393494524e-07
2,"connects",8.80706538013056e-07
3,"connects",8.87806159954261e-07
4,"connects",0.000717274666998115
5,"connects",9.22128742585246e-06
6,"connects",1.8907812708211e-05
1,"perfectly",0.00161327392161858
2,"perfectly",9.68777191814362e-06
3,"perfectly",8.87806159954261e-07
4,"perfectly",8.63146410346709e-07
5,"perfectly",1.76042759948093e-05
6,"perfectly",9.00372033724334e-07
1,"weak",2.76154011983302e-05
2,"weak",8.80706538013056e-07
3,"weak",8.07903605558377e-05
4,"weak",2.6757538720748e-05
5,"weak",8.38298856895678e-07
6,"weak",1.8907812708211e-05
1,"ai",8.90819393494524e-07
2,"ai",8.80706538013056e-07
3,"ai",8.87806159954261e-07
4,"ai",8.63146410346709e-07
5,"ai",9.22128742585246e-06
6,"ai",0.000271011982151025
1,"discontinue",2.76154011983302e-05
2,"discontinue",9.68777191814362e-06
3,"discontinue",8.87806159954261e-07
4,"discontinue",8.63146410346709e-07
5,"discontinue",8.38298856895678e-07
6,"discontinue",4.59189737199411e-05
1,"usage",8.90819393494524e-07
2,"usage",0.000617375283147152
3,"usage",1.86439293590395e-05
4,"usage",8.63146410346709e-07
5,"usage",8.38298856895678e-07
6,"usage",1.8907812708211e-05
1,"staff",8.90819393494524e-07
2,"staff",9.77584257194491e-05
3,"staff",9.76586775949687e-06
4,"staff",9.4946105138138e-06
5,"staff",8.38298856895678e-07
6,"staff",9.00372033724334e-07
1,"school",8.90819393494524e-07
2,"school",2.73019026784047e-05
3,"school",0.000222839346148519
4,"school",8.63146410346709e-07
5,"school",9.22128742585246e-06
6,"school",9.00372033724334e-07
1,"reflect",8.90819393494524e-07
2,"reflect",8.80706538013056e-07
3,"reflect",8.87806159954261e-07
4,"reflect",9.58092515484846e-05
5,"reflect",8.38298856895678e-07
6,"reflect",9.00372033724334e-07
1,"thoroughly",1.8707207263385e-05
2,"thoroughly",8.80706538013056e-07
3,"thoroughly",8.87806159954261e-07
4,"thoroughly",8.63146410346709e-07
5,"thoroughly",9.22128742585246e-06
6,"thoroughly",9.99412957434012e-05
1,"flexibility",8.90819393494524e-07
2,"flexibility",9.68777191814362e-06
3,"flexibility",8.87806159954261e-07
4,"flexibility",8.63146410346709e-07
5,"flexibility",8.38298856895678e-07
6,"flexibility",8.19338550689144e-05
1,"aggressive",9.79901332843977e-06
2,"aggressive",3.61089680585353e-05
3,"aggressive",4.52781141576672e-05
4,"aggressive",8.63146410346709e-07
5,"aggressive",8.38298856895678e-07
6,"aggressive",9.00372033724334e-07
1,"talked",8.90819393494524e-07
2,"talked",8.01442949591881e-05
3,"talked",8.87806159954261e-07
4,"talked",2.6757538720748e-05
5,"talked",9.22128742585246e-06
6,"talked",9.00372033724334e-07
1,"payment",1.8707207263385e-05
2,"payment",0.00214099759390974
3,"payment",1.86439293590395e-05
4,"payment",8.63146410346709e-07
5,"payment",8.38298856895678e-07
6,"payment",9.00372033724334e-07
1,"minor",8.90819393494524e-07
2,"minor",8.80706538013056e-07
3,"minor",9.76586775949687e-06
4,"minor",0.00046696220799757
5,"minor",8.38298856895678e-07
6,"minor",9.90409237096768e-06
1,"chromecast",0.000125605534482728
2,"chromecast",1.84948372982742e-05
3,"chromecast",8.87806159954261e-07
4,"chromecast",0.00019938682079009
5,"chromecast",8.38298856895678e-07
6,"chromecast",9.00372033724334e-07
1,"idiots",8.90819393494524e-07
2,"idiots",0.000124179621859841
3,"idiots",8.87806159954261e-07
4,"idiots",8.63146410346709e-07
5,"idiots",8.38298856895678e-07
6,"idiots",1.8907812708211e-05
1,"utterly",8.90819393494524e-07
2,"utterly",0.000185829079520755
3,"utterly",8.87806159954261e-07
4,"utterly",8.63146410346709e-07
5,"utterly",8.38298856895678e-07
6,"utterly",9.00372033724334e-07
1,"swipe",8.90819393494524e-07
2,"swipe",8.80706538013056e-07
3,"swipe",0.00172323175647122
4,"swipe",8.63146410346709e-07
5,"swipe",8.38298856895678e-07
6,"swipe",9.00372033724334e-07
1,"history",8.90819393494524e-07
2,"history",1.84948372982742e-05
3,"history",0.000995230705308725
4,"history",8.63146410346709e-07
5,"history",8.38298856895678e-07
6,"history",9.00372033724334e-07
1,"refuse",8.90819393494524e-07
2,"refuse",0.000344356256363105
3,"refuse",8.87806159954261e-07
4,"refuse",8.63146410346709e-07
5,"refuse",8.38298856895678e-07
6,"refuse",9.00372033724334e-07
1,"discover",8.90819393494524e-07
2,"discover",8.80706538013056e-07
3,"discover",8.87806159954261e-07
4,"discover",8.63146410346709e-07
5,"discover",8.38298856895678e-07
6,"discover",0.00120739889722433
1,"demo",8.90819393494524e-07
2,"demo",4.49160334386658e-05
3,"demo",8.87806159954261e-07
4,"demo",8.63146410346709e-07
5,"demo",8.38298856895678e-07
6,"demo",9.00372033724334e-07
1,"re",0.00138166087931001
2,"re",8.80706538013056e-07
3,"re",9.76586775949687e-06
4,"re",9.4946105138138e-06
5,"re",8.38298856895678e-07
6,"re",9.00372033724334e-07
1,"drop",8.90819393494524e-07
2,"drop",8.80706538013056e-07
3,"drop",8.87806159954261e-07
4,"drop",0.000915798341377858
5,"drop",9.22128742585246e-06
6,"drop",9.00372033724334e-07
1,"inside",8.90819393494524e-07
2,"inside",8.80706538013056e-07
3,"inside",0.000267229654146232
4,"inside",8.63146410346709e-07
5,"inside",8.38298856895678e-07
6,"inside",7.29301347316712e-05
1,"usable",8.10645648080017e-05
2,"usable",8.80706538013056e-07
3,"usable",8.96684221553803e-05
4,"usable",0.000268438533617826
5,"usable",8.38298856895678e-07
6,"usable",9.00372033724334e-07
1,"choices",8.90819393494524e-07
2,"choices",8.80706538013056e-07
3,"choices",8.87806159954261e-07
4,"choices",8.63146410346709e-07
5,"choices",8.38298856895678e-07
6,"choices",0.000811235202385626
1,"tastes",9.79901332843977e-06
2,"tastes",8.80706538013056e-07
3,"tastes",8.87806159954261e-07
4,"tastes",8.63146410346709e-07
5,"tastes",8.38298856895678e-07
6,"tastes",0.000397064066872432
1,"removing",8.90819393494524e-07
2,"removing",8.80706538013056e-07
3,"removing",0.00111952356770232
4,"removing",8.63146410346709e-07
5,"removing",8.38298856895678e-07
6,"removing",1.8907812708211e-05
1,"feedback",8.90819393494524e-07
2,"feedback",8.80706538013056e-07
3,"feedback",0.000364888331741201
4,"feedback",8.63146410346709e-07
5,"feedback",8.38298856895678e-07
6,"feedback",9.00372033724334e-07
1,"examples",8.90819393494524e-07
2,"examples",8.80706538013056e-07
3,"examples",9.76586775949687e-06
4,"examples",8.63146410346709e-07
5,"examples",6.790220740855e-05
6,"examples",9.00372033724334e-07
1,"reported",8.90819393494524e-07
2,"reported",8.80706538013056e-07
3,"reported",8.87806159954261e-07
4,"reported",0.000259807069514359
5,"reported",8.38298856895678e-07
6,"reported",9.00372033724334e-07
1,"backed",8.90819393494524e-07
2,"backed",8.80706538013056e-07
3,"backed",8.87806159954261e-07
4,"backed",1.81260746172809e-05
5,"backed",9.22128742585246e-06
6,"backed",1.8907812708211e-05
1,"hundreds",8.90819393494524e-07
2,"hundreds",0.000300320929462452
3,"hundreds",8.87806159954261e-07
4,"hundreds",8.63146410346709e-07
5,"hundreds",8.38298856895678e-07
6,"hundreds",2.79115330454544e-05
1,"indication",9.79901332843977e-06
2,"indication",3.61089680585353e-05
3,"indication",8.87806159954261e-07
4,"indication",8.63146410346709e-07
5,"indication",8.38298856895678e-07
6,"indication",1.8907812708211e-05
1,"hearing",8.90819393494524e-07
2,"hearing",8.80706538013056e-07
3,"hearing",8.87806159954261e-07
4,"hearing",8.63146410346709e-07
5,"hearing",0.000721775315787179
6,"hearing",9.00372033724334e-07
1,"endless",8.90819393494524e-07
2,"endless",8.80706538013056e-07
3,"endless",9.76586775949687e-06
4,"endless",8.63146410346709e-07
5,"endless",8.38298856895678e-07
6,"endless",0.000613153354966272
1,"players",8.90819393494524e-07
2,"players",8.80706538013056e-07
3,"players",9.76586775949687e-06
4,"players",9.4946105138138e-06
5,"players",8.38298856895678e-07
6,"players",0.000271011982151025
1,"rogan",8.90819393494524e-07
2,"rogan",4.49160334386658e-05
3,"rogan",0.00272645271721953
4,"rogan",8.63146410346709e-07
5,"rogan",1.76042759948093e-05
6,"rogan",9.00372033724334e-07
1,"dark",8.90819393494524e-07
2,"dark",8.80706538013056e-07
3,"dark",0.000338254146942573
4,"dark",8.63146410346709e-07
5,"dark",8.38298856895678e-07
6,"dark",0.000207985939790321
1,"horse",8.90819393494524e-07
2,"horse",4.49160334386658e-05
3,"horse",8.87806159954261e-07
4,"horse",8.63146410346709e-07
5,"horse",8.38298856895678e-07
6,"horse",9.00372033724334e-07
1,"dump",8.90819393494524e-07
2,"dump",8.80706538013056e-07
3,"dump",3.64000525581247e-05
4,"dump",8.63146410346709e-07
5,"dump",5.11362302706364e-05
6,"dump",9.00372033724334e-07
1,"tool",8.90819393494524e-07
2,"tool",8.80706538013056e-07
3,"tool",8.87806159954261e-07
4,"tool",8.63146410346709e-07
5,"tool",8.38298856895678e-07
6,"tool",0.000162967338104105
1,"registered",8.90819393494524e-07
2,"registered",8.80706538013056e-07
3,"registered",8.87806159954261e-07
4,"registered",8.63146410346709e-07
5,"registered",8.38298856895678e-07
6,"registered",0.00200873000723899
1,"mini",2.76154011983302e-05
2,"mini",8.80706538013056e-07
3,"mini",1.86439293590395e-05
4,"mini",0.000630960025963444
5,"mini",8.38298856895678e-07
6,"mini",9.00372033724334e-07
1,"marked",8.90819393494524e-07
2,"marked",0.000124179621859841
3,"marked",8.87806159954261e-07
4,"marked",8.63146410346709e-07
5,"marked",4.27532417016796e-05
6,"marked",9.00372033724334e-07
1,"servers",7.21563708730564e-05
2,"servers",2.73019026784047e-05
3,"servers",8.87806159954261e-07
4,"servers",3.53890028242151e-05
5,"servers",8.38298856895678e-07
6,"servers",9.00372033724334e-07
1,"hang",9.79901332843977e-06
2,"hang",8.01442949591881e-05
3,"hang",9.76586775949687e-06
4,"hang",8.63146410346709e-07
5,"hang",9.22128742585246e-06
6,"hang",1.8907812708211e-05
1,"tier",8.90819393494524e-07
2,"tier",8.80706538013056e-07
3,"tier",8.87806159954261e-07
4,"tier",8.63146410346709e-07
5,"tier",8.38298856895678e-07
6,"tier",0.000135956177092375
1,"hardware",8.90819393494524e-07
2,"hardware",8.80706538013056e-07
3,"hardware",2.75219909585821e-05
4,"hardware",9.58092515484846e-05
5,"hardware",8.38298856895678e-07
6,"hardware",9.00372033724334e-07
1,"catalog",8.90819393494524e-07
2,"catalog",8.80706538013056e-07
3,"catalog",8.87806159954261e-07
4,"catalog",8.63146410346709e-07
5,"catalog",8.38298856895678e-07
6,"catalog",0.000189978499115835
1,"political",1.8707207263385e-05
2,"political",0.000212250275661146
3,"political",8.87806159954261e-07
4,"political",8.63146410346709e-07
5,"political",8.38298856895678e-07
6,"political",9.90409237096768e-06
1,"nonsense",8.90819393494524e-07
2,"nonsense",0.000335549190982974
3,"nonsense",8.87806159954261e-07
4,"nonsense",8.63146410346709e-07
5,"nonsense",8.38298856895678e-07
6,"nonsense",9.00372033724334e-07
1,"forcing",8.90819393494524e-07
2,"forcing",8.80706538013056e-07
3,"forcing",8.87806159954261e-07
4,"forcing",0.000415173423376767
5,"forcing",0.000478668647287432
6,"forcing",9.00372033724334e-07
1,"buying",8.90819393494524e-07
2,"buying",0.000599761152386891
3,"buying",8.87806159954261e-07
4,"buying",8.63146410346709e-07
5,"buying",8.38298856895678e-07
6,"buying",9.00372033724334e-07
1,"mic",8.90819393494524e-07
2,"mic",8.80706538013056e-07
3,"mic",8.07903605558377e-05
4,"mic",1.81260746172809e-05
5,"mic",8.38298856895678e-07
6,"mic",9.00372033724334e-07
1,"sounds",8.90819393494524e-07
2,"sounds",8.80706538013056e-07
3,"sounds",8.87806159954261e-07
4,"sounds",8.63146410346709e-07
5,"sounds",8.38298856895678e-07
6,"sounds",0.00109935425317741
1,"fifteen",8.90819393494524e-07
2,"fifteen",0.00165660899800256
3,"fifteen",8.87806159954261e-07
4,"fifteen",1.81260746172809e-05
5,"fifteen",8.38298856895678e-07
6,"fifteen",9.00372033724334e-07
1,"awhile",8.90819393494524e-07
2,"awhile",8.80706538013056e-07
3,"awhile",8.87806159954261e-07
4,"awhile",0.0004065419592733
5,"awhile",9.22128742585246e-06
6,"awhile",9.00372033724334e-07
1,"plss",9.79901332843977e-06
2,"plss",8.80706538013056e-07
3,"plss",9.85464837549228e-05
4,"plss",8.63146410346709e-07
5,"plss",8.38298856895678e-07
6,"plss",6.39264143944278e-05
1,"beg",8.90819393494524e-07
2,"beg",8.80706538013056e-07
3,"beg",8.96684221553803e-05
4,"beg",8.63146410346709e-07
5,"beg",8.38298856895678e-07
6,"beg",9.00372033724334e-07
1,"light",8.90819393494524e-07
2,"light",8.80706538013056e-07
3,"light",0.000382644454940286
4,"light",8.63146410346709e-07
5,"light",8.38298856895678e-07
6,"light",9.00372033724334e-07
1,"payed",8.90819393494524e-07
2,"payed",0.000300320929462452
3,"payed",8.87806159954261e-07
4,"payed",8.63146410346709e-07
5,"payed",8.38298856895678e-07
6,"payed",9.00372033724334e-07
1,"record",8.90819393494524e-07
2,"record",8.80706538013056e-07
3,"record",7.19122989562951e-05
4,"record",8.63146410346709e-07
5,"record",8.38298856895678e-07
6,"record",0.000244000821139295
1,"unlocked",0.000116697340547783
2,"unlocked",8.80706538013056e-07
3,"unlocked",8.87806159954261e-07
4,"unlocked",8.63146410346709e-07
5,"unlocked",8.38298856895678e-07
6,"unlocked",9.00372033724334e-07
1,"persists",0.000321585801051523
2,"persists",8.80706538013056e-07
3,"persists",9.76586775949687e-06
4,"persists",8.63146410346709e-07
5,"persists",8.38298856895678e-07
6,"persists",9.00372033724334e-07
1,"canceling",8.90819393494524e-07
2,"canceling",0.0010048861598729
3,"canceling",8.87806159954261e-07
4,"canceling",2.6757538720748e-05
5,"canceling",1.76042759948093e-05
6,"canceling",9.00372033724334e-07
1,"mid",8.90819393494524e-07
2,"mid",3.61089680585353e-05
3,"mid",9.76586775949687e-06
4,"mid",0.00104527030292986
5,"mid",8.38298856895678e-07
6,"mid",9.00372033724334e-07
1,"loses",8.90819393494524e-07
2,"loses",8.80706538013056e-07
3,"loses",1.86439293590395e-05
4,"loses",0.000441067815687168
5,"loses",8.38298856895678e-07
6,"loses",9.00372033724334e-07
1,"place",1.8707207263385e-05
2,"place",8.80706538013056e-07
3,"place",0.002406842499636
4,"place",8.63146410346709e-07
5,"place",2.5987264563766e-05
6,"place",0.000685183117664219
1,"ninety-nine",8.90819393494524e-07
2,"ninety-nine",0.000670217675427935
3,"ninety-nine",8.87806159954261e-07
4,"ninety-nine",8.63146410346709e-07
5,"ninety-nine",8.38298856895678e-07
6,"ninety-nine",9.00372033724334e-07
1,"driving",1.8707207263385e-05
2,"driving",8.80706538013056e-07
3,"driving",8.87806159954261e-07
4,"driving",0.00209830892355285
5,"driving",8.38298856895678e-07
6,"driving",9.00372033724334e-07
1,"probably",8.90819393494524e-07
2,"probably",0.00147166062501982
3,"probably",1.86439293590395e-05
4,"probably",8.63146410346709e-07
5,"probably",5.11362302706364e-05
6,"probably",9.00372033724334e-07
1,"bro",8.90819393494524e-07
2,"bro",8.80706538013056e-07
3,"bro",8.87806159954261e-07
4,"bro",1.81260746172809e-05
5,"bro",0.000436753704442649
6,"bro",6.39264143944278e-05
1,"badly",2.76154011983302e-05
2,"badly",8.80706538013056e-07
3,"badly",8.87806159954261e-07
4,"badly",0.000320227318238629
5,"badly",3.43702531327228e-05
6,"badly",9.00372033724334e-07
1,"advance",8.90819393494524e-07
2,"advance",8.80706538013056e-07
3,"advance",0.000187327099750349
4,"advance",8.63146410346709e-07
5,"advance",8.38298856895678e-07
6,"advance",9.00372033724334e-07
1,"somehow",8.90819393494524e-07
2,"somehow",0.000828744852270286
3,"somehow",8.87806159954261e-07
4,"somehow",8.63146410346709e-07
5,"somehow",8.38298856895678e-07
6,"somehow",9.00372033724334e-07
1,"meaning",8.90819393494524e-07
2,"meaning",9.68777191814362e-06
3,"meaning",8.87806159954261e-07
4,"meaning",0.000812220772136253
5,"meaning",8.38298856895678e-07
6,"meaning",9.00372033724334e-07
1,"nd",0.000294861219246688
2,"nd",8.80706538013056e-07
3,"nd",8.87806159954261e-07
4,"nd",8.63146410346709e-07
5,"nd",8.38298856895678e-07
6,"nd",9.00372033724334e-07
1,"plz",0.00122131338848099
2,"plz",8.80706538013056e-07
3,"plz",0.000134058730153093
4,"plz",8.63146410346709e-07
5,"plz",9.22128742585246e-06
6,"plz",9.90409237096768e-06
1,"flaws",0.000170146504157454
2,"flaws",9.68777191814362e-06
3,"flaws",8.87806159954261e-07
4,"flaws",9.4946105138138e-06
5,"flaws",8.38298856895678e-07
6,"flaws",9.00372033724334e-07
1,"plug",8.90819393494524e-07
2,"plug",8.80706538013056e-07
3,"plug",8.87806159954261e-07
4,"plug",0.000104440715651952
5,"plug",8.38298856895678e-07
6,"plug",9.00372033724334e-07
1,"flaw",8.90819393494524e-07
2,"flaw",9.68777191814362e-06
3,"flaw",2.75219909585821e-05
4,"flaw",8.63146410346709e-07
5,"flaw",0.000193647035942902
6,"flaw",1.8907812708211e-05
1,"mins",8.90819393494524e-07
2,"mins",0.00074948126384911
3,"mins",8.87806159954261e-07
4,"mins",8.63146410346709e-07
5,"mins",8.38298856895678e-07
6,"mins",9.00372033724334e-07
1,"suck",8.90819393494524e-07
2,"suck",8.80706538013056e-07
3,"suck",8.87806159954261e-07
4,"suck",8.63146410346709e-07
5,"suck",0.00074692428149405
6,"suck",9.00372033724334e-07
1,"absolute",9.79901332843977e-06
2,"absolute",0.0010929568136742
3,"absolute",8.87806159954261e-07
4,"absolute",8.63146410346709e-07
5,"absolute",8.38298856895678e-07
6,"absolute",9.00372033724334e-07
1,"reliable",8.90819393494524e-07
2,"reliable",0.000643796479287544
3,"reliable",8.87806159954261e-07
4,"reliable",8.63146410346709e-07
5,"reliable",8.38298856895678e-07
6,"reliable",9.00372033724334e-07
1,"pos",8.90819393494524e-07
2,"pos",0.00011537255647971
3,"pos",8.87806159954261e-07
4,"pos",9.4946105138138e-06
5,"pos",8.38298856895678e-07
6,"pos",9.00372033724334e-07
1,"linked",8.90819393494524e-07
2,"linked",0.000344356256363105
3,"linked",1.86439293590395e-05
4,"linked",8.63146410346709e-07
5,"linked",8.38298856895678e-07
6,"linked",1.8907812708211e-05
1,"demand",4.54317890682208e-05
2,"demand",8.80706538013056e-07
3,"demand",8.87806159954261e-07
4,"demand",8.63146410346709e-07
5,"demand",0.000134966115960204
6,"demand",9.00372033724334e-07
1,"called",0.000446300516140757
2,"called",8.80706538013056e-07
3,"called",8.87806159954261e-07
4,"called",8.63146410346709e-07
5,"called",1.76042759948093e-05
6,"called",9.00372033724334e-07
1,"jumped",8.90819393494524e-07
2,"jumped",3.61089680585353e-05
3,"jumped",8.87806159954261e-07
4,"jumped",8.63146410346709e-07
5,"jumped",5.95192188395932e-05
6,"jumped",9.00372033724334e-07
1,"computers",9.79901332843977e-06
2,"computers",8.80706538013056e-07
3,"computers",8.87806159954261e-07
4,"computers",9.4946105138138e-06
5,"computers",5.11362302706364e-05
6,"computers",9.90409237096768e-06
1,"moved",8.90819393494524e-07
2,"moved",0.000679024740808065
3,"moved",9.76586775949687e-06
4,"moved",8.63146410346709e-07
5,"moved",8.38298856895678e-07
6,"moved",9.00372033724334e-07
1,"deezer",8.90819393494524e-07
2,"deezer",0.000256285602561799
3,"deezer",8.87806159954261e-07
4,"deezer",9.4946105138138e-06
5,"deezer",8.38298856895678e-07
6,"deezer",0.000361049185523458
1,"shut",8.90819393494524e-07
2,"shut",8.80706538013056e-07
3,"shut",8.87806159954261e-07
4,"shut",0.00150273790041362
5,"shut",8.38298856895678e-07
6,"shut",9.00372033724334e-07
1,"largest",8.90819393494524e-07
2,"largest",8.80706538013056e-07
3,"largest",8.87806159954261e-07
4,"largest",8.63146410346709e-07
5,"largest",8.38298856895678e-07
6,"largest",0.000126952456755131
1,"advise",9.88809526778921e-05
2,"advise",8.80706538013056e-07
3,"advise",8.87806159954261e-07
4,"advise",2.6757538720748e-05
5,"advise",8.38298856895678e-07
6,"advise",3.69152533826978e-05
1,"cancelled",9.79901332843977e-06
2,"cancelled",0.000564532890866368
3,"cancelled",8.87806159954261e-07
4,"cancelled",8.63146410346709e-07
5,"cancelled",8.38298856895678e-07
6,"cancelled",9.00372033724334e-07
1,"superior",8.90819393494524e-07
2,"superior",6.25301641989269e-05
3,"superior",8.87806159954261e-07
4,"superior",8.71777874450176e-05
5,"superior",8.38298856895678e-07
6,"superior",9.00372033724334e-07
1,"although",0.00142620184898473
2,"although",8.80706538013056e-07
3,"although",8.87806159954261e-07
4,"although",8.63146410346709e-07
5,"although",8.38298856895678e-07
6,"although",9.00372033724334e-07
1,"adverts",8.90819393494524e-07
2,"adverts",0.000573339956246499
3,"adverts",9.76586775949687e-06
4,"adverts",8.63146410346709e-07
5,"adverts",8.38298856895678e-07
6,"adverts",7.29301347316712e-05
1,"bothered",8.90819393494524e-07
2,"bothered",8.80706538013056e-07
3,"bothered",8.87806159954261e-07
4,"bothered",8.63146410346709e-07
5,"bothered",8.38298856895678e-07
6,"bothered",0.000207985939790321
1,"finish",8.90819393494524e-07
2,"finish",2.73019026784047e-05
3,"finish",9.76586775949687e-06
4,"finish",2.6757538720748e-05
5,"finish",0.000419987727304735
6,"finish",9.00372033724334e-07
1,"tht",8.90819393494524e-07
2,"tht",8.80706538013056e-07
3,"tht",8.87806159954261e-07
4,"tht",8.63146410346709e-07
5,"tht",6.790220740855e-05
6,"tht",9.00372033724334e-07
1,"took",8.90819393494524e-07
2,"took",0.00090800844069146
3,"took",8.87806159954261e-07
4,"took",8.63146410346709e-07
5,"took",8.38298856895678e-07
6,"took",3.69152533826978e-05
1,"flexible",3.65235951332755e-05
2,"flexible",9.68777191814362e-06
3,"flexible",8.87806159954261e-07
4,"flexible",8.63146410346709e-07
5,"flexible",4.27532417016796e-05
6,"flexible",9.00372033724334e-07
1,"shouldnt",9.79901332843977e-06
2,"shouldnt",8.80706538013056e-07
3,"shouldnt",8.87806159954261e-07
4,"shouldnt",9.4946105138138e-06
5,"shouldnt",8.46681845464636e-05
6,"shouldnt",9.90409237096768e-06
1,"live",8.90819393494524e-07
2,"live",8.80706538013056e-07
3,"live",8.87806159954261e-07
4,"live",8.63146410346709e-07
5,"live",8.38298856895678e-07
6,"live",0.00151352538869061
1,"bugging",8.90819393494524e-07
2,"bugging",3.61089680585353e-05
3,"bugging",9.76586775949687e-06
4,"bugging",0.000777694915722384
5,"bugging",8.38298856895678e-07
6,"bugging",9.00372033724334e-07
1,"watch",9.79901332843977e-06
2,"watch",8.80706538013056e-07
3,"watch",6.30342373567525e-05
4,"watch",0.00249535627231234
5,"watch",3.43702531327228e-05
6,"watch",9.90409237096768e-06
1,"image",8.90819393494524e-07
2,"image",6.25301641989269e-05
3,"image",0.000134058730153093
4,"image",8.63146410346709e-07
5,"image",8.38298856895678e-07
6,"image",9.00372033724334e-07
1,"obvious",8.90819393494524e-07
2,"obvious",8.80706538013056e-07
3,"obvious",0.000222839346148519
4,"obvious",8.63146410346709e-07
5,"obvious",8.38298856895678e-07
6,"obvious",2.79115330454544e-05
1,"covid",8.90819393494524e-07
2,"covid",0.000406005714024019
3,"covid",8.87806159954261e-07
4,"covid",8.63146410346709e-07
5,"covid",3.43702531327228e-05
6,"covid",9.00372033724334e-07
1,"forever",0.00172908044277287
2,"forever",2.73019026784047e-05
3,"forever",8.87806159954261e-07
4,"forever",8.63146410346709e-07
5,"forever",8.38298856895678e-07
6,"forever",9.00372033724334e-07
1,"rebooting",8.99727587429469e-05
2,"rebooting",8.80706538013056e-07
3,"rebooting",8.87806159954261e-07
4,"rebooting",5.26519310311492e-05
5,"rebooting",9.22128742585246e-06
6,"rebooting",9.00372033724334e-07
1,"swear",8.90819393494524e-07
2,"swear",9.68777191814362e-06
3,"swear",0.000142936791752636
4,"swear",8.63146410346709e-07
5,"swear",0.000160115081667075
6,"swear",9.00372033724334e-07
1,"words",8.90819393494524e-07
2,"words",8.80706538013056e-07
3,"words",8.87806159954261e-07
4,"words",8.63146410346709e-07
5,"words",8.38298856895678e-07
6,"words",0.000703190558338705
1,"explicit",8.90819393494524e-07
2,"explicit",8.80706538013056e-07
3,"explicit",0.000249473530947147
4,"explicit",7.85463233415505e-05
5,"explicit",8.38298856895678e-07
6,"explicit",9.00372033724334e-07
1,"category",8.90819393494524e-07
2,"category",8.80706538013056e-07
3,"category",8.87806159954261e-07
4,"category",9.4946105138138e-06
5,"category",8.38298856895678e-07
6,"category",0.000325034304174485
1,"glad",8.90819393494524e-07
2,"glad",0.00027389973332206
3,"glad",8.87806159954261e-07
4,"glad",8.63146410346709e-07
5,"glad",8.38298856895678e-07
6,"glad",0.000334038024511728
1,"biggest",0.000294861219246688
2,"biggest",8.80706538013056e-07
3,"biggest",8.87806159954261e-07
4,"biggest",8.63146410346709e-07
5,"biggest",8.38298856895678e-07
6,"biggest",0.000153963617766861
1,"planet",8.90819393494524e-07
2,"planet",8.80706538013056e-07
3,"planet",8.87806159954261e-07
4,"planet",8.63146410346709e-07
5,"planet",6.790220740855e-05
6,"planet",9.00372033724334e-07
1,"afterwards",3.65235951332755e-05
2,"afterwards",8.80706538013056e-07
3,"afterwards",8.96684221553803e-05
4,"afterwards",8.63146410346709e-07
5,"afterwards",1.76042759948093e-05
6,"afterwards",9.00372033724334e-07
1,"fake",8.90819393494524e-07
2,"fake",8.80706538013056e-07
3,"fake",0.000231717407748062
4,"fake",8.63146410346709e-07
5,"fake",8.38298856895678e-07
6,"fake",9.00372033724334e-07
1,"actual",9.79901332843977e-06
2,"actual",7.13372295790575e-05
3,"actual",0.000906450089313299
4,"actual",9.4946105138138e-06
5,"actual",8.38298856895678e-07
6,"actual",9.00372033724334e-07
1,"mixes",8.90819393494524e-07
2,"mixes",1.84948372982742e-05
3,"mixes",9.76586775949687e-06
4,"mixes",9.4946105138138e-06
5,"mixes",8.38298856895678e-07
6,"mixes",0.00110835797351466
1,"twenty-five",8.90819393494524e-07
2,"twenty-five",0.000221057341041277
3,"twenty-five",8.87806159954261e-07
4,"twenty-five",8.63146410346709e-07
5,"twenty-five",8.38298856895678e-07
6,"twenty-five",9.00372033724334e-07
1,"yesterday",0.00115004783700143
2,"yesterday",2.73019026784047e-05
3,"yesterday",2.75219909585821e-05
4,"yesterday",8.63146410346709e-07
5,"yesterday",8.38298856895678e-07
6,"yesterday",9.00372033724334e-07
1,"tapped",4.54317890682208e-05
2,"tapped",8.80706538013056e-07
3,"tapped",0.000125180668553551
4,"tapped",8.63146410346709e-07
5,"tapped",8.38298856895678e-07
6,"tapped",9.00372033724334e-07
1,"case",0.00040175954646603
2,"case",0.000212250275661146
3,"case",8.87806159954261e-07
4,"case",8.63146410346709e-07
5,"case",6.790220740855e-05
6,"case",9.00372033724334e-07
1,"stereo",8.90819393494524e-07
2,"stereo",0.00058214702162663
3,"stereo",8.87806159954261e-07
4,"stereo",5.26519310311492e-05
5,"stereo",8.38298856895678e-07
6,"stereo",9.00372033724334e-07
1,"chrome",8.90819393494524e-07
2,"chrome",8.80706538013056e-07
3,"chrome",8.87806159954261e-07
4,"chrome",0.000225281213100491
5,"chrome",1.76042759948093e-05
6,"chrome",9.00372033724334e-07
1,"ninety",8.90819393494524e-07
2,"ninety",0.000361970387123366
3,"ninety",8.87806159954261e-07
4,"ninety",8.63146410346709e-07
5,"ninety",8.38298856895678e-07
6,"ninety",9.00372033724334e-07
1,"custom",8.90819393494524e-07
2,"custom",8.80706538013056e-07
3,"custom",8.87806159954261e-07
4,"custom",1.81260746172809e-05
5,"custom",8.38298856895678e-07
6,"custom",0.000460090109233135
1,"value",8.90819393494524e-07
2,"value",8.80706538013056e-07
3,"value",8.87806159954261e-07
4,"value",8.63146410346709e-07
5,"value",8.38298856895678e-07
6,"value",0.000234997100802052
1,"limit",0.000152330116287564
2,"limit",8.80706538013056e-07
3,"limit",8.87806159954261e-07
4,"limit",8.63146410346709e-07
5,"limit",0.000520583590132217
6,"limit",9.00372033724334e-07
1,"pieces",8.90819393494524e-07
2,"pieces",8.89513603393186e-05
3,"pieces",9.76586775949687e-06
4,"pieces",8.63146410346709e-07
5,"pieces",8.38298856895678e-07
6,"pieces",9.90409237096768e-06
1,"unshuffle",8.90819393494524e-07
2,"unshuffle",8.80706538013056e-07
3,"unshuffle",8.87806159954261e-07
4,"unshuffle",8.63146410346709e-07
5,"unshuffle",5.95192188395932e-05
6,"unshuffle",9.00372033724334e-07
1,"bucks",8.90819393494524e-07
2,"bucks",0.000185829079520755
3,"bucks",8.87806159954261e-07
4,"bucks",8.63146410346709e-07
5,"bucks",9.22128742585246e-06
6,"bucks",9.00372033724334e-07
1,"min",8.99727587429469e-05
2,"min",0.000564532890866368
3,"min",9.76586775949687e-06
4,"min",8.63146410346709e-07
5,"min",8.38298856895678e-07
6,"min",9.00372033724334e-07
1,"timer",2.76154011983302e-05
2,"timer",8.80706538013056e-07
3,"timer",8.87806159954261e-07
4,"timer",0.000743169059308516
5,"timer",8.38298856895678e-07
6,"timer",9.00372033724334e-07
1,"checked",0.000651188976644497
2,"checked",7.13372295790575e-05
3,"checked",8.87806159954261e-07
4,"checked",8.63146410346709e-07
5,"checked",8.38298856895678e-07
6,"checked",9.00372033724334e-07
1,"dealing",9.79901332843977e-06
2,"dealing",8.80706538013056e-07
3,"dealing",8.87806159954261e-07
4,"dealing",0.000277069997721294
5,"dealing",8.38298856895678e-07
6,"dealing",9.00372033724334e-07
1,"designed",8.90819393494524e-07
2,"designed",0.000221057341041277
3,"designed",8.87806159954261e-07
4,"designed",8.63146410346709e-07
5,"designed",8.38298856895678e-07
6,"designed",0.000262008261813782
1,"ages",0.000669005364514388
2,"ages",3.61089680585353e-05
3,"ages",8.87806159954261e-07
4,"ages",8.63146410346709e-07
5,"ages",8.38298856895678e-07
6,"ages",9.00372033724334e-07
1,"ux",8.90819393494524e-07
2,"ux",8.80706538013056e-07
3,"ux",0.000640108241327022
4,"ux",8.63146410346709e-07
5,"ux",8.38298856895678e-07
6,"ux",9.90409237096768e-06
1,"bed",8.90819393494524e-07
2,"bed",8.80706538013056e-07
3,"bed",8.87806159954261e-07
4,"bed",8.63146410346709e-07
5,"bed",9.22128742585246e-06
6,"bed",9.09375754061579e-05
1,"notch",8.90819393494524e-07
2,"notch",8.80706538013056e-07
3,"notch",8.87806159954261e-07
4,"notch",8.63146410346709e-07
5,"notch",8.38298856895678e-07
6,"notch",0.000153963617766861
1,"a50",1.8707207263385e-05
2,"a50",8.80706538013056e-07
3,"a50",8.87806159954261e-07
4,"a50",5.26519310311492e-05
5,"a50",8.38298856895678e-07
6,"a50",9.00372033724334e-07
1,"self",8.90819393494524e-07
2,"self",0.000238671471801538
3,"self",0.000169570976551264
4,"self",8.63146410346709e-07
5,"self",0.000143349104529161
6,"self",9.00372033724334e-07
1,"response",8.90819393494524e-07
2,"response",0.000573339956246499
3,"response",8.87806159954261e-07
4,"response",8.63146410346709e-07
5,"response",8.38298856895678e-07
6,"response",9.00372033724334e-07
1,"services",8.90819393494524e-07
2,"services",0.00135716877507812
3,"services",8.87806159954261e-07
4,"services",8.63146410346709e-07
5,"services",8.38298856895678e-07
6,"services",9.00372033724334e-07
1,"status",8.90819393494524e-07
2,"status",8.80706538013056e-07
3,"status",8.87806159954261e-07
4,"status",0.000328858782342096
5,"status",8.38298856895678e-07
6,"status",9.00372033724334e-07
1,"band",8.90819393494524e-07
2,"band",8.80706538013056e-07
3,"band",0.000107424545354466
4,"band",8.63146410346709e-07
5,"band",8.38298856895678e-07
6,"band",0.000496104990582108
1,"navigating",3.65235951332755e-05
2,"navigating",9.68777191814362e-06
3,"navigating",0.000116302606954008
4,"navigating",9.4946105138138e-06
5,"navigating",2.5987264563766e-05
6,"navigating",9.00372033724334e-07
1,"frustratingly",8.90819393494524e-07
2,"frustratingly",6.25301641989269e-05
3,"frustratingly",8.87806159954261e-07
4,"frustratingly",2.6757538720748e-05
5,"frustratingly",8.38298856895678e-07
6,"frustratingly",9.00372033724334e-07
1,"somebody",8.90819393494524e-07
2,"somebody",8.80706538013056e-07
3,"somebody",0.000169570976551264
4,"somebody",8.63146410346709e-07
5,"somebody",8.38298856895678e-07
6,"somebody",9.00372033724334e-07
1,"hifi",8.90819393494524e-07
2,"hifi",8.80706538013056e-07
3,"hifi",8.87806159954261e-07
4,"hifi",8.63146410346709e-07
5,"hifi",1.76042759948093e-05
6,"hifi",0.000361049185523458
1,"promised",2.76154011983302e-05
2,"promised",8.80706538013056e-07
3,"promised",3.64000525581247e-05
4,"promised",4.40204669276821e-05
5,"promised",8.38298856895678e-07
6,"promised",9.00372033724334e-07
1,"twenty-one",8.90819393494524e-07
2,"twenty-one",0.000485269302445194
3,"twenty-one",8.87806159954261e-07
4,"twenty-one",8.63146410346709e-07
5,"twenty-one",8.38298856895678e-07
6,"twenty-one",9.00372033724334e-07
1,"competitors",8.90819393494524e-07
2,"competitors",8.80706538013056e-07
3,"competitors",7.19122989562951e-05
4,"competitors",8.63146410346709e-07
5,"competitors",8.38298856895678e-07
6,"competitors",0.000171971058441348
1,"behind",9.79901332843977e-06
2,"behind",8.80706538013056e-07
3,"behind",0.000657864364526107
4,"behind",8.63146410346709e-07
5,"behind",8.38298856895678e-07
6,"behind",9.00372033724334e-07
1,"competition",8.90819393494524e-07
2,"competition",0.000194636144900885
3,"competition",9.76586775949687e-06
4,"competition",8.63146410346709e-07
5,"competition",9.22128742585246e-06
6,"competition",9.90409237096768e-06
1,"sir",8.90819393494524e-07
2,"sir",8.89513603393186e-05
3,"sir",8.87806159954261e-07
4,"sir",8.63146410346709e-07
5,"sir",8.38298856895678e-07
6,"sir",9.00372033724334e-07
1,"method",8.90819393494524e-07
2,"method",0.000538111694725977
3,"method",8.87806159954261e-07
4,"method",8.63146410346709e-07
5,"method",8.38298856895678e-07
6,"method",9.00372033724334e-07
1,"smoother",8.90819393494524e-07
2,"smoother",9.68777191814362e-06
3,"smoother",0.000107424545354466
4,"smoother",9.4946105138138e-06
5,"smoother",8.38298856895678e-07
6,"smoother",9.00372033724334e-07
1,"dedicated",0.000116697340547783
2,"dedicated",9.68777191814362e-06
3,"dedicated",7.19122989562951e-05
4,"dedicated",8.63146410346709e-07
5,"dedicated",8.38298856895678e-07
6,"dedicated",9.00372033724334e-07
1,"necessary",8.90819393494524e-07
2,"necessary",8.80706538013056e-07
3,"necessary",1.86439293590395e-05
4,"necessary",0.000147598036169287
5,"necessary",9.22128742585246e-06
6,"necessary",2.79115330454544e-05
1,"slightly",9.79901332843977e-06
2,"slightly",8.80706538013056e-07
3,"slightly",0.000160692914951721
4,"slightly",8.63146410346709e-07
5,"slightly",8.38298856895678e-07
6,"slightly",9.90409237096768e-06
1,"reboot",8.90819393494524e-07
2,"reboot",8.80706538013056e-07
3,"reboot",9.76586775949687e-06
4,"reboot",0.000449699279790635
5,"reboot",8.38298856895678e-07
6,"reboot",9.00372033724334e-07
1,"head",3.65235951332755e-05
2,"head",0.000767095394609371
3,"head",9.76586775949687e-06
4,"head",9.4946105138138e-06
5,"head",8.38298856895678e-07
6,"head",9.00372033724334e-07
1,"unit",8.90819393494524e-07
2,"unit",0.000353163321743235
3,"unit",9.76586775949687e-06
4,"unit",8.63146410346709e-07
5,"unit",8.38298856895678e-07
6,"unit",9.00372033724334e-07
1,"apk",0.000152330116287564
2,"apk",8.80706538013056e-07
3,"apk",1.86439293590395e-05
4,"apk",8.63146410346709e-07
5,"apk",8.38298856895678e-07
6,"apk",9.00372033724334e-07
1,"brings",8.90819393494524e-07
2,"brings",0.000494076367825324
3,"brings",8.87806159954261e-07
4,"brings",8.63146410346709e-07
5,"brings",8.38298856895678e-07
6,"brings",9.00372033724334e-07
1,"lack",0.000125605534482728
2,"lack",0.000406005714024019
3,"lack",8.87806159954261e-07
4,"lack",8.63146410346709e-07
5,"lack",8.38298856895678e-07
6,"lack",9.00372033724334e-07
1,"irritating",1.8707207263385e-05
2,"irritating",8.80706538013056e-07
3,"irritating",0.00165220726367488
4,"irritating",8.63146410346709e-07
5,"irritating",0.000176881058804988
6,"irritating",9.00372033724334e-07
1,"cent",8.90819393494524e-07
2,"cent",8.80706538013056e-07
3,"cent",8.87806159954261e-07
4,"cent",8.63146410346709e-07
5,"cent",8.38298856895678e-07
6,"cent",0.000892268685420816
1,"convenient",8.90819393494524e-07
2,"convenient",8.80706538013056e-07
3,"convenient",0.000160692914951721
4,"convenient",8.63146410346709e-07
5,"convenient",8.38298856895678e-07
6,"convenient",0.000316030583837242
1,"non",3.65235951332755e-05
2,"non",0.000881587244551068
3,"non",8.87806159954261e-07
4,"non",9.4946105138138e-06
5,"non",8.38298856895678e-07
6,"non",9.90409237096768e-06
1,"floating",8.90819393494524e-07
2,"floating",8.80706538013056e-07
3,"floating",8.87806159954261e-07
4,"floating",7.85463233415505e-05
5,"floating",8.38298856895678e-07
6,"floating",9.00372033724334e-07
1,"placed",8.90819393494524e-07
2,"placed",8.80706538013056e-07
3,"placed",6.30342373567525e-05
4,"placed",8.63146410346709e-07
5,"placed",8.38298856895678e-07
6,"placed",9.00372033724334e-07
1,"everywhere",0.00040175954646603
2,"everywhere",8.80706538013056e-07
3,"everywhere",8.87806159954261e-07
4,"everywhere",9.4946105138138e-06
5,"everywhere",1.76042759948093e-05
6,"everywhere",9.09375754061579e-05
1,"saving",0.000250320249571961
2,"saving",8.80706538013056e-07
3,"saving",8.87806159954261e-07
4,"saving",8.63146410346709e-07
5,"saving",8.38298856895678e-07
6,"saving",9.00372033724334e-07
1,"justify",8.90819393494524e-07
2,"justify",8.89513603393186e-05
3,"justify",8.87806159954261e-07
4,"justify",8.63146410346709e-07
5,"justify",8.38298856895678e-07
6,"justify",9.00372033724334e-07
1,"names",8.90819393494524e-07
2,"names",8.80706538013056e-07
3,"names",0.000320498023743488
4,"names",8.63146410346709e-07
5,"names",2.5987264563766e-05
6,"names",9.00372033724334e-07
1,"menus",8.90819393494524e-07
2,"menus",8.80706538013056e-07
3,"menus",6.30342373567525e-05
4,"menus",0.000182123892583156
5,"menus",8.38298856895678e-07
6,"menus",9.00372033724334e-07
1,"saved",0.00123912977635088
2,"saved",7.13372295790575e-05
3,"saved",8.87806159954261e-07
4,"saved",8.63146410346709e-07
5,"saved",8.38298856895678e-07
6,"saved",9.90409237096768e-06
1,"reset",8.90819393494524e-07
2,"reset",0.00203531280934817
3,"reset",8.87806159954261e-07
4,"reset",8.63146410346709e-07
5,"reset",9.22128742585246e-06
6,"reset",9.00372033724334e-07
1,"tap",8.90819393494524e-07
2,"tap",8.80706538013056e-07
3,"tap",8.87806159954261e-07
4,"tap",8.63146410346709e-07
5,"tap",0.00114930773280398
6,"tap",9.90409237096768e-06
1,"lags",8.90819393494524e-07
2,"lags",0.00010656549109958
3,"lags",8.87806159954261e-07
4,"lags",0.000587802705446109
5,"lags",8.38298856895678e-07
6,"lags",0.000180974778778591
1,"developers",8.90819393494524e-07
2,"developers",3.61089680585353e-05
3,"developers",0.00113727969090141
4,"developers",8.63146410346709e-07
5,"developers",8.38298856895678e-07
6,"developers",9.00372033724334e-07
1,"remix",8.90819393494524e-07
2,"remix",8.80706538013056e-07
3,"remix",5.41561757572099e-05
4,"remix",6.99148592380834e-05
5,"remix",8.38298856895678e-07
6,"remix",9.00372033724334e-07
1,"trending",8.90819393494524e-07
2,"trending",8.80706538013056e-07
3,"trending",8.87806159954261e-07
4,"trending",8.63146410346709e-07
5,"trending",8.38298856895678e-07
6,"trending",0.000153963617766861
1,"forgetting",8.90819393494524e-07
2,"forgetting",8.80706538013056e-07
3,"forgetting",9.76586775949687e-06
4,"forgetting",4.40204669276821e-05
5,"forgetting",8.38298856895678e-07
6,"forgetting",2.79115330454544e-05
1,"strange",0.00021468747383218
2,"strange",8.80706538013056e-07
3,"strange",8.87806159954261e-07
4,"strange",7.85463233415505e-05
5,"strange",8.38298856895678e-07
6,"strange",9.00372033724334e-07
1,"technical",0.00019687108596229
2,"technical",2.73019026784047e-05
3,"technical",8.87806159954261e-07
4,"technical",8.63146410346709e-07
5,"technical",1.76042759948093e-05
6,"technical",0.000289019422825511
1,"arranged",8.90819393494524e-07
2,"arranged",8.80706538013056e-07
3,"arranged",8.87806159954261e-07
4,"arranged",8.63146410346709e-07
5,"arranged",8.38298856895678e-07
6,"arranged",7.29301347316712e-05
1,"go-to",4.54317890682208e-05
2,"go-to",8.80706538013056e-07
3,"go-to",8.87806159954261e-07
4,"go-to",8.63146410346709e-07
5,"go-to",8.38298856895678e-07
6,"go-to",0.000171971058441348
1,"suggests",8.90819393494524e-07
2,"suggests",8.80706538013056e-07
3,"suggests",8.87806159954261e-07
4,"suggests",8.63146410346709e-07
5,"suggests",8.38298856895678e-07
6,"suggests",0.000244000821139295
1,"insane",8.90819393494524e-07
2,"insane",8.80706538013056e-07
3,"insane",0.000364888331741201
4,"insane",8.63146410346709e-07
5,"insane",8.38298856895678e-07
6,"insane",9.00372033724334e-07
1,"unless",1.8707207263385e-05
2,"unless",0.000538111694725977
3,"unless",8.87806159954261e-07
4,"unless",0.00107979615934373
5,"unless",0.00219718130392357
6,"unless",9.90409237096768e-06
1,"hassle",6.32481769381112e-05
2,"hassle",0.000388391583263757
3,"hassle",8.87806159954261e-07
4,"hassle",8.63146410346709e-07
5,"hassle",8.38298856895678e-07
6,"hassle",9.00372033724334e-07
1,"restricting",8.90819393494524e-07
2,"restricting",8.80706538013056e-07
3,"restricting",2.75219909585821e-05
4,"restricting",8.63146410346709e-07
5,"restricting",0.000134966115960204
6,"restricting",9.90409237096768e-06
1,"decent",8.90819393494524e-07
2,"decent",1.84948372982742e-05
3,"decent",0.000551327625331596
4,"decent",8.63146410346709e-07
5,"decent",8.38298856895678e-07
6,"decent",0.000424075227884162
1,"windows",0.000366126770726249
2,"windows",8.80706538013056e-07
3,"windows",8.87806159954261e-07
4,"windows",8.63146410346709e-07
5,"windows",8.38298856895678e-07
6,"windows",9.00372033724334e-07
1,"god",8.90819393494524e-07
2,"god",8.80706538013056e-07
3,"god",0.000915328150912842
4,"god",4.40204669276821e-05
5,"god",5.11362302706364e-05
6,"god",9.00372033724334e-07
1,"lastest",1.8707207263385e-05
2,"lastest",8.80706538013056e-07
3,"lastest",8.87806159954261e-07
4,"lastest",5.26519310311492e-05
5,"lastest",8.38298856895678e-07
6,"lastest",9.00372033724334e-07
1,"sharing",1.8707207263385e-05
2,"sharing",9.68777191814362e-06
3,"sharing",1.86439293590395e-05
4,"sharing",8.63146410346709e-07
5,"sharing",8.38298856895678e-07
6,"sharing",0.000703190558338705
1,"frequent",1.8707207263385e-05
2,"frequent",8.80706538013056e-07
3,"frequent",8.87806159954261e-07
4,"frequent",0.000605065633653043
5,"frequent",8.38298856895678e-07
6,"frequent",9.00372033724334e-07
1,"universe",8.90819393494524e-07
2,"universe",8.80706538013056e-07
3,"universe",6.30342373567525e-05
4,"universe",8.63146410346709e-07
5,"universe",8.38298856895678e-07
6,"universe",9.00372033724334e-07
1,"counting",2.76154011983302e-05
2,"counting",8.80706538013056e-07
3,"counting",8.87806159954261e-07
4,"counting",8.63146410346709e-07
5,"counting",9.22128742585246e-06
6,"counting",2.79115330454544e-05
1,"match",8.90819393494524e-07
2,"match",9.68777191814362e-06
3,"match",0.000320498023743488
4,"match",8.63146410346709e-07
5,"match",8.38298856895678e-07
6,"match",0.000153963617766861
1,"item",8.90819393494524e-07
2,"item",8.80706538013056e-07
3,"item",0.000142936791752636
4,"item",8.63146410346709e-07
5,"item",9.22128742585246e-06
6,"item",9.00372033724334e-07
1,"hoping",8.90819393494524e-07
2,"hoping",0.000370777452503497
3,"hoping",0.000409278639738914
4,"hoping",8.63146410346709e-07
5,"hoping",8.38298856895678e-07
6,"hoping",9.00372033724334e-07
1,"mentioned",8.90819393494524e-07
2,"mentioned",0.000221057341041277
3,"mentioned",8.87806159954261e-07
4,"mentioned",8.63146410346709e-07
5,"mentioned",8.38298856895678e-07
6,"mentioned",9.00372033724334e-07
1,"side",8.90819393494524e-07
2,"side",1.84948372982742e-05
3,"side",0.00113727969090141
4,"side",8.63146410346709e-07
5,"side",8.38298856895678e-07
6,"side",9.00372033724334e-07
1,"removed",8.90819393494524e-07
2,"removed",8.80706538013056e-07
3,"removed",0.00293952619560856
4,"removed",8.63146410346709e-07
5,"removed",9.22128742585246e-06
6,"removed",9.00372033724334e-07
1,"figuring",8.90819393494524e-07
2,"figuring",8.80706538013056e-07
3,"figuring",8.87806159954261e-07
4,"figuring",6.99148592380834e-05
5,"figuring",8.38298856895678e-07
6,"figuring",9.00372033724334e-07
1,"kick",8.90819393494524e-07
2,"kick",0.000203443210281016
3,"kick",8.87806159954261e-07
4,"kick",8.63146410346709e-07
5,"kick",8.38298856895678e-07
6,"kick",9.00372033724334e-07
1,"dissapears",8.90819393494524e-07
2,"dissapears",8.80706538013056e-07
3,"dissapears",8.87806159954261e-07
4,"dissapears",0.000242544141307425
5,"dissapears",8.38298856895678e-07
6,"dissapears",9.00372033724334e-07
1,"rivals",8.90819393494524e-07
2,"rivals",8.80706538013056e-07
3,"rivals",8.87806159954261e-07
4,"rivals",1.81260746172809e-05
5,"rivals",1.76042759948093e-05
6,"rivals",2.79115330454544e-05
1,"lets",8.90819393494524e-07
2,"lets",8.80706538013056e-07
3,"lets",8.87806159954261e-07
4,"lets",8.63146410346709e-07
5,"lets",0.000696626350080309
6,"lets",9.00372033724334e-07
1,"managed",1.8707207263385e-05
2,"managed",0.000221057341041277
3,"managed",8.87806159954261e-07
4,"managed",9.4946105138138e-06
5,"managed",8.38298856895678e-07
6,"managed",9.00372033724334e-07
1,"ruin",8.90819393494524e-07
2,"ruin",9.68777191814362e-06
3,"ruin",8.87806159954261e-07
4,"ruin",8.63146410346709e-07
5,"ruin",8.38298856895678e-07
6,"ruin",0.000244000821139295
1,"embarrassing",8.90819393494524e-07
2,"embarrassing",8.80706538013056e-07
3,"embarrassing",0.000187327099750349
4,"embarrassing",8.63146410346709e-07
5,"embarrassing",8.38298856895678e-07
6,"embarrassing",9.00372033724334e-07
1,"platforms",8.90819393494524e-07
2,"platforms",9.68777191814362e-06
3,"platforms",0.000746644980521533
4,"platforms",8.63146410346709e-07
5,"platforms",8.38298856895678e-07
6,"platforms",0.000162967338104105
1,"organize",8.90819393494524e-07
2,"organize",8.80706538013056e-07
3,"organize",8.87806159954261e-07
4,"organize",8.63146410346709e-07
5,"organize",8.38298856895678e-07
6,"organize",0.000442082668558649
1,"extensive",8.90819393494524e-07
2,"extensive",8.80706538013056e-07
3,"extensive",4.52781141576672e-05
4,"extensive",8.63146410346709e-07
5,"extensive",3.43702531327228e-05
6,"extensive",9.99412957434012e-05
1,"department",8.90819393494524e-07
2,"department",2.73019026784047e-05
3,"department",9.76586775949687e-06
4,"department",8.63146410346709e-07
5,"department",8.38298856895678e-07
6,"department",2.79115330454544e-05
1,"perform",5.43399830031659e-05
2,"perform",8.80706538013056e-07
3,"perform",8.87806159954261e-07
4,"perform",8.63146410346709e-07
5,"perform",1.76042759948093e-05
6,"perform",9.00372033724334e-07
1,"wi-fi",0.000615556200904716
2,"wi-fi",8.80706538013056e-07
3,"wi-fi",8.87806159954261e-07
4,"wi-fi",8.63146410346709e-07
5,"wi-fi",8.38298856895678e-07
6,"wi-fi",9.00372033724334e-07
1,"plain",8.90819393494524e-07
2,"plain",8.80706538013056e-07
3,"plain",8.87806159954261e-07
4,"plain",0.000164860964376221
5,"plain",8.38298856895678e-07
6,"plain",4.59189737199411e-05
1,"simple",8.90819393494524e-07
2,"simple",8.80706538013056e-07
3,"simple",8.87806159954261e-07
4,"simple",8.63146410346709e-07
5,"simple",8.38298856895678e-07
6,"simple",0.00197271512589002
1,"korean",8.90819393494524e-07
2,"korean",8.80706538013056e-07
3,"korean",1.86439293590395e-05
4,"korean",8.63146410346709e-07
5,"korean",8.38298856895678e-07
6,"korean",0.000487101270244865
1,"gotten",8.90819393494524e-07
2,"gotten",0.00118983453285564
3,"gotten",8.87806159954261e-07
4,"gotten",8.63146410346709e-07
5,"gotten",8.38298856895678e-07
6,"gotten",9.00372033724334e-07
1,"quits",8.90819393494524e-07
2,"quits",8.80706538013056e-07
3,"quits",8.87806159954261e-07
4,"quits",0.00019938682079009
5,"quits",8.38298856895678e-07
6,"quits",9.00372033724334e-07
1,"reasonable",8.90819393494524e-07
2,"reasonable",8.80706538013056e-07
3,"reasonable",8.87806159954261e-07
4,"reasonable",8.63146410346709e-07
5,"reasonable",8.38298856895678e-07
6,"reasonable",0.000244000821139295
1,"sorting",8.90819393494524e-07
2,"sorting",8.80706538013056e-07
3,"sorting",0.000400400578139371
4,"sorting",8.63146410346709e-07
5,"sorting",8.38298856895678e-07
6,"sorting",9.00372033724334e-07
1,"algorithms",8.90819393494524e-07
2,"algorithms",8.80706538013056e-07
3,"algorithms",9.76586775949687e-06
4,"algorithms",8.63146410346709e-07
5,"algorithms",8.38298856895678e-07
6,"algorithms",0.000442082668558649
1,"shown",8.90819393494524e-07
2,"shown",9.68777191814362e-06
3,"shown",0.000347132208542116
4,"shown",0.000233912677203958
5,"shown",8.38298856895678e-07
6,"shown",1.8907812708211e-05
1,"signs",9.88809526778921e-05
2,"signs",8.80706538013056e-07
3,"signs",8.87806159954261e-07
4,"signs",8.63146410346709e-07
5,"signs",8.38298856895678e-07
6,"signs",9.00372033724334e-07
1,"connect",0.00536362356823053
2,"connect",8.80706538013056e-07
3,"connect",8.87806159954261e-07
4,"connect",8.63146410346709e-07
5,"connect",8.38298856895678e-07
6,"connect",9.00372033724334e-07
1,"applications",8.10645648080017e-05
2,"applications",8.80706538013056e-07
3,"applications",9.85464837549228e-05
4,"applications",8.63146410346709e-07
5,"applications",8.38298856895678e-07
6,"applications",9.00372033724334e-07
1,"created",8.90819393494524e-07
2,"created",0.000229864406421408
3,"created",8.87806159954261e-07
4,"created",8.63146410346709e-07
5,"created",0.000671477384373439
6,"created",0.000415071507546919
1,"convenience",8.90819393494524e-07
2,"convenience",8.80706538013056e-07
3,"convenience",9.76586775949687e-06
4,"convenience",8.63146410346709e-07
5,"convenience",8.38298856895678e-07
6,"convenience",7.29301347316712e-05
1,"send",8.90819393494524e-07
2,"send",0.00107534268291394
3,"send",8.87806159954261e-07
4,"send",8.63146410346709e-07
5,"send",8.38298856895678e-07
6,"send",1.8907812708211e-05
1,"eleven",4.54317890682208e-05
2,"eleven",0.000379584517883627
3,"eleven",9.76586775949687e-06
4,"eleven",8.63146410346709e-07
5,"eleven",8.38298856895678e-07
6,"eleven",9.00372033724334e-07
1,"row",8.90819393494524e-07
2,"row",4.49160334386658e-05
3,"row",9.76586775949687e-06
4,"row",8.63146410346709e-07
5,"row",0.000663094395804482
6,"row",9.00372033724334e-07
1,"sixteen",8.90819393494524e-07
2,"sixteen",0.000238671471801538
3,"sixteen",8.87806159954261e-07
4,"sixteen",8.63146410346709e-07
5,"sixteen",8.38298856895678e-07
6,"sixteen",9.00372033724334e-07
1,"listened",8.90819393494524e-07
2,"listened",8.80706538013056e-07
3,"listened",0.0019895736044575
4,"listened",8.63146410346709e-07
5,"listened",0.00027747692163247
6,"listened",9.00372033724334e-07
1,"development",8.90819393494524e-07
2,"development",8.80706538013056e-07
3,"development",4.52781141576672e-05
4,"development",0.000173492428479689
5,"development",8.38298856895678e-07
6,"development",9.00372033724334e-07
1,"timely",8.90819393494524e-07
2,"timely",8.80706538013056e-07
3,"timely",8.87806159954261e-07
4,"timely",5.26519310311492e-05
5,"timely",8.38298856895678e-07
6,"timely",9.90409237096768e-06
1,"manner",3.65235951332755e-05
2,"manner",8.80706538013056e-07
3,"manner",8.87806159954261e-07
4,"manner",2.6757538720748e-05
5,"manner",8.38298856895678e-07
6,"manner",9.00372033724334e-07
1,"re-downloading",8.90819393494524e-07
2,"re-downloading",1.84948372982742e-05
3,"re-downloading",8.87806159954261e-07
4,"re-downloading",8.63146410346709e-07
5,"re-downloading",4.27532417016796e-05
6,"re-downloading",9.00372033724334e-07
1,"pops",9.79901332843977e-06
2,"pops",0.000150600818000232
3,"pops",0.000347132208542116
4,"pops",9.4946105138138e-06
5,"pops",5.95192188395932e-05
6,"pops",9.00372033724334e-07
1,"spatial",8.90819393494524e-07
2,"spatial",9.68777191814362e-06
3,"spatial",8.87806159954261e-07
4,"spatial",8.63146410346709e-07
5,"spatial",9.22128742585246e-06
6,"spatial",5.49226940571845e-05
1,"dissatisfied",8.90819393494524e-07
2,"dissatisfied",8.80706538013056e-07
3,"dissatisfied",8.87806159954261e-07
4,"dissatisfied",4.40204669276821e-05
5,"dissatisfied",8.38298856895678e-07
6,"dissatisfied",4.59189737199411e-05
1,"angry",1.8707207263385e-05
2,"angry",8.80706538013056e-07
3,"angry",9.76586775949687e-06
4,"angry",8.63146410346709e-07
5,"angry",0.000269093933063513
6,"angry",2.79115330454544e-05
1,"bunch",8.90819393494524e-07
2,"bunch",8.80706538013056e-07
3,"bunch",0.000267229654146232
4,"bunch",4.40204669276821e-05
5,"bunch",0.000487051635856389
6,"bunch",9.00372033724334e-07
1,"pissed",8.90819393494524e-07
2,"pissed",8.80706538013056e-07
3,"pissed",8.87806159954261e-07
4,"pissed",8.63146410346709e-07
5,"pissed",0.000210413013080816
6,"pissed",9.00372033724334e-07
1,"standard",8.90819393494524e-07
2,"standard",8.80706538013056e-07
3,"standard",0.000267229654146232
4,"standard",8.63146410346709e-07
5,"standard",8.38298856895678e-07
6,"standard",9.00372033724334e-07
1,"moment",8.90819393494524e-07
2,"moment",8.80706538013056e-07
3,"moment",0.000862059781315587
4,"moment",0.000492856600307971
5,"moment",8.38298856895678e-07
6,"moment",9.00372033724334e-07
1,"untill",0.000294861219246688
2,"untill",8.80706538013056e-07
3,"untill",1.86439293590395e-05
4,"untill",8.63146410346709e-07
5,"untill",8.38298856895678e-07
6,"untill",9.00372033724334e-07
1,"responding",0.000562107037295045
2,"responding",9.68777191814362e-06
3,"responding",8.87806159954261e-07
4,"responding",8.63146410346709e-07
5,"responding",2.5987264563766e-05
6,"responding",9.00372033724334e-07
1,"looks",8.90819393494524e-07
2,"looks",8.80706538013056e-07
3,"looks",0.000924206212512385
4,"looks",8.63146410346709e-07
5,"looks",8.38298856895678e-07
6,"looks",9.00372033724334e-07
1,"cancelling",8.90819393494524e-07
2,"cancelling",0.000811130721510024
3,"cancelling",1.86439293590395e-05
4,"cancelling",0.000242544141307425
5,"cancelling",8.38298856895678e-07
6,"cancelling",9.00372033724334e-07
1,"annoys",2.76154011983302e-05
2,"annoys",8.80706538013056e-07
3,"annoys",8.87806159954261e-07
4,"annoys",8.63146410346709e-07
5,"annoys",0.000378072784459951
6,"annoys",9.00372033724334e-07
1,"af",8.90819393494524e-07
2,"af",8.80706538013056e-07
3,"af",2.75219909585821e-05
4,"af",0.000268438533617826
5,"af",8.38298856895678e-07
6,"af",9.00372033724334e-07
1,"tasks",8.90819393494524e-07
2,"tasks",1.84948372982742e-05
3,"tasks",8.87806159954261e-07
4,"tasks",8.63146410346709e-07
5,"tasks",8.38298856895678e-07
6,"tasks",2.79115330454544e-05
1,"pushes",8.90819393494524e-07
2,"pushes",8.80706538013056e-07
3,"pushes",8.87806159954261e-07
4,"pushes",8.63146410346709e-07
5,"pushes",8.38298856895678e-07
6,"pushes",9.09375754061579e-05
1,"loaded",1.8707207263385e-05
2,"loaded",8.80706538013056e-07
3,"loaded",0.000222839346148519
4,"loaded",1.81260746172809e-05
5,"loaded",8.38298856895678e-07
6,"loaded",9.00372033724334e-07
1,"loose",4.54317890682208e-05
2,"loose",0.000238671471801538
3,"loose",8.87806159954261e-07
4,"loose",1.81260746172809e-05
5,"loose",5.95192188395932e-05
6,"loose",9.00372033724334e-07
1,"maps",0.000179054698092399
2,"maps",0.00011537255647971
3,"maps",8.87806159954261e-07
4,"maps",1.81260746172809e-05
5,"maps",8.38298856895678e-07
6,"maps",9.00372033724334e-07
1,"integration",8.90819393494524e-07
2,"integration",0.000317935060222713
3,"integration",8.87806159954261e-07
4,"integration",8.63146410346709e-07
5,"integration",1.76042759948093e-05
6,"integration",9.00372033724334e-07
1,"randomized",8.90819393494524e-07
2,"randomized",8.80706538013056e-07
3,"randomized",1.86439293590395e-05
4,"randomized",8.63146410346709e-07
5,"randomized",0.000143349104529161
6,"randomized",9.00372033724334e-07
1,"chooses",8.90819393494524e-07
2,"chooses",8.80706538013056e-07
3,"chooses",8.87806159954261e-07
4,"chooses",8.63146410346709e-07
5,"chooses",0.000352923818753081
6,"chooses",9.00372033724334e-07
1,"notice",8.90819393494524e-07
2,"notice",0.000309127994842583
3,"notice",9.76586775949687e-06
4,"notice",9.4946105138138e-06
5,"notice",8.38298856895678e-07
6,"notice",9.00372033724334e-07
1,"spent",8.90819393494524e-07
2,"spent",0.000564532890866368
3,"spent",8.87806159954261e-07
4,"spent",8.63146410346709e-07
5,"spent",8.38298856895678e-07
6,"spent",9.00372033724334e-07
1,"finished",9.79901332843977e-06
2,"finished",8.80706538013056e-07
3,"finished",8.87806159954261e-07
4,"finished",0.000242544141307425
5,"finished",0.000210413013080816
6,"finished",9.00372033724334e-07
1,"continuously",9.79901332843977e-06
2,"continuously",9.68777191814362e-06
3,"continuously",1.86439293590395e-05
4,"continuously",0.000605065633653043
5,"continuously",9.22128742585246e-06
6,"continuously",9.00372033724334e-07
1,"runs",0.000526474261555264
2,"runs",8.01442949591881e-05
3,"runs",8.87806159954261e-07
4,"runs",4.40204669276821e-05
5,"runs",9.22128742585246e-06
6,"runs",9.00372033724334e-07
1,"forget",8.90819393494524e-07
2,"forget",8.80706538013056e-07
3,"forget",0.000196205161349891
4,"forget",0.00019938682079009
5,"forget",8.38298856895678e-07
6,"forget",2.79115330454544e-05
1,"named",8.90819393494524e-07
2,"named",8.80706538013056e-07
3,"named",8.96684221553803e-05
4,"named",8.63146410346709e-07
5,"named",8.38298856895678e-07
6,"named",9.00372033724334e-07
1,"section",8.90819393494524e-07
2,"section",8.80706538013056e-07
3,"section",0.00155454858607991
4,"section",9.4946105138138e-06
5,"section",8.38298856895678e-07
6,"section",9.00372033724334e-07
1,"mistake",0.000321585801051523
2,"mistake",8.80706538013056e-07
3,"mistake",8.87806159954261e-07
4,"mistake",8.63146410346709e-07
5,"mistake",8.38298856895678e-07
6,"mistake",9.00372033724334e-07
1,"party",8.90819393494524e-07
2,"party",8.80706538013056e-07
3,"party",8.87806159954261e-07
4,"party",8.63146410346709e-07
5,"party",8.38298856895678e-07
6,"party",0.000388060346535188
1,"around",8.90819393494524e-07
2,"around",0.00111057094443446
3,"around",8.87806159954261e-07
4,"around",3.53890028242151e-05
5,"around",8.38298856895678e-07
6,"around",0.000730201719350435
1,"unresponsive",8.90819393494524e-07
2,"unresponsive",8.80706538013056e-07
3,"unresponsive",8.87806159954261e-07
4,"unresponsive",0.000561908313135707
5,"unresponsive",8.38298856895678e-07
6,"unresponsive",9.00372033724334e-07
1,"tune",8.10645648080017e-05
2,"tune",8.80706538013056e-07
3,"tune",8.07903605558377e-05
4,"tune",8.63146410346709e-07
5,"tune",8.38298856895678e-07
6,"tune",0.000271011982151025
1,"files",0.0015776411458788
2,"files",8.80706538013056e-07
3,"files",2.75219909585821e-05
4,"files",8.63146410346709e-07
5,"files",8.38298856895678e-07
6,"files",9.00372033724334e-07
1,"installation",8.90819393494524e-07
2,"installation",1.84948372982742e-05
3,"installation",8.87806159954261e-07
4,"installation",3.53890028242151e-05
5,"installation",8.38298856895678e-07
6,"installation",9.00372033724334e-07
1,"atleast",8.90819393494524e-07
2,"atleast",8.80706538013056e-07
3,"atleast",8.87806159954261e-07
4,"atleast",8.63146410346709e-07
5,"atleast",0.000679860372942395
6,"atleast",9.00372033724334e-07
1,"refund",8.90819393494524e-07
2,"refund",0.000406005714024019
3,"refund",8.87806159954261e-07
4,"refund",8.63146410346709e-07
5,"refund",8.38298856895678e-07
6,"refund",9.00372033724334e-07
1,"closes",0.00136384449144012
2,"closes",8.80706538013056e-07
3,"closes",8.87806159954261e-07
4,"closes",8.63146410346709e-07
5,"closes",9.22128742585246e-06
6,"closes",9.00372033724334e-07
1,"regular",8.90819393494524e-07
2,"regular",0.000546918760106107
3,"regular",8.87806159954261e-07
4,"regular",4.40204669276821e-05
5,"regular",8.38298856895678e-07
6,"regular",9.00372033724334e-07
1,"basis",8.90819393494524e-07
2,"basis",0.000361970387123366
3,"basis",8.87806159954261e-07
4,"basis",4.40204669276821e-05
5,"basis",8.38298856895678e-07
6,"basis",9.00372033724334e-07
1,"purchased",8.90819393494524e-07
2,"purchased",0.000344356256363105
3,"purchased",8.87806159954261e-07
4,"purchased",8.63146410346709e-07
5,"purchased",8.38298856895678e-07
6,"purchased",9.00372033724334e-07
1,"y'all",8.90819393494524e-07
2,"y'all",8.80706538013056e-07
3,"y'all",0.00077327916532016
4,"y'all",8.63146410346709e-07
5,"y'all",8.38298856895678e-07
6,"y'all",7.29301347316712e-05
1,"dogshit",8.90819393494524e-07
2,"dogshit",8.80706538013056e-07
3,"dogshit",1.86439293590395e-05
4,"dogshit",1.81260746172809e-05
5,"dogshit",0.000109817150253334
6,"dogshit",9.00372033724334e-07
1,"facebook",8.90819393494524e-07
2,"facebook",0.00104892148677355
3,"facebook",8.87806159954261e-07
4,"facebook",9.4946105138138e-06
5,"facebook",1.76042759948093e-05
6,"facebook",9.90409237096768e-06
1,"japanese",8.90819393494524e-07
2,"japanese",8.80706538013056e-07
3,"japanese",9.76586775949687e-06
4,"japanese",8.63146410346709e-07
5,"japanese",8.38298856895678e-07
6,"japanese",0.000225993380464808
1,"chinese",8.90819393494524e-07
2,"chinese",1.84948372982742e-05
3,"chinese",8.87806159954261e-07
4,"chinese",8.63146410346709e-07
5,"chinese",2.5987264563766e-05
6,"chinese",0.000126952456755131
1,"significantly",8.90819393494524e-07
2,"significantly",8.80706538013056e-07
3,"significantly",8.87806159954261e-07
4,"significantly",9.58092515484846e-05
5,"significantly",9.22128742585246e-06
6,"significantly",9.00372033724334e-07
1,"lofi",8.90819393494524e-07
2,"lofi",8.80706538013056e-07
3,"lofi",3.64000525581247e-05
4,"lofi",8.63146410346709e-07
5,"lofi",6.790220740855e-05
6,"lofi",9.00372033724334e-07
1,"relax",8.90819393494524e-07
2,"relax",0.000141793752620102
3,"relax",8.87806159954261e-07
4,"relax",8.63146410346709e-07
5,"relax",8.38298856895678e-07
6,"relax",9.00372033724334e-07
1,"talk",8.90819393494524e-07
2,"talk",8.80706538013056e-07
3,"talk",0.000373766393340744
4,"talk",3.53890028242151e-05
5,"talk",8.38298856895678e-07
6,"talk",9.00372033724334e-07
1,"bruno",8.90819393494524e-07
2,"bruno",5.37230988187964e-05
3,"bruno",9.76586775949687e-06
4,"bruno",8.63146410346709e-07
5,"bruno",8.38298856895678e-07
6,"bruno",9.00372033724334e-07
1,"operate",8.90819393494524e-07
2,"operate",3.61089680585353e-05
3,"operate",8.87806159954261e-07
4,"operate",8.63146410346709e-07
5,"operate",8.38298856895678e-07
6,"operate",0.000180974778778591
1,"incredible",8.90819393494524e-07
2,"incredible",8.80706538013056e-07
3,"incredible",8.87806159954261e-07
4,"incredible",8.63146410346709e-07
5,"incredible",8.38298856895678e-07
6,"incredible",0.000433078948221405
1,"canceled",8.90819393494524e-07
2,"canceled",0.000502883433205455
3,"canceled",8.87806159954261e-07
4,"canceled",8.63146410346709e-07
5,"canceled",8.38298856895678e-07
6,"canceled",9.00372033724334e-07
1,"mobiles",8.90819393494524e-07
2,"mobiles",8.80706538013056e-07
3,"mobiles",8.87806159954261e-07
4,"mobiles",1.81260746172809e-05
5,"mobiles",8.38298856895678e-07
6,"mobiles",8.19338550689144e-05
1,"format",8.90819393494524e-07
2,"format",7.13372295790575e-05
3,"format",0.000231717407748062
4,"format",8.63146410346709e-07
5,"format",8.38298856895678e-07
6,"format",9.00372033724334e-07
1,"worthless",8.90819393494524e-07
2,"worthless",8.80706538013056e-07
3,"worthless",8.87806159954261e-07
4,"worthless",8.63146410346709e-07
5,"worthless",9.22128742585246e-06
6,"worthless",0.000162967338104105
1,"o",8.90819393494524e-07
2,"o",8.80706538013056e-07
3,"o",9.76586775949687e-06
4,"o",8.63146410346709e-07
5,"o",8.38298856895678e-07
6,"o",0.000370052905860702
1,"permanently",8.90819393494524e-07
2,"permanently",8.80706538013056e-07
3,"permanently",0.000240595469347605
4,"permanently",1.81260746172809e-05
5,"permanently",8.38298856895678e-07
6,"permanently",9.00372033724334e-07
1,"repeatedly",8.90819393494524e-07
2,"repeatedly",8.80706538013056e-07
3,"repeatedly",8.87806159954261e-07
4,"repeatedly",0.000674117346480779
5,"repeatedly",8.38298856895678e-07
6,"repeatedly",9.00372033724334e-07
1,"willing",8.90819393494524e-07
2,"willing",8.80706538013056e-07
3,"willing",8.87806159954261e-07
4,"willing",9.4946105138138e-06
5,"willing",5.11362302706364e-05
6,"willing",9.99412957434012e-05
1,"expecting",8.90819393494524e-07
2,"expecting",8.80706538013056e-07
3,"expecting",7.19122989562951e-05
4,"expecting",8.63146410346709e-07
5,"expecting",8.38298856895678e-07
6,"expecting",2.79115330454544e-05
1,"wide",8.90819393494524e-07
2,"wide",8.80706538013056e-07
3,"wide",8.87806159954261e-07
4,"wide",8.63146410346709e-07
5,"wide",8.38298856895678e-07
6,"wide",0.00102732449047947
1,"offering",8.90819393494524e-07
2,"offering",8.80706538013056e-07
3,"offering",0.000160692914951721
4,"offering",8.63146410346709e-07
5,"offering",8.38298856895678e-07
6,"offering",9.00372033724334e-07
1,"experienced",8.90819393494524e-07
2,"experienced",0.000529304629345846
3,"experienced",3.64000525581247e-05
4,"experienced",8.63146410346709e-07
5,"experienced",8.38298856895678e-07
6,"experienced",9.00372033724334e-07
1,"apparently",0.000766995497798785
2,"apparently",2.73019026784047e-05
3,"apparently",8.87806159954261e-07
4,"apparently",8.63146410346709e-07
5,"apparently",8.38298856895678e-07
6,"apparently",9.00372033724334e-07
1,"hacked",8.90819393494524e-07
2,"hacked",0.000520497563965716
3,"hacked",8.87806159954261e-07
4,"hacked",8.63146410346709e-07
5,"hacked",8.38298856895678e-07
6,"hacked",9.00372033724334e-07
1,"confirmation",8.90819393494524e-07
2,"confirmation",1.84948372982742e-05
3,"confirmation",3.64000525581247e-05
4,"confirmation",8.63146410346709e-07
5,"confirmation",8.38298856895678e-07
6,"confirmation",9.00372033724334e-07
1,"enjoyable",9.79901332843977e-06
2,"enjoyable",8.80706538013056e-07
3,"enjoyable",8.87806159954261e-07
4,"enjoyable",8.63146410346709e-07
5,"enjoyable",8.38298856895678e-07
6,"enjoyable",0.000370052905860702
1,"re-open",8.90819393494524e-07
2,"re-open",8.80706538013056e-07
3,"re-open",8.87806159954261e-07
4,"re-open",0.00013896657206582
5,"re-open",8.38298856895678e-07
6,"re-open",9.00372033724334e-07
1,"putting",6.32481769381112e-05
2,"putting",8.80706538013056e-07
3,"putting",0.000444790886137085
4,"putting",8.63146410346709e-07
5,"putting",0.000470285658718476
6,"putting",9.90409237096768e-06
1,"area",0.000490841485815483
2,"area",8.80706538013056e-07
3,"area",8.87806159954261e-07
4,"area",1.81260746172809e-05
5,"area",8.38298856895678e-07
6,"area",9.00372033724334e-07
1,"blocked",0.000179054698092399
2,"blocked",5.37230988187964e-05
3,"blocked",5.41561757572099e-05
4,"blocked",9.4946105138138e-06
5,"blocked",8.38298856895678e-07
6,"blocked",9.00372033724334e-07
1,"notifications",8.90819393494524e-07
2,"notifications",8.80706538013056e-07
3,"notifications",1.86439293590395e-05
4,"notifications",0.00194294256969044
5,"notifications",8.38298856895678e-07
6,"notifications",9.00372033724334e-07
1,"program",8.90819393494524e-07
2,"program",8.80706538013056e-07
3,"program",0.000524693440532968
4,"program",8.63146410346709e-07
5,"program",8.38298856895678e-07
6,"program",9.90409237096768e-06
1,"sadly",7.21563708730564e-05
2,"sadly",0.000238671471801538
3,"sadly",8.87806159954261e-07
4,"sadly",8.63146410346709e-07
5,"sadly",8.38298856895678e-07
6,"sadly",9.00372033724334e-07
1,"imaginable",8.90819393494524e-07
2,"imaginable",8.80706538013056e-07
3,"imaginable",8.87806159954261e-07
4,"imaginable",6.99148592380834e-05
5,"imaginable",8.38298856895678e-07
6,"imaginable",9.00372033724334e-07
1,"including",8.90819393494524e-07
2,"including",0.000775902459989502
3,"including",8.87806159954261e-07
4,"including",3.53890028242151e-05
5,"including",8.38298856895678e-07
6,"including",9.00372033724334e-07
1,"displayed",9.79901332843977e-06
2,"displayed",8.80706538013056e-07
3,"displayed",8.07903605558377e-05
4,"displayed",0.000441067815687168
5,"displayed",8.38298856895678e-07
6,"displayed",9.00372033724334e-07
1,"reopening",8.90819393494524e-07
2,"reopening",8.80706538013056e-07
3,"reopening",8.87806159954261e-07
4,"reopening",0.00034612171054903
5,"reopening",8.38298856895678e-07
6,"reopening",9.00372033724334e-07
1,"persist",0.000161238310222509
2,"persist",1.84948372982742e-05
3,"persist",8.87806159954261e-07
4,"persist",9.4946105138138e-06
5,"persist",8.38298856895678e-07
6,"persist",9.00372033724334e-07
1,"attempts",0.000277044831376797
2,"attempts",8.80706538013056e-07
3,"attempts",8.87806159954261e-07
4,"attempts",8.63146410346709e-07
5,"attempts",8.38298856895678e-07
6,"attempts",9.00372033724334e-07
1,"accessing",2.76154011983302e-05
2,"accessing",8.80706538013056e-07
3,"accessing",0.000187327099750349
4,"accessing",8.63146410346709e-07
5,"accessing",8.38298856895678e-07
6,"accessing",2.79115330454544e-05
1,"specifically",8.90819393494524e-07
2,"specifically",9.68777191814362e-06
3,"specifically",0.000196205161349891
4,"specifically",8.63146410346709e-07
5,"specifically",0.000311008875908297
6,"specifically",9.00372033724334e-07
1,"displaying",8.90819393494524e-07
2,"displaying",8.80706538013056e-07
3,"displaying",8.87806159954261e-07
4,"displaying",0.000518750992618372
5,"displaying",8.38298856895678e-07
6,"displaying",9.00372033724334e-07
1,"dates",8.90819393494524e-07
2,"dates",8.80706538013056e-07
3,"dates",8.96684221553803e-05
4,"dates",8.63146410346709e-07
5,"dates",8.38298856895678e-07
6,"dates",9.00372033724334e-07
1,"signed",8.90819393494524e-07
2,"signed",0.000863973113790808
3,"signed",8.87806159954261e-07
4,"signed",8.63146410346709e-07
5,"signed",8.38298856895678e-07
6,"signed",9.00372033724334e-07
1,"acting",8.90819393494524e-07
2,"acting",8.80706538013056e-07
3,"acting",8.87806159954261e-07
4,"acting",0.000630960025963444
5,"acting",8.38298856895678e-07
6,"acting",9.00372033724334e-07
1,"periods",8.90819393494524e-07
2,"periods",8.89513603393186e-05
3,"periods",8.87806159954261e-07
4,"periods",8.63146410346709e-07
5,"periods",8.38298856895678e-07
6,"periods",9.00372033724334e-07
1,"default",0.000179054698092399
2,"default",8.80706538013056e-07
3,"default",0.000613474056528394
4,"default",8.63146410346709e-07
5,"default",8.38298856895678e-07
6,"default",9.00372033724334e-07
1,"accident",8.90819393494524e-07
2,"accident",8.80706538013056e-07
3,"accident",5.41561757572099e-05
4,"accident",9.58092515484846e-05
5,"accident",8.38298856895678e-07
6,"accident",9.00372033724334e-07
1,"selections",8.90819393494524e-07
2,"selections",8.80706538013056e-07
3,"selections",8.87806159954261e-07
4,"selections",8.63146410346709e-07
5,"selections",3.43702531327228e-05
6,"selections",0.000460090109233135
1,"somewhat",8.90819393494524e-07
2,"somewhat",8.80706538013056e-07
3,"somewhat",0.000169570976551264
4,"somewhat",8.63146410346709e-07
5,"somewhat",8.38298856895678e-07
6,"somewhat",9.00372033724334e-07
1,"diverse",8.90819393494524e-07
2,"diverse",8.80706538013056e-07
3,"diverse",8.87806159954261e-07
4,"diverse",8.63146410346709e-07
5,"diverse",8.38298856895678e-07
6,"diverse",0.000144959897429618
1,"efforts",8.90819393494524e-07
2,"efforts",8.80706538013056e-07
3,"efforts",0.000107424545354466
4,"efforts",8.63146410346709e-07
5,"efforts",8.38298856895678e-07
6,"efforts",9.00372033724334e-07
1,"ie",8.90819393494524e-07
2,"ie",8.80706538013056e-07
3,"ie",9.76586775949687e-06
4,"ie",0.000130335107962353
5,"ie",8.38298856895678e-07
6,"ie",9.90409237096768e-06
1,"learned",8.90819393494524e-07
2,"learned",0.000124179621859841
3,"learned",8.87806159954261e-07
4,"learned",8.63146410346709e-07
5,"learned",8.38298856895678e-07
6,"learned",7.29301347316712e-05
1,"fair",8.90819393494524e-07
2,"fair",6.25301641989269e-05
3,"fair",0.000267229654146232
4,"fair",8.63146410346709e-07
5,"fair",8.38298856895678e-07
6,"fair",9.90409237096768e-06
1,"profits",8.90819393494524e-07
2,"profits",3.61089680585353e-05
3,"profits",8.87806159954261e-07
4,"profits",8.63146410346709e-07
5,"profits",8.38298856895678e-07
6,"profits",2.79115330454544e-05
1,"boycott",8.90819393494524e-07
2,"boycott",5.37230988187964e-05
3,"boycott",8.87806159954261e-07
4,"boycott",8.63146410346709e-07
5,"boycott",8.38298856895678e-07
6,"boycott",9.00372033724334e-07
1,"co",8.90819393494524e-07
2,"co",8.80706538013056e-07
3,"co",8.87806159954261e-07
4,"co",8.63146410346709e-07
5,"co",5.11362302706364e-05
6,"co",9.00372033724334e-07
1,"cuz",0.000232503861702071
2,"cuz",9.68777191814362e-06
3,"cuz",8.87806159954261e-07
4,"cuz",8.63146410346709e-07
5,"cuz",0.000998413938562753
6,"cuz",2.79115330454544e-05
1,"slider",1.8707207263385e-05
2,"slider",8.80706538013056e-07
3,"slider",0.000320498023743488
4,"slider",8.63146410346709e-07
5,"slider",8.38298856895678e-07
6,"slider",9.00372033724334e-07
1,"acts",0.000303769413181633
2,"acts",8.80706538013056e-07
3,"acts",8.87806159954261e-07
4,"acts",8.63146410346709e-07
5,"acts",8.38298856895678e-07
6,"acts",9.00372033724334e-07
1,"exact",8.90819393494524e-07
2,"exact",8.80706538013056e-07
3,"exact",9.76586775949687e-06
4,"exact",8.63146410346709e-07
5,"exact",0.000545732555839087
6,"exact",3.69152533826978e-05
1,"release",0.000223595667767126
2,"release",8.80706538013056e-07
3,"release",0.00077327916532016
4,"release",8.63146410346709e-07
5,"release",1.76042759948093e-05
6,"release",9.00372033724334e-07
1,"hides",8.90819393494524e-07
2,"hides",7.13372295790575e-05
3,"hides",8.87806159954261e-07
4,"hides",8.63146410346709e-07
5,"hides",8.38298856895678e-07
6,"hides",9.00372033724334e-07
1,"ny",8.10645648080017e-05
2,"ny",8.80706538013056e-07
3,"ny",8.87806159954261e-07
4,"ny",8.63146410346709e-07
5,"ny",3.43702531327228e-05
6,"ny",9.00372033724334e-07
1,"thankfully",2.76154011983302e-05
2,"thankfully",8.80706538013056e-07
3,"thankfully",8.87806159954261e-07
4,"thankfully",8.63146410346709e-07
5,"thankfully",2.5987264563766e-05
6,"thankfully",9.00372033724334e-07
1,"initial",8.90819393494524e-07
2,"initial",8.80706538013056e-07
3,"initial",8.87806159954261e-07
4,"initial",7.85463233415505e-05
5,"initial",8.38298856895678e-07
6,"initial",9.00372033724334e-07
1,"reshuffle",8.90819393494524e-07
2,"reshuffle",7.13372295790575e-05
3,"reshuffle",8.87806159954261e-07
4,"reshuffle",8.63146410346709e-07
5,"reshuffle",7.62851959775067e-05
6,"reshuffle",9.00372033724334e-07
1,"dissapointing",8.90819393494524e-07
2,"dissapointing",8.80706538013056e-07
3,"dissapointing",8.87806159954261e-07
4,"dissapointing",8.63146410346709e-07
5,"dissapointing",8.38298856895678e-07
6,"dissapointing",7.29301347316712e-05
1,"soundcloud",8.90819393494524e-07
2,"soundcloud",8.80706538013056e-07
3,"soundcloud",0.000320498023743488
4,"soundcloud",8.63146410346709e-07
5,"soundcloud",0.000562498532977
6,"soundcloud",9.00372033724334e-07
1,"learn",8.90819393494524e-07
2,"learn",1.84948372982742e-05
3,"learn",0.000142936791752636
4,"learn",8.63146410346709e-07
5,"learn",8.38298856895678e-07
6,"learn",0.000352045465186215
1,"unfair",8.90819393494524e-07
2,"unfair",5.37230988187964e-05
3,"unfair",8.87806159954261e-07
4,"unfair",8.63146410346709e-07
5,"unfair",0.000210413013080816
6,"unfair",9.00372033724334e-07
1,"unsubscribe",2.76154011983302e-05
2,"unsubscribe",0.00026509266794193
3,"unsubscribe",8.87806159954261e-07
4,"unsubscribe",5.26519310311492e-05
5,"unsubscribe",8.38298856895678e-07
6,"unsubscribe",9.00372033724334e-07
1,"window",9.79901332843977e-06
2,"window",8.80706538013056e-07
3,"window",8.87806159954261e-07
4,"window",0.000518750992618372
5,"window",8.38298856895678e-07
6,"window",9.00372033724334e-07
1,"fully",8.90819393494524e-07
2,"fully",8.80706538013056e-07
3,"fully",8.87806159954261e-07
4,"fully",0.000889903949067457
5,"fully",8.38298856895678e-07
6,"fully",9.00372033724334e-07
1,"unlock",8.90819393494524e-07
2,"unlock",8.80706538013056e-07
3,"unlock",8.87806159954261e-07
4,"unlock",0.000415173423376767
5,"unlock",8.38298856895678e-07
6,"unlock",9.00372033724334e-07
1,"contacted",8.90819393494524e-07
2,"contacted",0.000511690498585585
3,"contacted",8.87806159954261e-07
4,"contacted",8.63146410346709e-07
5,"contacted",8.38298856895678e-07
6,"contacted",9.00372033724334e-07
1,"intermittent",8.90819393494524e-07
2,"intermittent",8.80706538013056e-07
3,"intermittent",8.87806159954261e-07
4,"intermittent",0.000208018284893557
5,"intermittent",8.38298856895678e-07
6,"intermittent",9.00372033724334e-07
1,"models",8.90819393494524e-07
2,"models",5.37230988187964e-05
3,"models",8.87806159954261e-07
4,"models",9.4946105138138e-06
5,"models",9.22128742585246e-06
6,"models",9.00372033724334e-07
1,"bt",0.000187962892027345
2,"bt",1.84948372982742e-05
3,"bt",8.87806159954261e-07
4,"bt",9.4946105138138e-06
5,"bt",3.43702531327228e-05
6,"bt",0.000153963617766861
1,"recreate",8.90819393494524e-07
2,"recreate",8.80706538013056e-07
3,"recreate",9.76586775949687e-06
4,"recreate",8.63146410346709e-07
5,"recreate",5.11362302706364e-05
6,"recreate",9.00372033724334e-07
1,"ask",7.21563708730564e-05
2,"ask",8.80706538013056e-07
3,"ask",0.00112840162930186
4,"ask",8.63146410346709e-07
5,"ask",0.000260710944494556
6,"ask",1.8907812708211e-05
1,"multitude",8.90819393494524e-07
2,"multitude",7.13372295790575e-05
3,"multitude",8.87806159954261e-07
4,"multitude",8.63146410346709e-07
5,"multitude",8.38298856895678e-07
6,"multitude",9.00372033724334e-07
1,"functions",8.90819393494524e-07
2,"functions",8.80706538013056e-07
3,"functions",8.87806159954261e-07
4,"functions",0.000441067815687168
5,"functions",3.43702531327228e-05
6,"functions",0.000613153354966272
1,"guy's",8.90819393494524e-07
2,"guy's",8.80706538013056e-07
3,"guy's",8.87806159954261e-07
4,"guy's",8.63146410346709e-07
5,"guy's",8.38298856895678e-07
6,"guy's",8.19338550689144e-05
1,"items",8.90819393494524e-07
2,"items",8.89513603393186e-05
3,"items",8.87806159954261e-07
4,"items",7.85463233415505e-05
5,"items",3.43702531327228e-05
6,"items",9.00372033724334e-07
1,"unistalling",1.8707207263385e-05
2,"unistalling",8.80706538013056e-07
3,"unistalling",8.87806159954261e-07
4,"unistalling",8.63146410346709e-07
5,"unistalling",4.27532417016796e-05
6,"unistalling",9.00372033724334e-07
1,"respond",0.000544290649425154
2,"respond",0.000177022014140624
3,"respond",8.87806159954261e-07
4,"respond",8.63146410346709e-07
5,"respond",8.38298856895678e-07
6,"respond",9.00372033724334e-07
1,"trail",8.10645648080017e-05
2,"trail",8.80706538013056e-07
3,"trail",8.87806159954261e-07
4,"trail",8.63146410346709e-07
5,"trail",9.22128742585246e-06
6,"trail",9.00372033724334e-07
1,"alex",8.90819393494524e-07
2,"alex",8.80706538013056e-07
3,"alex",8.87806159954261e-07
4,"alex",8.63146410346709e-07
5,"alex",8.38298856895678e-07
6,"alex",7.29301347316712e-05
1,"unhide",8.90819393494524e-07
2,"unhide",8.80706538013056e-07
3,"unhide",8.96684221553803e-05
4,"unhide",8.63146410346709e-07
5,"unhide",8.38298856895678e-07
6,"unhide",3.69152533826978e-05
1,"endlessly",8.90819393494524e-07
2,"endlessly",8.80706538013056e-07
3,"endlessly",8.87806159954261e-07
4,"endlessly",1.81260746172809e-05
5,"endlessly",8.38298856895678e-07
6,"endlessly",5.49226940571845e-05
1,"buffers",0.000152330116287564
2,"buffers",8.80706538013056e-07
3,"buffers",8.87806159954261e-07
4,"buffers",9.4946105138138e-06
5,"buffers",8.38298856895678e-07
6,"buffers",9.00372033724334e-07
1,"rules",8.90819393494524e-07
2,"rules",9.68777191814362e-06
3,"rules",8.87806159954261e-07
4,"rules",8.63146410346709e-07
5,"rules",8.38298856895678e-07
6,"rules",7.29301347316712e-05
1,"guy",9.79901332843977e-06
2,"guy",8.80706538013056e-07
3,"guy",6.30342373567525e-05
4,"guy",8.63146410346709e-07
5,"guy",8.38298856895678e-07
6,"guy",9.09375754061579e-05
1,"feeling",2.76154011983302e-05
2,"feeling",8.80706538013056e-07
3,"feeling",8.87806159954261e-07
4,"feeling",9.4946105138138e-06
5,"feeling",8.38298856895678e-07
6,"feeling",0.000253004541476538
1,"sits",8.99727587429469e-05
2,"sits",5.37230988187964e-05
3,"sits",8.87806159954261e-07
4,"sits",8.63146410346709e-07
5,"sits",8.38298856895678e-07
6,"sits",9.00372033724334e-07
1,"shooting",9.88809526778921e-05
2,"shooting",9.68777191814362e-06
3,"shooting",8.87806159954261e-07
4,"shooting",8.63146410346709e-07
5,"shooting",8.38298856895678e-07
6,"shooting",9.00372033724334e-07
1,"outta",6.32481769381112e-05
2,"outta",8.80706538013056e-07
3,"outta",8.87806159954261e-07
4,"outta",8.63146410346709e-07
5,"outta",8.38298856895678e-07
6,"outta",9.00372033724334e-07
1,"remind",8.90819393494524e-07
2,"remind",5.37230988187964e-05
3,"remind",8.87806159954261e-07
4,"remind",8.63146410346709e-07
5,"remind",2.5987264563766e-05
6,"remind",9.00372033724334e-07
1,"interact",8.90819393494524e-07
2,"interact",1.84948372982742e-05
3,"interact",8.87806159954261e-07
4,"interact",0.000130335107962353
5,"interact",9.22128742585246e-06
6,"interact",9.00372033724334e-07
1,"requiring",8.90819393494524e-07
2,"requiring",8.80706538013056e-07
3,"requiring",9.76586775949687e-06
4,"requiring",0.000259807069514359
5,"requiring",8.38298856895678e-07
6,"requiring",9.90409237096768e-06
1,"common",8.90819393494524e-07
2,"common",9.77584257194491e-05
3,"common",0.000409278639738914
4,"common",8.63146410346709e-07
5,"common",8.38298856895678e-07
6,"common",9.00372033724334e-07
1,"complaint",9.79901332843977e-06
2,"complaint",8.80706538013056e-07
3,"complaint",8.87806159954261e-07
4,"complaint",8.63146410346709e-07
5,"complaint",8.38298856895678e-07
6,"complaint",0.000820238922722869
1,"reinstalls",8.90819393494524e-07
2,"reinstalls",9.68777191814362e-06
3,"reinstalls",8.87806159954261e-07
4,"reinstalls",6.12833951346163e-05
5,"reinstalls",8.38298856895678e-07
6,"reinstalls",9.00372033724334e-07
1,"persistent",8.90819393494524e-07
2,"persistent",8.80706538013056e-07
3,"persistent",8.87806159954261e-07
4,"persistent",0.000147598036169287
5,"persistent",8.38298856895678e-07
6,"persistent",9.90409237096768e-06
1,"known",9.79901332843977e-06
2,"known",9.68777191814362e-06
3,"known",9.76586775949687e-06
4,"known",1.81260746172809e-05
5,"known",9.22128742585246e-06
6,"known",0.000550127312605569
1,"direction",8.90819393494524e-07
2,"direction",8.01442949591881e-05
3,"direction",8.87806159954261e-07
4,"direction",8.63146410346709e-07
5,"direction",9.22128742585246e-06
6,"direction",9.00372033724334e-07
1,"sorts",8.90819393494524e-07
2,"sorts",8.80706538013056e-07
3,"sorts",8.87806159954261e-07
4,"sorts",5.26519310311492e-05
5,"sorts",8.38298856895678e-07
6,"sorts",9.99412957434012e-05
1,"assume",9.79901332843977e-06
2,"assume",8.01442949591881e-05
3,"assume",5.41561757572099e-05
4,"assume",8.63146410346709e-07
5,"assume",8.38298856895678e-07
6,"assume",9.00372033724334e-07
1,"paired",9.88809526778921e-05
2,"paired",8.80706538013056e-07
3,"paired",8.87806159954261e-07
4,"paired",8.63146410346709e-07
5,"paired",8.38298856895678e-07
6,"paired",9.00372033724334e-07
1,"revenue",8.90819393494524e-07
2,"revenue",8.80706538013056e-07
3,"revenue",8.87806159954261e-07
4,"revenue",8.63146410346709e-07
5,"revenue",4.27532417016796e-05
6,"revenue",9.90409237096768e-06
1,"trashy",8.90819393494524e-07
2,"trashy",8.80706538013056e-07
3,"trashy",0.000107424545354466
4,"trashy",8.63146410346709e-07
5,"trashy",8.38298856895678e-07
6,"trashy",9.00372033724334e-07
1,"1st",8.90819393494524e-07
2,"1st",8.80706538013056e-07
3,"1st",0.000187327099750349
4,"1st",1.81260746172809e-05
5,"1st",8.38298856895678e-07
6,"1st",7.29301347316712e-05
1,"interesting",8.90819393494524e-07
2,"interesting",8.80706538013056e-07
3,"interesting",8.87806159954261e-07
4,"interesting",8.63146410346709e-07
5,"interesting",8.38298856895678e-07
6,"interesting",0.000478097549907622
1,"dance",8.90819393494524e-07
2,"dance",8.80706538013056e-07
3,"dance",7.19122989562951e-05
4,"dance",8.63146410346709e-07
5,"dance",8.38298856895678e-07
6,"dance",9.00372033724334e-07
1,"rocking",2.76154011983302e-05
2,"rocking",8.80706538013056e-07
3,"rocking",9.76586775949687e-06
4,"rocking",8.63146410346709e-07
5,"rocking",8.38298856895678e-07
6,"rocking",9.90409237096768e-06
1,"wife",8.90819393494524e-07
2,"wife",0.000212250275661146
3,"wife",8.87806159954261e-07
4,"wife",8.63146410346709e-07
5,"wife",8.38298856895678e-07
6,"wife",9.00372033724334e-07
1,"visit",8.90819393494524e-07
2,"visit",1.84948372982742e-05
3,"visit",1.86439293590395e-05
4,"visit",9.4946105138138e-06
5,"visit",8.38298856895678e-07
6,"visit",9.00372033724334e-07
1,"individually",8.90819393494524e-07
2,"individually",8.80706538013056e-07
3,"individually",8.87806159954261e-07
4,"individually",9.4946105138138e-06
5,"individually",0.00032777485304621
6,"individually",9.00372033724334e-07
1,"catch",8.90819393494524e-07
2,"catch",0.000124179621859841
3,"catch",8.87806159954261e-07
4,"catch",8.63146410346709e-07
5,"catch",8.38298856895678e-07
6,"catch",9.00372033724334e-07
1,"manage",0.000633372588774607
2,"manage",8.80706538013056e-07
3,"manage",8.87806159954261e-07
4,"manage",8.63146410346709e-07
5,"manage",8.38298856895678e-07
6,"manage",9.00372033724334e-07
1,"art",8.90819393494524e-07
2,"art",2.73019026784047e-05
3,"art",0.000506937317333883
4,"art",8.63146410346709e-07
5,"art",8.38298856895678e-07
6,"art",9.00372033724334e-07
1,"causing",8.90819393494524e-07
2,"causing",8.80706538013056e-07
3,"causing",4.52781141576672e-05
4,"causing",0.000536013920825306
5,"causing",8.38298856895678e-07
6,"causing",9.00372033724334e-07
1,"dare",8.90819393494524e-07
2,"dare",3.61089680585353e-05
3,"dare",8.87806159954261e-07
4,"dare",9.4946105138138e-06
5,"dare",8.38298856895678e-07
6,"dare",1.8907812708211e-05
1,"ya",8.90819393494524e-07
2,"ya",9.68777191814362e-06
3,"ya",0.000364888331741201
4,"ya",8.63146410346709e-07
5,"ya",8.38298856895678e-07
6,"ya",9.00372033724334e-07
1,"reduces",4.54317890682208e-05
2,"reduces",9.68777191814362e-06
3,"reduces",8.87806159954261e-07
4,"reduces",8.63146410346709e-07
5,"reduces",8.38298856895678e-07
6,"reduces",9.00372033724334e-07
1,"permissions",0.000704638140254168
2,"permissions",8.80706538013056e-07
3,"permissions",8.87806159954261e-07
4,"permissions",8.63146410346709e-07
5,"permissions",8.38298856895678e-07
6,"permissions",9.00372033724334e-07
1,"brain",8.90819393494524e-07
2,"brain",8.80706538013056e-07
3,"brain",0.000107424545354466
4,"brain",8.63146410346709e-07
5,"brain",8.38298856895678e-07
6,"brain",2.79115330454544e-05
1,"reopen",9.79901332843977e-06
2,"reopen",8.80706538013056e-07
3,"reopen",8.87806159954261e-07
4,"reopen",0.0017703132876211
5,"reopen",2.5987264563766e-05
6,"reopen",9.00372033724334e-07
1,"incredibly",4.54317890682208e-05
2,"incredibly",8.80706538013056e-07
3,"incredibly",8.87806159954261e-07
4,"incredibly",0.000907166877274391
5,"incredibly",8.38298856895678e-07
6,"incredibly",9.00372033724334e-07
1,"address",8.90819393494524e-07
2,"address",0.00058214702162663
3,"address",8.87806159954261e-07
4,"address",8.63146410346709e-07
5,"address",8.38298856895678e-07
6,"address",9.00372033724334e-07
1,"enjoyed",8.90819393494524e-07
2,"enjoyed",5.37230988187964e-05
3,"enjoyed",0.000391522516539829
4,"enjoyed",8.63146410346709e-07
5,"enjoyed",0.000176881058804988
6,"enjoyed",4.59189737199411e-05
1,"output",8.90819393494524e-07
2,"output",8.80706538013056e-07
3,"output",7.19122989562951e-05
4,"output",6.12833951346163e-05
5,"output",8.38298856895678e-07
6,"output",9.00372033724334e-07
1,"addicted",2.76154011983302e-05
2,"addicted",8.80706538013056e-07
3,"addicted",2.75219909585821e-05
4,"addicted",8.63146410346709e-07
5,"addicted",8.38298856895678e-07
6,"addicted",2.79115330454544e-05
1,"seamless",8.90819393494524e-07
2,"seamless",8.80706538013056e-07
3,"seamless",8.87806159954261e-07
4,"seamless",8.63146410346709e-07
5,"seamless",8.38298856895678e-07
6,"seamless",0.000316030583837242
1,"advert",8.90819393494524e-07
2,"advert",9.68777191814362e-06
3,"advert",4.52781141576672e-05
4,"advert",8.63146410346709e-07
5,"advert",5.95192188395932e-05
6,"advert",9.00372033724334e-07
1,"unexpectedly",8.90819393494524e-07
2,"unexpectedly",8.80706538013056e-07
3,"unexpectedly",8.87806159954261e-07
4,"unexpectedly",0.000147598036169287
5,"unexpectedly",8.38298856895678e-07
6,"unexpectedly",1.8907812708211e-05
1,"cell",0.000544290649425154
2,"cell",8.80706538013056e-07
3,"cell",8.87806159954261e-07
4,"cell",9.4946105138138e-06
5,"cell",8.38298856895678e-07
6,"cell",9.00372033724334e-07
1,"upon",8.90819393494524e-07
2,"upon",0.000353163321743235
3,"upon",8.87806159954261e-07
4,"upon",6.99148592380834e-05
5,"upon",8.38298856895678e-07
6,"upon",9.00372033724334e-07
1,"surprise",8.90819393494524e-07
2,"surprise",0.000141793752620102
3,"surprise",8.87806159954261e-07
4,"surprise",8.63146410346709e-07
5,"surprise",8.38298856895678e-07
6,"surprise",9.00372033724334e-07
1,"netflix",0.000134513728417673
2,"netflix",8.80706538013056e-07
3,"netflix",8.87806159954261e-07
4,"netflix",8.63146410346709e-07
5,"netflix",8.38298856895678e-07
6,"netflix",9.00372033724334e-07
1,"brilliant",8.90819393494524e-07
2,"brilliant",9.68777191814362e-06
3,"brilliant",9.76586775949687e-06
4,"brilliant",8.63146410346709e-07
5,"brilliant",8.38298856895678e-07
6,"brilliant",0.000865257524409086
1,"design",8.90819393494524e-07
2,"design",3.61089680585353e-05
3,"design",0.000826547534917416
4,"design",8.63146410346709e-07
5,"design",8.38298856895678e-07
6,"design",4.59189737199411e-05
1,"intrusive",8.90819393494524e-07
2,"intrusive",8.80706538013056e-07
3,"intrusive",8.87806159954261e-07
4,"intrusive",8.63146410346709e-07
5,"intrusive",9.30511731154204e-05
6,"intrusive",9.00372033724334e-07
1,"chore",8.90819393494524e-07
2,"chore",7.13372295790575e-05
3,"chore",8.87806159954261e-07
4,"chore",8.63146410346709e-07
5,"chore",8.38298856895678e-07
6,"chore",9.00372033724334e-07
1,"tendency",8.90819393494524e-07
2,"tendency",8.80706538013056e-07
3,"tendency",4.52781141576672e-05
4,"tendency",8.63146410346709e-07
5,"tendency",8.38298856895678e-07
6,"tendency",9.00372033724334e-07
1,"ugly",8.90819393494524e-07
2,"ugly",8.80706538013056e-07
3,"ugly",0.000347132208542116
4,"ugly",8.63146410346709e-07
5,"ugly",8.38298856895678e-07
6,"ugly",9.00372033724334e-07
1,"compilation",8.90819393494524e-07
2,"compilation",8.80706538013056e-07
3,"compilation",1.86439293590395e-05
4,"compilation",8.63146410346709e-07
5,"compilation",8.38298856895678e-07
6,"compilation",4.59189737199411e-05
1,"silence",8.90819393494524e-07
2,"silence",8.80706538013056e-07
3,"silence",5.41561757572099e-05
4,"silence",5.26519310311492e-05
5,"silence",8.38298856895678e-07
6,"silence",9.00372033724334e-07
1,"gapless",8.99727587429469e-05
2,"gapless",8.80706538013056e-07
3,"gapless",8.87806159954261e-07
4,"gapless",8.63146410346709e-07
5,"gapless",8.38298856895678e-07
6,"gapless",9.00372033724334e-07
1,"transfer",0.000161238310222509
2,"transfer",8.01442949591881e-05
3,"transfer",9.76586775949687e-06
4,"transfer",2.6757538720748e-05
5,"transfer",2.5987264563766e-05
6,"transfer",9.00372033724334e-07
1,"speakers",2.76154011983302e-05
2,"speakers",8.80706538013056e-07
3,"speakers",8.87806159954261e-07
4,"speakers",0.0010625332311368
5,"speakers",8.38298856895678e-07
6,"speakers",9.00372033724334e-07
1,"unplayable",0.000481933291880538
2,"unplayable",9.68777191814362e-06
3,"unplayable",8.87806159954261e-07
4,"unplayable",8.63146410346709e-07
5,"unplayable",9.22128742585246e-06
6,"unplayable",9.00372033724334e-07
1,"introduce",8.90819393494524e-07
2,"introduce",8.80706538013056e-07
3,"introduce",7.19122989562951e-05
4,"introduce",8.63146410346709e-07
5,"introduce",3.43702531327228e-05
6,"introduce",3.69152533826978e-05
1,"theme",8.90819393494524e-07
2,"theme",8.80706538013056e-07
3,"theme",0.000222839346148519
4,"theme",8.63146410346709e-07
5,"theme",5.95192188395932e-05
6,"theme",9.00372033724334e-07
1,"anytime",1.8707207263385e-05
2,"anytime",8.80706538013056e-07
3,"anytime",9.76586775949687e-06
4,"anytime",0.000225281213100491
5,"anytime",8.38298856895678e-07
6,"anytime",0.000478097549907622
1,"bearable",8.90819393494524e-07
2,"bearable",8.80706538013056e-07
3,"bearable",8.87806159954261e-07
4,"bearable",6.12833951346163e-05
5,"bearable",8.38298856895678e-07
6,"bearable",9.00372033724334e-07
1,"leave",8.90819393494524e-07
2,"leave",6.25301641989269e-05
3,"leave",0.000986352643709183
4,"leave",0.000691380274687714
5,"leave",8.38298856895678e-07
6,"leave",9.00372033724334e-07
1,"snapchat",8.90819393494524e-07
2,"snapchat",8.80706538013056e-07
3,"snapchat",7.19122989562951e-05
4,"snapchat",8.63146410346709e-07
5,"snapchat",8.38298856895678e-07
6,"snapchat",9.00372033724334e-07
1,"thumbnail",5.43399830031659e-05
2,"thumbnail",8.80706538013056e-07
3,"thumbnail",8.87806159954261e-07
4,"thumbnail",8.63146410346709e-07
5,"thumbnail",8.38298856895678e-07
6,"thumbnail",9.00372033724334e-07
1,"appears",8.90819393494524e-07
2,"appears",8.80706538013056e-07
3,"appears",8.87806159954261e-07
4,"appears",0.000976218590102128
5,"appears",8.38298856895678e-07
6,"appears",9.00372033724334e-07
1,"link",8.90819393494524e-07
2,"link",0.00271345684361823
3,"link",8.87806159954261e-07
4,"link",8.63146410346709e-07
5,"link",8.38298856895678e-07
6,"link",9.00372033724334e-07
1,"listing",8.90819393494524e-07
2,"listing",8.80706538013056e-07
3,"listing",0.000320498023743488
4,"listing",6.12833951346163e-05
5,"listing",8.38298856895678e-07
6,"listing",9.00372033724334e-07
1,"related",7.21563708730564e-05
2,"related",8.80706538013056e-07
3,"related",0.000205083222949434
4,"related",8.63146410346709e-07
5,"related",1.76042759948093e-05
6,"related",0.000541123592268326
1,"amazingly",8.10645648080017e-05
2,"amazingly",8.80706538013056e-07
3,"amazingly",8.87806159954261e-07
4,"amazingly",1.81260746172809e-05
5,"amazingly",8.38298856895678e-07
6,"amazingly",5.49226940571845e-05
1,"one's",8.90819393494524e-07
2,"one's",8.80706538013056e-07
3,"one's",0.000151814853352178
4,"one's",8.63146410346709e-07
5,"one's",8.38298856895678e-07
6,"one's",9.00372033724334e-07
1,"supported",0.000116697340547783
2,"supported",8.80706538013056e-07
3,"supported",6.30342373567525e-05
4,"supported",8.63146410346709e-07
5,"supported",8.38298856895678e-07
6,"supported",9.00372033724334e-07
1,"clip",8.90819393494524e-07
2,"clip",8.80706538013056e-07
3,"clip",8.87806159954261e-07
4,"clip",8.63146410346709e-07
5,"clip",0.000218796001649772
6,"clip",9.00372033724334e-07
1,"clips",8.90819393494524e-07
2,"clips",8.80706538013056e-07
3,"clips",8.87806159954261e-07
4,"clips",6.12833951346163e-05
5,"clips",8.38298856895678e-07
6,"clips",8.19338550689144e-05
1,"secs",8.90819393494524e-07
2,"secs",0.000168214948760494
3,"secs",8.87806159954261e-07
4,"secs",7.85463233415505e-05
5,"secs",8.38298856895678e-07
6,"secs",9.00372033724334e-07
1,"translate",8.90819393494524e-07
2,"translate",8.80706538013056e-07
3,"translate",8.87806159954261e-07
4,"translate",8.63146410346709e-07
5,"translate",9.22128742585246e-06
6,"translate",0.000135956177092375
1,"editing",8.90819393494524e-07
2,"editing",8.80706538013056e-07
3,"editing",0.000196205161349891
4,"editing",8.63146410346709e-07
5,"editing",8.38298856895678e-07
6,"editing",5.49226940571845e-05
1,"extra",8.90819393494524e-07
2,"extra",9.68777191814362e-06
3,"extra",0.000675620487725192
4,"extra",8.63146410346709e-07
5,"extra",8.38298856895678e-07
6,"extra",1.8907812708211e-05
1,"core",8.90819393494524e-07
2,"core",8.80706538013056e-07
3,"core",0.000125180668553551
4,"core",8.63146410346709e-07
5,"core",8.38298856895678e-07
6,"core",9.00372033724334e-07
1,"happen",0.000891710212888019
2,"happen",0.00043242691016441
3,"happen",8.87806159954261e-07
4,"happen",0.000397910495169833
5,"happen",8.38298856895678e-07
6,"happen",9.00372033724334e-07
1,"file",0.000499749679750428
2,"file",8.80706538013056e-07
3,"file",8.87806159954261e-07
4,"file",8.63146410346709e-07
5,"file",8.38298856895678e-07
6,"file",9.00372033724334e-07
1,"dozens",8.10645648080017e-05
2,"dozens",8.80706538013056e-07
3,"dozens",8.87806159954261e-07
4,"dozens",8.63146410346709e-07
5,"dozens",8.38298856895678e-07
6,"dozens",2.79115330454544e-05
1,"shocking",8.90819393494524e-07
2,"shocking",8.80706538013056e-07
3,"shocking",8.87806159954261e-07
4,"shocking",8.71777874450176e-05
5,"shocking",8.38298856895678e-07
6,"shocking",9.00372033724334e-07
1,"appeared",8.90819393494524e-07
2,"appeared",8.80706538013056e-07
3,"appeared",2.75219909585821e-05
4,"appeared",8.63146410346709e-07
5,"appeared",0.000143349104529161
6,"appeared",9.00372033724334e-07
1,"canvas",1.8707207263385e-05
2,"canvas",8.80706538013056e-07
3,"canvas",0.000551327625331596
4,"canvas",8.63146410346709e-07
5,"canvas",8.38298856895678e-07
6,"canvas",9.00372033724334e-07
1,"failed",0.000446300516140757
2,"failed",8.80706538013056e-07
3,"failed",8.87806159954261e-07
4,"failed",8.63146410346709e-07
5,"failed",8.38298856895678e-07
6,"failed",9.00372033724334e-07
1,"probs",8.90819393494524e-07
2,"probs",7.13372295790575e-05
3,"probs",8.87806159954261e-07
4,"probs",8.63146410346709e-07
5,"probs",8.38298856895678e-07
6,"probs",9.00372033724334e-07
1,"undownload",8.90819393494524e-07
2,"undownload",8.80706538013056e-07
3,"undownload",8.87806159954261e-07
4,"undownload",9.4946105138138e-06
5,"undownload",8.38298856895678e-07
6,"undownload",9.99412957434012e-05
1,"lucky",8.90819393494524e-07
2,"lucky",4.49160334386658e-05
3,"lucky",4.52781141576672e-05
4,"lucky",0.000216649748997024
5,"lucky",8.38298856895678e-07
6,"lucky",9.00372033724334e-07
1,"uses",8.90819393494524e-07
2,"uses",0.000679024740808065
3,"uses",6.30342373567525e-05
4,"uses",8.63146410346709e-07
5,"uses",8.38298856895678e-07
6,"uses",9.00372033724334e-07
1,"watching",8.90819393494524e-07
2,"watching",8.80706538013056e-07
3,"watching",6.30342373567525e-05
4,"watching",0.000328858782342096
5,"watching",8.38298856895678e-07
6,"watching",9.00372033724334e-07
1,"movie",9.79901332843977e-06
2,"movie",8.80706538013056e-07
3,"movie",8.87806159954261e-07
4,"movie",8.63146410346709e-07
5,"movie",8.38298856895678e-07
6,"movie",0.000225993380464808
1,"interrupting",8.90819393494524e-07
2,"interrupting",0.000168214948760494
3,"interrupting",8.87806159954261e-07
4,"interrupting",8.63146410346709e-07
5,"interrupting",8.38298856895678e-07
6,"interrupting",9.00372033724334e-07
1,"clears",8.90819393494524e-07
2,"clears",8.80706538013056e-07
3,"clears",8.07903605558377e-05
4,"clears",8.63146410346709e-07
5,"clears",8.38298856895678e-07
6,"clears",9.00372033724334e-07
1,"warning",9.79901332843977e-06
2,"warning",0.000414812779404149
3,"warning",8.87806159954261e-07
4,"warning",8.63146410346709e-07
5,"warning",8.38298856895678e-07
6,"warning",9.00372033724334e-07
1,"worrying",8.90819393494524e-07
2,"worrying",8.80706538013056e-07
3,"worrying",3.64000525581247e-05
4,"worrying",9.4946105138138e-06
5,"worrying",8.38298856895678e-07
6,"worrying",9.00372033724334e-07
1,"harder",8.90819393494524e-07
2,"harder",8.80706538013056e-07
3,"harder",0.000515815378933425
4,"harder",8.63146410346709e-07
5,"harder",8.38298856895678e-07
6,"harder",9.00372033724334e-07
1,"complains",8.90819393494524e-07
2,"complains",8.80706538013056e-07
3,"complains",2.75219909585821e-05
4,"complains",9.4946105138138e-06
5,"complains",3.43702531327228e-05
6,"complains",9.00372033724334e-07
1,"drive",2.76154011983302e-05
2,"drive",0.00074067419846898
3,"drive",8.87806159954261e-07
4,"drive",1.81260746172809e-05
5,"drive",8.38298856895678e-07
6,"drive",9.00372033724334e-07
1,"adjusted",8.90819393494524e-07
2,"adjusted",5.37230988187964e-05
3,"adjusted",8.87806159954261e-07
4,"adjusted",8.63146410346709e-07
5,"adjusted",8.38298856895678e-07
6,"adjusted",9.00372033724334e-07
1,"useful",8.90819393494524e-07
2,"useful",8.80706538013056e-07
3,"useful",0.00070225467252382
4,"useful",8.63146410346709e-07
5,"useful",8.38298856895678e-07
6,"useful",0.000559131032942812
1,"enabling",8.90819393494524e-07
2,"enabling",8.80706538013056e-07
3,"enabling",8.87806159954261e-07
4,"enabling",3.53890028242151e-05
5,"enabling",3.43702531327228e-05
6,"enabling",9.00372033724334e-07
1,"listener",8.90819393494524e-07
2,"listener",8.80706538013056e-07
3,"listener",0.000276107715745775
4,"listener",8.63146410346709e-07
5,"listener",9.22128742585246e-06
6,"listener",9.00372033724334e-07
1,"onto",9.79901332843977e-06
2,"onto",0.000696638871568327
3,"onto",9.76586775949687e-06
4,"onto",8.63146410346709e-07
5,"onto",2.5987264563766e-05
6,"onto",9.00372033724334e-07
1,"gripe",8.90819393494524e-07
2,"gripe",8.80706538013056e-07
3,"gripe",0.000125180668553551
4,"gripe",2.6757538720748e-05
5,"gripe",8.38298856895678e-07
6,"gripe",9.00372033724334e-07
1,"responds",8.90819393494524e-07
2,"responds",8.80706538013056e-07
3,"responds",8.87806159954261e-07
4,"responds",8.63146410346709e-07
5,"responds",8.38298856895678e-07
6,"responds",5.49226940571845e-05
1,"btw",8.90819393494524e-07
2,"btw",0.000177022014140624
3,"btw",0.000151814853352178
4,"btw",8.63146410346709e-07
5,"btw",8.38298856895678e-07
6,"btw",9.00372033724334e-07
1,"arabic",8.90819393494524e-07
2,"arabic",8.80706538013056e-07
3,"arabic",9.85464837549228e-05
4,"arabic",8.63146410346709e-07
5,"arabic",8.38298856895678e-07
6,"arabic",9.00372033724334e-07
1,"learning",8.90819393494524e-07
2,"learning",8.80706538013056e-07
3,"learning",0.000160692914951721
4,"learning",8.63146410346709e-07
5,"learning",8.38298856895678e-07
6,"learning",0.000180974778778591
1,"programming",8.90819393494524e-07
2,"programming",4.49160334386658e-05
3,"programming",6.30342373567525e-05
4,"programming",8.63146410346709e-07
5,"programming",8.38298856895678e-07
6,"programming",9.00372033724334e-07
1,"higher",8.90819393494524e-07
2,"higher",8.80706538013056e-07
3,"higher",0.000542449563732053
4,"higher",8.63146410346709e-07
5,"higher",8.38298856895678e-07
6,"higher",9.00372033724334e-07
1,"bts",8.90819393494524e-07
2,"bts",8.80706538013056e-07
3,"bts",8.87806159954261e-07
4,"bts",8.63146410346709e-07
5,"bts",8.38298856895678e-07
6,"bts",0.000442082668558649
1,"abd",9.79901332843977e-06
2,"abd",2.73019026784047e-05
3,"abd",8.87806159954261e-07
4,"abd",8.63146410346709e-07
5,"abd",9.22128742585246e-06
6,"abd",9.90409237096768e-06
1,"sth",2.76154011983302e-05
2,"sth",8.80706538013056e-07
3,"sth",8.87806159954261e-07
4,"sth",1.81260746172809e-05
5,"sth",8.38298856895678e-07
6,"sth",9.00372033724334e-07
1,"copyright",8.90819393494524e-07
2,"copyright",8.80706538013056e-07
3,"copyright",8.87806159954261e-07
4,"copyright",8.63146410346709e-07
5,"copyright",8.38298856895678e-07
6,"copyright",0.00126142121924779
1,"lagging",0.000366126770726249
2,"lagging",0.00027389973332206
3,"lagging",8.87806159954261e-07
4,"lagging",8.63146410346709e-07
5,"lagging",8.38298856895678e-07
6,"lagging",9.00372033724334e-07
1,"pin",8.90819393494524e-07
2,"pin",8.80706538013056e-07
3,"pin",0.000231717407748062
4,"pin",8.63146410346709e-07
5,"pin",8.38298856895678e-07
6,"pin",9.00372033724334e-07
1,"rare",8.90819393494524e-07
2,"rare",8.80706538013056e-07
3,"rare",8.87806159954261e-07
4,"rare",8.63146410346709e-07
5,"rare",8.38298856895678e-07
6,"rare",0.000189978499115835
1,"offered",8.90819393494524e-07
2,"offered",8.80706538013056e-07
3,"offered",8.87806159954261e-07
4,"offered",8.63146410346709e-07
5,"offered",8.38298856895678e-07
6,"offered",0.000216989660127565
1,"firstly",8.90819393494524e-07
2,"firstly",8.80706538013056e-07
3,"firstly",1.86439293590395e-05
4,"firstly",8.63146410346709e-07
5,"firstly",0.000134966115960204
6,"firstly",9.00372033724334e-07
1,"direct",8.90819393494524e-07
2,"direct",0.000177022014140624
3,"direct",8.87806159954261e-07
4,"direct",8.63146410346709e-07
5,"direct",8.38298856895678e-07
6,"direct",4.59189737199411e-05
1,"shared",8.90819393494524e-07
2,"shared",3.61089680585353e-05
3,"shared",8.87806159954261e-07
4,"shared",8.63146410346709e-07
5,"shared",8.38298856895678e-07
6,"shared",0.000234997100802052
1,"title",1.8707207263385e-05
2,"title",8.80706538013056e-07
3,"title",0.000418156701338456
4,"title",8.71777874450176e-05
5,"title",5.11362302706364e-05
6,"title",9.00372033724334e-07
1,"ignores",4.54317890682208e-05
2,"ignores",1.84948372982742e-05
3,"ignores",8.87806159954261e-07
4,"ignores",8.63146410346709e-07
5,"ignores",8.38298856895678e-07
6,"ignores",2.79115330454544e-05
1,"biased",8.90819393494524e-07
2,"biased",3.61089680585353e-05
3,"biased",9.76586775949687e-06
4,"biased",8.63146410346709e-07
5,"biased",8.38298856895678e-07
6,"biased",9.00372033724334e-07
1,"intention",8.90819393494524e-07
2,"intention",8.80706538013056e-07
3,"intention",8.87806159954261e-07
4,"intention",8.63146410346709e-07
5,"intention",5.95192188395932e-05
6,"intention",9.90409237096768e-06
1,"essentially",3.65235951332755e-05
2,"essentially",8.80706538013056e-07
3,"essentially",8.87806159954261e-07
4,"essentially",7.85463233415505e-05
5,"essentially",8.38298856895678e-07
6,"essentially",9.00372033724334e-07
1,"realized",8.90819393494524e-07
2,"realized",8.80706538013056e-07
3,"realized",8.87806159954261e-07
4,"realized",8.63146410346709e-07
5,"realized",8.38298856895678e-07
6,"realized",0.000153963617766861
1,"depressing",8.90819393494524e-07
2,"depressing",9.68777191814362e-06
3,"depressing",4.52781141576672e-05
4,"depressing",8.63146410346709e-07
5,"depressing",8.38298856895678e-07
6,"depressing",9.00372033724334e-07
1,"admit",8.90819393494524e-07
2,"admit",0.000168214948760494
3,"admit",8.87806159954261e-07
4,"admit",8.63146410346709e-07
5,"admit",8.38298856895678e-07
6,"admit",9.00372033724334e-07
1,"refresh",0.000375034964661195
2,"refresh",8.80706538013056e-07
3,"refresh",8.87806159954261e-07
4,"refresh",8.63146410346709e-07
5,"refresh",8.38298856895678e-07
6,"refresh",9.00372033724334e-07
1,"released",8.90819393494524e-07
2,"released",0.000608568217767021
3,"released",8.87806159954261e-07
4,"released",8.63146410346709e-07
5,"released",8.38298856895678e-07
6,"released",9.00372033724334e-07
1,"hits",8.90819393494524e-07
2,"hits",8.80706538013056e-07
3,"hits",8.87806159954261e-07
4,"hits",8.63146410346709e-07
5,"hits",8.38298856895678e-07
6,"hits",0.000460090109233135
1,"follow",8.90819393494524e-07
2,"follow",1.84948372982742e-05
3,"follow",9.85464837549228e-05
4,"follow",8.63146410346709e-07
5,"follow",8.38298856895678e-07
6,"follow",0.000604149634629029
1,"dropped",8.90819393494524e-07
2,"dropped",0.000370777452503497
3,"dropped",9.76586775949687e-06
4,"dropped",3.53890028242151e-05
5,"dropped",8.38298856895678e-07
6,"dropped",9.00372033724334e-07
1,"quickly",8.90819393494524e-07
2,"quickly",8.80706538013056e-07
3,"quickly",0.000151814853352178
4,"quickly",0.000682748810584247
5,"quickly",9.22128742585246e-06
6,"quickly",1.8907812708211e-05
1,"generated",8.90819393494524e-07
2,"generated",8.80706538013056e-07
3,"generated",8.87806159954261e-07
4,"generated",8.63146410346709e-07
5,"generated",8.38298856895678e-07
6,"generated",0.000198982219453078
1,"holds",8.90819393494524e-07
2,"holds",5.37230988187964e-05
3,"holds",8.87806159954261e-07
4,"holds",8.63146410346709e-07
5,"holds",8.38298856895678e-07
6,"holds",9.00372033724334e-07
1,"gaps",3.65235951332755e-05
2,"gaps",8.80706538013056e-07
3,"gaps",8.87806159954261e-07
4,"gaps",8.63146410346709e-07
5,"gaps",8.38298856895678e-07
6,"gaps",1.8907812708211e-05
1,"bought",2.76154011983302e-05
2,"bought",0.000828744852270286
3,"bought",8.87806159954261e-07
4,"bought",8.63146410346709e-07
5,"bought",8.38298856895678e-07
6,"bought",9.00372033724334e-07
1,"stutters",8.90819393494524e-07
2,"stutters",9.77584257194491e-05
3,"stutters",9.76586775949687e-06
4,"stutters",8.63146410346709e-07
5,"stutters",8.38298856895678e-07
6,"stutters",9.00372033724334e-07
1,"discussion",8.90819393494524e-07
2,"discussion",4.49160334386658e-05
3,"discussion",8.87806159954261e-07
4,"discussion",8.63146410346709e-07
5,"discussion",8.38298856895678e-07
6,"discussion",9.00372033724334e-07
1,"thread",8.90819393494524e-07
2,"thread",4.49160334386658e-05
3,"thread",8.87806159954261e-07
4,"thread",8.63146410346709e-07
5,"thread",8.38298856895678e-07
6,"thread",9.00372033724334e-07
1,"april",8.90819393494524e-07
2,"april",8.80706538013056e-07
3,"april",8.87806159954261e-07
4,"april",0.000630960025963444
5,"april",8.38298856895678e-07
6,"april",9.00372033724334e-07
1,"seventeen",9.79901332843977e-06
2,"seventeen",0.000159407883380363
3,"seventeen",8.87806159954261e-07
4,"seventeen",8.63146410346709e-07
5,"seventeen",8.38298856895678e-07
6,"seventeen",9.00372033724334e-07
1,"solution",0.00115004783700143
2,"solution",8.80706538013056e-07
3,"solution",8.87806159954261e-07
4,"solution",8.63146410346709e-07
5,"solution",8.38298856895678e-07
6,"solution",9.00372033724334e-07
1,"resorted",8.90819393494524e-07
2,"resorted",4.49160334386658e-05
3,"resorted",8.87806159954261e-07
4,"resorted",8.63146410346709e-07
5,"resorted",8.38298856895678e-07
6,"resorted",9.00372033724334e-07
1,"care",8.90819393494524e-07
2,"care",0.000670217675427935
3,"care",0.000977474582109641
4,"care",8.63146410346709e-07
5,"care",8.38298856895678e-07
6,"care",9.00372033724334e-07
1,"command",8.90819393494524e-07
2,"command",9.68777191814362e-06
3,"command",8.87806159954261e-07
4,"command",9.58092515484846e-05
5,"command",1.76042759948093e-05
6,"command",9.00372033724334e-07
1,"methods",0.000205779279897235
2,"methods",8.80706538013056e-07
3,"methods",8.87806159954261e-07
4,"methods",8.63146410346709e-07
5,"methods",8.38298856895678e-07
6,"methods",9.00372033724334e-07
1,"radios",8.90819393494524e-07
2,"radios",8.80706538013056e-07
3,"radios",8.87806159954261e-07
4,"radios",8.63146410346709e-07
5,"radios",8.38298856895678e-07
6,"radios",0.000442082668558649
1,"que",8.90819393494524e-07
2,"que",8.80706538013056e-07
3,"que",4.52781141576672e-05
4,"que",0.0004065419592733
5,"que",8.38298856895678e-07
6,"que",9.00372033724334e-07
1,"complain",9.79901332843977e-06
2,"complain",0.000159407883380363
3,"complain",4.52781141576672e-05
4,"complain",8.63146410346709e-07
5,"complain",8.38298856895678e-07
6,"complain",0.000397064066872432
1,"shuffling",8.90819393494524e-07
2,"shuffling",8.80706538013056e-07
3,"shuffling",8.87806159954261e-07
4,"shuffling",8.63146410346709e-07
5,"shuffling",0.00114092474423502
6,"shuffling",9.00372033724334e-07
1,"famous",8.90819393494524e-07
2,"famous",8.80706538013056e-07
3,"famous",8.87806159954261e-07
4,"famous",8.63146410346709e-07
5,"famous",0.000118200138822291
6,"famous",9.00372033724334e-07
1,"boys",8.90819393494524e-07
2,"boys",3.61089680585353e-05
3,"boys",1.86439293590395e-05
4,"boys",9.4946105138138e-06
5,"boys",8.38298856895678e-07
6,"boys",9.00372033724334e-07
1,"movies",1.8707207263385e-05
2,"movies",8.80706538013056e-07
3,"movies",8.07903605558377e-05
4,"movies",8.63146410346709e-07
5,"movies",8.38298856895678e-07
6,"movies",9.00372033724334e-07
1,"devs",9.79901332843977e-06
2,"devs",9.77584257194491e-05
3,"devs",0.000116302606954008
4,"devs",0.000268438533617826
5,"devs",1.76042759948093e-05
6,"devs",9.00372033724334e-07
1,"homepage",0.000268136637441852
2,"homepage",8.80706538013056e-07
3,"homepage",8.87806159954261e-07
4,"homepage",8.63146410346709e-07
5,"homepage",8.38298856895678e-07
6,"homepage",6.39264143944278e-05
1,"fault",2.76154011983302e-05
2,"fault",0.000353163321743235
3,"fault",8.87806159954261e-07
4,"fault",8.63146410346709e-07
5,"fault",8.38298856895678e-07
6,"fault",9.00372033724334e-07
1,"perhaps",8.90819393494524e-07
2,"perhaps",8.80706538013056e-07
3,"perhaps",0.000169570976551264
4,"perhaps",8.63146410346709e-07
5,"perhaps",8.38298856895678e-07
6,"perhaps",1.8907812708211e-05
1,"kill",8.90819393494524e-07
2,"kill",8.80706538013056e-07
3,"kill",8.87806159954261e-07
4,"kill",0.00061369709775651
5,"kill",8.38298856895678e-07
6,"kill",9.00372033724334e-07
1,"unavailable",0.000321585801051523
2,"unavailable",0.000317935060222713
3,"unavailable",8.87806159954261e-07
4,"unavailable",8.63146410346709e-07
5,"unavailable",9.22128742585246e-06
6,"unavailable",9.00372033724334e-07
1,"upbeat",8.90819393494524e-07
2,"upbeat",8.80706538013056e-07
3,"upbeat",7.19122989562951e-05
4,"upbeat",8.63146410346709e-07
5,"upbeat",8.38298856895678e-07
6,"upbeat",9.00372033724334e-07
1,"intervals",8.90819393494524e-07
2,"intervals",8.80706538013056e-07
3,"intervals",8.87806159954261e-07
4,"intervals",0.000121703643858886
5,"intervals",8.38298856895678e-07
6,"intervals",9.00372033724334e-07
1,"furthermore",8.90819393494524e-07
2,"furthermore",8.80706538013056e-07
3,"furthermore",8.87806159954261e-07
4,"furthermore",8.63146410346709e-07
5,"furthermore",8.38298856895678e-07
6,"furthermore",6.39264143944278e-05
1,"suffer",8.90819393494524e-07
2,"suffer",7.13372295790575e-05
3,"suffer",8.87806159954261e-07
4,"suffer",8.63146410346709e-07
5,"suffer",8.38298856895678e-07
6,"suffer",4.59189737199411e-05
1,"karaoke",8.90819393494524e-07
2,"karaoke",8.80706538013056e-07
3,"karaoke",0.000169570976551264
4,"karaoke",8.63146410346709e-07
5,"karaoke",8.38298856895678e-07
6,"karaoke",5.49226940571845e-05
1,"utter",6.32481769381112e-05
2,"utter",8.80706538013056e-07
3,"utter",4.52781141576672e-05
4,"utter",8.63146410346709e-07
5,"utter",8.38298856895678e-07
6,"utter",9.00372033724334e-07
1,"recommendation",8.90819393494524e-07
2,"recommendation",8.80706538013056e-07
3,"recommendation",0.000142936791752636
4,"recommendation",8.63146410346709e-07
5,"recommendation",9.22128742585246e-06
6,"recommendation",0.000658171956652489
1,"vary",8.90819393494524e-07
2,"vary",8.80706538013056e-07
3,"vary",3.64000525581247e-05
4,"vary",8.63146410346709e-07
5,"vary",9.22128742585246e-06
6,"vary",3.69152533826978e-05
1,"trademark",8.90819393494524e-07
2,"trademark",8.80706538013056e-07
3,"trademark",8.87806159954261e-07
4,"trademark",8.63146410346709e-07
5,"trademark",8.38298856895678e-07
6,"trademark",0.00181064815981964
1,"dj",8.90819393494524e-07
2,"dj",8.80706538013056e-07
3,"dj",8.87806159954261e-07
4,"dj",8.63146410346709e-07
5,"dj",9.22128742585246e-06
6,"dj",0.000289019422825511
1,"train",8.90819393494524e-07
2,"train",5.37230988187964e-05
3,"train",8.87806159954261e-07
4,"train",8.63146410346709e-07
5,"train",8.38298856895678e-07
6,"train",4.59189737199411e-05
1,"commute",0.000143421922352618
2,"commute",8.80706538013056e-07
3,"commute",8.87806159954261e-07
4,"commute",8.63146410346709e-07
5,"commute",8.38298856895678e-07
6,"commute",9.00372033724334e-07
1,"interrupts",8.90819393494524e-07
2,"interrupts",9.68777191814362e-06
3,"interrupts",8.87806159954261e-07
4,"interrupts",8.63146410346709e-07
5,"interrupts",8.38298856895678e-07
6,"interrupts",9.99412957434012e-05
1,"blowing",1.8707207263385e-05
2,"blowing",2.73019026784047e-05
3,"blowing",8.87806159954261e-07
4,"blowing",8.63146410346709e-07
5,"blowing",8.38298856895678e-07
6,"blowing",9.00372033724334e-07
1,"developer",8.90819393494524e-07
2,"developer",8.80706538013056e-07
3,"developer",9.85464837549228e-05
4,"developer",8.63146410346709e-07
5,"developer",8.38298856895678e-07
6,"developer",0.000225993380464808
1,"bringing",8.90819393494524e-07
2,"bringing",8.80706538013056e-07
3,"bringing",8.87806159954261e-07
4,"bringing",9.4946105138138e-06
5,"bringing",2.5987264563766e-05
6,"bringing",0.000207985939790321
1,"credit",8.90819393494524e-07
2,"credit",0.00043242691016441
3,"credit",8.87806159954261e-07
4,"credit",8.63146410346709e-07
5,"credit",8.38298856895678e-07
6,"credit",9.00372033724334e-07
1,"followed",0.000179054698092399
2,"followed",8.80706538013056e-07
3,"followed",8.87806159954261e-07
4,"followed",8.63146410346709e-07
5,"followed",8.38298856895678e-07
6,"followed",5.49226940571845e-05
1,"scratched",0.000134513728417673
2,"scratched",3.61089680585353e-05
3,"scratched",8.87806159954261e-07
4,"scratched",8.63146410346709e-07
5,"scratched",8.38298856895678e-07
6,"scratched",9.00372033724334e-07
1,"instagram",9.79901332843977e-06
2,"instagram",9.68777191814362e-06
3,"instagram",0.00032937608534303
4,"instagram",8.63146410346709e-07
5,"instagram",8.38298856895678e-07
6,"instagram",9.00372033724334e-07
1,"downhill",8.90819393494524e-07
2,"downhill",8.80706538013056e-07
3,"downhill",0.000356010270141658
4,"downhill",9.4946105138138e-06
5,"downhill",8.38298856895678e-07
6,"downhill",9.00372033724334e-07
1,"average",8.90819393494524e-07
2,"average",8.80706538013056e-07
3,"average",0.000196205161349891
4,"average",8.63146410346709e-07
5,"average",8.38298856895678e-07
6,"average",9.00372033724334e-07
1,"struggles",0.000232503861702071
2,"struggles",8.80706538013056e-07
3,"struggles",8.87806159954261e-07
4,"struggles",9.4946105138138e-06
5,"struggles",8.38298856895678e-07
6,"struggles",9.00372033724334e-07
1,"travelling",2.76154011983302e-05
2,"travelling",0.00011537255647971
3,"travelling",8.87806159954261e-07
4,"travelling",8.63146410346709e-07
5,"travelling",1.76042759948093e-05
6,"travelling",9.00372033724334e-07
1,"staring",4.54317890682208e-05
2,"staring",8.80706538013056e-07
3,"staring",8.87806159954261e-07
4,"staring",8.63146410346709e-07
5,"staring",8.38298856895678e-07
6,"staring",9.00372033724334e-07
1,"besides",8.90819393494524e-07
2,"besides",9.68777191814362e-06
3,"besides",0.000134058730153093
4,"besides",8.63146410346709e-07
5,"besides",8.38298856895678e-07
6,"besides",0.000640164515978002
1,"boring",8.90819393494524e-07
2,"boring",8.80706538013056e-07
3,"boring",0.000364888331741201
4,"boring",8.63146410346709e-07
5,"boring",4.27532417016796e-05
6,"boring",9.00372033724334e-07
1,"seemed",8.90819393494524e-07
2,"seemed",0.000194636144900885
3,"seemed",1.86439293590395e-05
4,"seemed",8.63146410346709e-07
5,"seemed",8.38298856895678e-07
6,"seemed",1.8907812708211e-05
1,"returned",9.79901332843977e-06
2,"returned",0.00010656549109958
3,"returned",9.76586775949687e-06
4,"returned",8.63146410346709e-07
5,"returned",8.38298856895678e-07
6,"returned",9.00372033724334e-07
1,"re-installing",0.000161238310222509
2,"re-installing",9.68777191814362e-06
3,"re-installing",8.87806159954261e-07
4,"re-installing",8.63146410346709e-07
5,"re-installing",8.38298856895678e-07
6,"re-installing",9.00372033724334e-07
1,"updat",1.8707207263385e-05
2,"updat",8.80706538013056e-07
3,"updat",9.76586775949687e-06
4,"updat",8.63146410346709e-07
5,"updat",8.38298856895678e-07
6,"updat",2.79115330454544e-05
1,"sub",9.79901332843977e-06
2,"sub",0.000388391583263757
3,"sub",8.87806159954261e-07
4,"sub",8.63146410346709e-07
5,"sub",8.38298856895678e-07
6,"sub",1.8907812708211e-05
1,"freeze",3.65235951332755e-05
2,"freeze",8.80706538013056e-07
3,"freeze",8.87806159954261e-07
4,"freeze",0.000596434169549576
5,"freeze",8.38298856895678e-07
6,"freeze",9.00372033724334e-07
1,"sample",8.90819393494524e-07
2,"sample",8.80706538013056e-07
3,"sample",8.87806159954261e-07
4,"sample",8.63146410346709e-07
5,"sample",0.00027747692163247
6,"sample",9.00372033724334e-07
1,"popping",8.90819393494524e-07
2,"popping",5.37230988187964e-05
3,"popping",8.87806159954261e-07
4,"popping",8.63146410346709e-07
5,"popping",0.000336157841615167
6,"popping",9.00372033724334e-07
1,"finding",8.90819393494524e-07
2,"finding",8.80706538013056e-07
3,"finding",7.19122989562951e-05
4,"finding",8.63146410346709e-07
5,"finding",8.38298856895678e-07
6,"finding",0.00170260351577272
1,"layout",8.90819393494524e-07
2,"layout",8.80706538013056e-07
3,"layout",0.000853181719716044
4,"layout",8.63146410346709e-07
5,"layout",8.38298856895678e-07
6,"layout",9.00372033724334e-07
1,"saw",0.00019687108596229
2,"saw",8.80706538013056e-07
3,"saw",0.000134058730153093
4,"saw",8.63146410346709e-07
5,"saw",8.38298856895678e-07
6,"saw",9.00372033724334e-07
1,"checking",8.90819393494524e-07
2,"checking",0.000177022014140624
3,"checking",4.52781141576672e-05
4,"checking",8.63146410346709e-07
5,"checking",8.38298856895678e-07
6,"checking",9.00372033724334e-07
1,"wich",8.90819393494524e-07
2,"wich",8.80706538013056e-07
3,"wich",8.87806159954261e-07
4,"wich",8.63146410346709e-07
5,"wich",0.000218796001649772
6,"wich",9.00372033724334e-07
1,"ton",8.90819393494524e-07
2,"ton",8.80706538013056e-07
3,"ton",0.00025835159254669
4,"ton",8.63146410346709e-07
5,"ton",9.22128742585246e-06
6,"ton",0.000207985939790321
1,"countries",8.90819393494524e-07
2,"countries",8.80706538013056e-07
3,"countries",8.87806159954261e-07
4,"countries",8.63146410346709e-07
5,"countries",8.38298856895678e-07
6,"countries",0.000207985939790321
1,"american",8.90819393494524e-07
2,"american",3.61089680585353e-05
3,"american",8.87806159954261e-07
4,"american",9.4946105138138e-06
5,"american",8.38298856895678e-07
6,"american",2.79115330454544e-05
1,"infinite",8.90819393494524e-07
2,"infinite",8.80706538013056e-07
3,"infinite",0.000169570976551264
4,"infinite",8.63146410346709e-07
5,"infinite",2.5987264563766e-05
6,"infinite",9.90409237096768e-06
1,"plagued",8.90819393494524e-07
2,"plagued",8.80706538013056e-07
3,"plagued",6.30342373567525e-05
4,"plagued",8.63146410346709e-07
5,"plagued",8.38298856895678e-07
6,"plagued",9.00372033724334e-07
1,"corrupt",8.90819393494524e-07
2,"corrupt",8.80706538013056e-07
3,"corrupt",8.87806159954261e-07
4,"corrupt",9.4946105138138e-06
5,"corrupt",8.38298856895678e-07
6,"corrupt",7.29301347316712e-05
1,"june",9.79901332843977e-06
2,"june",8.80706538013056e-07
3,"june",8.87806159954261e-07
4,"june",0.000190755356686622
5,"june",8.38298856895678e-07
6,"june",9.00372033724334e-07
1,"eyes",8.90819393494524e-07
2,"eyes",8.80706538013056e-07
3,"eyes",7.19122989562951e-05
4,"eyes",8.63146410346709e-07
5,"eyes",8.38298856895678e-07
6,"eyes",1.8907812708211e-05
1,"stressing",8.99727587429469e-05
2,"stressing",8.80706538013056e-07
3,"stressing",1.86439293590395e-05
4,"stressing",8.63146410346709e-07
5,"stressing",8.38298856895678e-07
6,"stressing",9.00372033724334e-07
1,"temporarily",9.79901332843977e-06
2,"temporarily",8.80706538013056e-07
3,"temporarily",8.87806159954261e-07
4,"temporarily",0.000164860964376221
5,"temporarily",8.38298856895678e-07
6,"temporarily",9.00372033724334e-07
1,"travel",0.000241412055637016
2,"travel",8.80706538013056e-07
3,"travel",8.87806159954261e-07
4,"travel",8.63146410346709e-07
5,"travel",8.38298856895678e-07
6,"travel",9.00372033724334e-07
1,"theres",8.90819393494524e-07
2,"theres",0.00010656549109958
3,"theres",8.87806159954261e-07
4,"theres",4.40204669276821e-05
5,"theres",0.000671477384373439
6,"theres",9.90409237096768e-06
1,"possibly",8.90819393494524e-07
2,"possibly",8.80706538013056e-07
3,"possibly",0.000222839346148519
4,"possibly",8.63146410346709e-07
5,"possibly",9.22128742585246e-06
6,"possibly",9.00372033724334e-07
1,"freely",8.90819393494524e-07
2,"freely",2.73019026784047e-05
3,"freely",0.000107424545354466
4,"freely",8.63146410346709e-07
5,"freely",8.38298856895678e-07
6,"freely",2.79115330454544e-05
1,"restrict",8.90819393494524e-07
2,"restrict",8.80706538013056e-07
3,"restrict",8.87806159954261e-07
4,"restrict",8.63146410346709e-07
5,"restrict",3.43702531327228e-05
6,"restrict",9.90409237096768e-06
1,"answers",8.90819393494524e-07
2,"answers",8.80706538013056e-07
3,"answers",1.86439293590395e-05
4,"answers",7.85463233415505e-05
5,"answers",8.38298856895678e-07
6,"answers",9.00372033724334e-07
1,"rendered",8.90819393494524e-07
2,"rendered",8.80706538013056e-07
3,"rendered",8.87806159954261e-07
4,"rendered",0.000121703643858886
5,"rendered",8.38298856895678e-07
6,"rendered",9.00372033724334e-07
1,"huawei",8.90819393494524e-07
2,"huawei",1.84948372982742e-05
3,"huawei",9.76586775949687e-06
4,"huawei",0.000104440715651952
5,"huawei",8.38298856895678e-07
6,"huawei",9.00372033724334e-07
1,"p30",8.90819393494524e-07
2,"p30",8.80706538013056e-07
3,"p30",8.87806159954261e-07
4,"p30",4.40204669276821e-05
5,"p30",8.38298856895678e-07
6,"p30",2.79115330454544e-05
1,"pro",2.76154011983302e-05
2,"pro",8.80706538013056e-07
3,"pro",8.87806159954261e-07
4,"pro",0.000449699279790635
5,"pro",9.22128742585246e-06
6,"pro",6.39264143944278e-05
1,"fired",8.90819393494524e-07
2,"fired",5.37230988187964e-05
3,"fired",5.41561757572099e-05
4,"fired",9.4946105138138e-06
5,"fired",8.38298856895678e-07
6,"fired",9.00372033724334e-07
1,"bother",0.000187962892027345
2,"bother",0.000317935060222713
3,"bother",8.87806159954261e-07
4,"bother",8.63146410346709e-07
5,"bother",9.22128742585246e-06
6,"bother",9.00372033724334e-07
1,"priority",8.90819393494524e-07
2,"priority",8.80706538013056e-07
3,"priority",8.87806159954261e-07
4,"priority",8.63146410346709e-07
5,"priority",8.38298856895678e-07
6,"priority",5.49226940571845e-05
1,"fourteen",8.90819393494524e-07
2,"fourteen",0.000326742125602843
3,"fourteen",8.87806159954261e-07
4,"fourteen",8.63146410346709e-07
5,"fourteen",8.38298856895678e-07
6,"fourteen",8.19338550689144e-05
1,"bandcamp",8.90819393494524e-07
2,"bandcamp",8.80706538013056e-07
3,"bandcamp",8.87806159954261e-07
4,"bandcamp",2.6757538720748e-05
5,"bandcamp",8.38298856895678e-07
6,"bandcamp",4.59189737199411e-05
1,"fed",7.21563708730564e-05
2,"fed",0.000203443210281016
3,"fed",1.86439293590395e-05
4,"fed",9.4946105138138e-06
5,"fed",8.38298856895678e-07
6,"fed",9.00372033724334e-07
1,"exclusives",8.90819393494524e-07
2,"exclusives",8.80706538013056e-07
3,"exclusives",2.75219909585821e-05
4,"exclusives",8.63146410346709e-07
5,"exclusives",8.38298856895678e-07
6,"exclusives",2.79115330454544e-05
1,"bombarded",8.90819393494524e-07
2,"bombarded",4.49160334386658e-05
3,"bombarded",8.87806159954261e-07
4,"bombarded",8.63146410346709e-07
5,"bombarded",8.38298856895678e-07
6,"bombarded",9.09375754061579e-05
1,"helped",8.90819393494524e-07
2,"helped",8.80706538013056e-07
3,"helped",8.87806159954261e-07
4,"helped",8.63146410346709e-07
5,"helped",8.38298856895678e-07
6,"helped",0.000550127312605569
1,"displays",8.90819393494524e-07
2,"displays",9.68777191814362e-06
3,"displays",2.75219909585821e-05
4,"displays",0.000389279031066366
5,"displays",8.38298856895678e-07
6,"displays",9.00372033724334e-07
1,"artwork",9.79901332843977e-06
2,"artwork",8.80706538013056e-07
3,"artwork",8.87806159954261e-07
4,"artwork",8.63146410346709e-07
5,"artwork",3.43702531327228e-05
6,"artwork",0.000126952456755131
1,"pushing",8.90819393494524e-07
2,"pushing",8.80706538013056e-07
3,"pushing",0.000364888331741201
4,"pushing",9.4946105138138e-06
5,"pushing",8.38298856895678e-07
6,"pushing",9.90409237096768e-06
1,"spend",8.90819393494524e-07
2,"spend",0.000723060067708719
3,"spend",8.96684221553803e-05
4,"spend",8.63146410346709e-07
5,"spend",8.38298856895678e-07
6,"spend",9.00372033724334e-07
1,"draw",8.90819393494524e-07
2,"draw",8.80706538013056e-07
3,"draw",8.87806159954261e-07
4,"draw",3.53890028242151e-05
5,"draw",3.43702531327228e-05
6,"draw",9.00372033724334e-07
1,"randomize",8.90819393494524e-07
2,"randomize",8.80706538013056e-07
3,"randomize",9.76586775949687e-06
4,"randomize",8.63146410346709e-07
5,"randomize",0.000101434161684377
6,"randomize",9.00372033724334e-07
1,"throw",8.90819393494524e-07
2,"throw",8.80706538013056e-07
3,"throw",3.64000525581247e-05
4,"throw",8.63146410346709e-07
5,"throw",0.000143349104529161
6,"throw",9.00372033724334e-07
1,"february",9.88809526778921e-05
2,"february",9.68777191814362e-06
3,"february",8.87806159954261e-07
4,"february",8.63146410346709e-07
5,"february",8.38298856895678e-07
6,"february",2.79115330454544e-05
1,"car's",8.90819393494524e-07
2,"car's",8.80706538013056e-07
3,"car's",2.75219909585821e-05
4,"car's",0.00013896657206582
5,"car's",8.38298856895678e-07
6,"car's",9.00372033724334e-07
1,"halfway",8.90819393494524e-07
2,"halfway",8.80706538013056e-07
3,"halfway",8.87806159954261e-07
4,"halfway",0.000397910495169833
5,"halfway",8.38298856895678e-07
6,"halfway",2.79115330454544e-05
1,"playstation",8.90819393494524e-07
2,"playstation",8.80706538013056e-07
3,"playstation",8.87806159954261e-07
4,"playstation",8.63146410346709e-07
5,"playstation",2.5987264563766e-05
6,"playstation",0.000379056626197945
1,"deserves",8.90819393494524e-07
2,"deserves",8.80706538013056e-07
3,"deserves",0.000276107715745775
4,"deserves",8.63146410346709e-07
5,"deserves",8.38298856895678e-07
6,"deserves",9.00372033724334e-07
1,"begging",8.90819393494524e-07
2,"begging",8.80706538013056e-07
3,"begging",8.87806159954261e-07
4,"begging",8.63146410346709e-07
5,"begging",9.22128742585246e-06
6,"begging",0.000207985939790321
1,"post",8.90819393494524e-07
2,"post",0.000326742125602843
3,"post",8.87806159954261e-07
4,"post",8.63146410346709e-07
5,"post",8.38298856895678e-07
6,"post",2.79115330454544e-05
1,"neither",8.90819393494524e-07
2,"neither",1.84948372982742e-05
3,"neither",0.000231717407748062
4,"neither",0.000130335107962353
5,"neither",8.38298856895678e-07
6,"neither",9.00372033724334e-07
1,"setup",8.90819393494524e-07
2,"setup",0.000141793752620102
3,"setup",8.87806159954261e-07
4,"setup",5.26519310311492e-05
5,"setup",8.38298856895678e-07
6,"setup",1.8907812708211e-05
1,"vacation",5.43399830031659e-05
2,"vacation",8.80706538013056e-07
3,"vacation",8.87806159954261e-07
4,"vacation",8.63146410346709e-07
5,"vacation",8.38298856895678e-07
6,"vacation",9.00372033724334e-07
1,"holder",8.90819393494524e-07
2,"holder",4.49160334386658e-05
3,"holder",8.87806159954261e-07
4,"holder",9.4946105138138e-06
5,"holder",8.38298856895678e-07
6,"holder",9.00372033724334e-07
1,"grew",5.43399830031659e-05
2,"grew",8.80706538013056e-07
3,"grew",8.87806159954261e-07
4,"grew",8.63146410346709e-07
5,"grew",8.38298856895678e-07
6,"grew",9.00372033724334e-07
1,"jre",8.90819393494524e-07
2,"jre",3.61089680585353e-05
3,"jre",9.76586775949687e-06
4,"jre",0.000665485882377313
5,"jre",8.38298856895678e-07
6,"jre",9.00372033724334e-07
1,"buffer",0.000170146504157454
2,"buffer",8.80706538013056e-07
3,"buffer",9.76586775949687e-06
4,"buffer",8.63146410346709e-07
5,"buffer",8.38298856895678e-07
6,"buffer",9.00372033724334e-07
1,"personally",8.90819393494524e-07
2,"personally",8.80706538013056e-07
3,"personally",8.87806159954261e-07
4,"personally",1.81260746172809e-05
5,"personally",8.38298856895678e-07
6,"personally",0.000622157075303515
1,"honest",8.90819393494524e-07
2,"honest",8.80706538013056e-07
3,"honest",8.87806159954261e-07
4,"honest",8.63146410346709e-07
5,"honest",5.95192188395932e-05
6,"honest",0.000505108710919352
1,"claims",8.90819393494524e-07
2,"claims",3.61089680585353e-05
3,"claims",8.87806159954261e-07
4,"claims",8.63146410346709e-07
5,"claims",8.46681845464636e-05
6,"claims",9.00372033724334e-07
1,"crushing",8.90819393494524e-07
2,"crushing",0.00010656549109958
3,"crushing",8.87806159954261e-07
4,"crushing",8.63146410346709e-07
5,"crushing",8.38298856895678e-07
6,"crushing",9.00372033724334e-07
1,"react",8.90819393494524e-07
2,"react",8.80706538013056e-07
3,"react",8.87806159954261e-07
4,"react",0.000147598036169287
5,"react",8.38298856895678e-07
6,"react",9.00372033724334e-07
1,"recommending",8.90819393494524e-07
2,"recommending",8.80706538013056e-07
3,"recommending",8.87806159954261e-07
4,"recommending",8.63146410346709e-07
5,"recommending",9.22128742585246e-06
6,"recommending",0.000496104990582108
1,"encounter",8.90819393494524e-07
2,"encounter",8.80706538013056e-07
3,"encounter",8.07903605558377e-05
4,"encounter",9.4946105138138e-06
5,"encounter",8.38298856895678e-07
6,"encounter",9.00372033724334e-07
1,"redownloading",0.000312677607116578
2,"redownloading",8.80706538013056e-07
3,"redownloading",9.76586775949687e-06
4,"redownloading",9.4946105138138e-06
5,"redownloading",8.38298856895678e-07
6,"redownloading",9.00372033724334e-07
1,"refreshing",0.000134513728417673
2,"refreshing",8.80706538013056e-07
3,"refreshing",8.87806159954261e-07
4,"refreshing",8.63146410346709e-07
5,"refreshing",8.38298856895678e-07
6,"refreshing",9.00372033724334e-07
1,"creat",8.90819393494524e-07
2,"creat",8.80706538013056e-07
3,"creat",8.87806159954261e-07
4,"creat",8.63146410346709e-07
5,"creat",3.43702531327228e-05
6,"creat",2.79115330454544e-05
1,"tuned",8.90819393494524e-07
2,"tuned",8.80706538013056e-07
3,"tuned",3.64000525581247e-05
4,"tuned",9.4946105138138e-06
5,"tuned",8.38298856895678e-07
6,"tuned",9.00372033724334e-07
1,"unlimited",8.90819393494524e-07
2,"unlimited",8.80706538013056e-07
3,"unlimited",9.76586775949687e-06
4,"unlimited",8.63146410346709e-07
5,"unlimited",0.00027747692163247
6,"unlimited",0.000424075227884162
1,"wonder",8.90819393494524e-07
2,"wonder",0.000529304629345846
3,"wonder",8.87806159954261e-07
4,"wonder",8.63146410346709e-07
5,"wonder",8.38298856895678e-07
6,"wonder",9.00372033724334e-07
1,"exclusive",4.54317890682208e-05
2,"exclusive",8.80706538013056e-07
3,"exclusive",0.000116302606954008
4,"exclusive",0.000216649748997024
5,"exclusive",8.38298856895678e-07
6,"exclusive",9.00372033724334e-07
1,"appreciate",8.90819393494524e-07
2,"appreciate",8.80706538013056e-07
3,"appreciate",8.87806159954261e-07
4,"appreciate",8.63146410346709e-07
5,"appreciate",8.38298856895678e-07
6,"appreciate",0.00112636541418914
1,"register",0.000285953025311742
2,"register",8.80706538013056e-07
3,"register",5.41561757572099e-05
4,"register",8.63146410346709e-07
5,"register",8.38298856895678e-07
6,"register",9.00372033724334e-07
1,"frustration",8.90819393494524e-07
2,"frustration",0.000185829079520755
3,"frustration",8.87806159954261e-07
4,"frustration",8.63146410346709e-07
5,"frustration",8.38298856895678e-07
6,"frustration",9.00372033724334e-07
1,"disgusting",8.90819393494524e-07
2,"disgusting",1.84948372982742e-05
3,"disgusting",0.000382644454940286
4,"disgusting",8.63146410346709e-07
5,"disgusting",8.38298856895678e-07
6,"disgusting",9.90409237096768e-06
1,"spending",1.8707207263385e-05
2,"spending",0.00010656549109958
3,"spending",1.86439293590395e-05
4,"spending",8.63146410346709e-07
5,"spending",8.38298856895678e-07
6,"spending",5.49226940571845e-05
1,"penny",8.90819393494524e-07
2,"penny",0.000194636144900885
3,"penny",8.87806159954261e-07
4,"penny",8.63146410346709e-07
5,"penny",8.38298856895678e-07
6,"penny",9.00372033724334e-07
1,"encountered",0.000134513728417673
2,"encountered",8.80706538013056e-07
3,"encountered",8.87806159954261e-07
4,"encountered",8.63146410346709e-07
5,"encountered",8.38298856895678e-07
6,"encountered",0.000117948736417888
1,"horrendous",8.90819393494524e-07
2,"horrendous",8.80706538013056e-07
3,"horrendous",0.000160692914951721
4,"horrendous",9.4946105138138e-06
5,"horrendous",8.38298856895678e-07
6,"horrendous",9.00372033724334e-07
1,"figured",9.79901332843977e-06
2,"figured",0.000247478537181669
3,"figured",5.41561757572099e-05
4,"figured",8.63146410346709e-07
5,"figured",8.38298856895678e-07
6,"figured",9.00372033724334e-07
1,"wasted",8.90819393494524e-07
2,"wasted",0.000291513864082322
3,"wasted",8.87806159954261e-07
4,"wasted",8.63146410346709e-07
5,"wasted",8.38298856895678e-07
6,"wasted",9.00372033724334e-07
1,"disable",8.90819393494524e-07
2,"disable",8.80706538013056e-07
3,"disable",0.000879815904514672
4,"disable",9.4946105138138e-06
5,"disable",9.22128742585246e-06
6,"disable",9.00372033724334e-07
1,"two0twotwo",8.90819393494524e-07
2,"two0twotwo",5.37230988187964e-05
3,"two0twotwo",8.87806159954261e-07
4,"two0twotwo",8.63146410346709e-07
5,"two0twotwo",8.38298856895678e-07
6,"two0twotwo",9.00372033724334e-07
1,"official",8.90819393494524e-07
2,"official",8.80706538013056e-07
3,"official",9.76586775949687e-06
4,"official",8.63146410346709e-07
5,"official",8.38298856895678e-07
6,"official",8.19338550689144e-05
1,"wi",8.90819393494524e-07
2,"wi",8.80706538013056e-07
3,"wi",8.87806159954261e-07
4,"wi",7.85463233415505e-05
5,"wi",8.38298856895678e-07
6,"wi",9.00372033724334e-07
1,"fi",8.90819393494524e-07
2,"fi",8.80706538013056e-07
3,"fi",8.87806159954261e-07
4,"fi",7.85463233415505e-05
5,"fi",8.38298856895678e-07
6,"fi",9.00372033724334e-07
1,"progress",4.54317890682208e-05
2,"progress",8.80706538013056e-07
3,"progress",4.52781141576672e-05
4,"progress",0.000449699279790635
5,"progress",8.38298856895678e-07
6,"progress",2.79115330454544e-05
1,"alone",8.90819393494524e-07
2,"alone",0.000687831806188196
3,"alone",8.87806159954261e-07
4,"alone",3.53890028242151e-05
5,"alone",8.38298856895678e-07
6,"alone",9.00372033724334e-07
1,"cash",1.8707207263385e-05
2,"cash",8.80706538013056e-07
3,"cash",8.87806159954261e-07
4,"cash",8.63146410346709e-07
5,"cash",0.000210413013080816
6,"cash",9.00372033724334e-07
1,"grab",8.90819393494524e-07
2,"grab",8.80706538013056e-07
3,"grab",0.000169570976551264
4,"grab",8.63146410346709e-07
5,"grab",8.38298856895678e-07
6,"grab",9.00372033724334e-07
1,"uninterrupted",8.90819393494524e-07
2,"uninterrupted",8.80706538013056e-07
3,"uninterrupted",8.87806159954261e-07
4,"uninterrupted",8.63146410346709e-07
5,"uninterrupted",0.000470285658718476
6,"uninterrupted",9.00372033724334e-07
1,"playin",8.90819393494524e-07
2,"playin",2.73019026784047e-05
3,"playin",8.87806159954261e-07
4,"playin",8.63146410346709e-07
5,"playin",1.76042759948093e-05
6,"playin",9.00372033724334e-07
1,"unbelievable",8.90819393494524e-07
2,"unbelievable",2.73019026784047e-05
3,"unbelievable",0.000125180668553551
4,"unbelievable",1.81260746172809e-05
5,"unbelievable",9.22128742585246e-06
6,"unbelievable",9.90409237096768e-06
1,"slight",8.90819393494524e-07
2,"slight",8.80706538013056e-07
3,"slight",8.87806159954261e-07
4,"slight",1.81260746172809e-05
5,"slight",9.22128742585246e-06
6,"slight",0.000108945016080645
1,"slide",8.90819393494524e-07
2,"slide",8.80706538013056e-07
3,"slide",0.000338254146942573
4,"slide",8.63146410346709e-07
5,"slide",8.38298856895678e-07
6,"slide",9.00372033724334e-07
1,"according",8.90819393494524e-07
2,"according",8.80706538013056e-07
3,"according",2.75219909585821e-05
4,"according",8.63146410346709e-07
5,"according",8.38298856895678e-07
6,"according",0.000496104990582108
1,"extended",9.79901332843977e-06
2,"extended",2.73019026784047e-05
3,"extended",8.87806159954261e-07
4,"extended",2.6757538720748e-05
5,"extended",8.38298856895678e-07
6,"extended",9.00372033724334e-07
1,"oldies",8.90819393494524e-07
2,"oldies",8.80706538013056e-07
3,"oldies",0.000142936791752636
4,"oldies",8.63146410346709e-07
5,"oldies",8.38298856895678e-07
6,"oldies",9.00372033724334e-07
1,"human",2.76154011983302e-05
2,"human",0.00011537255647971
3,"human",8.87806159954261e-07
4,"human",8.63146410346709e-07
5,"human",8.38298856895678e-07
6,"human",9.00372033724334e-07
1,"2x",9.79901332843977e-06
2,"2x",8.80706538013056e-07
3,"2x",2.75219909585821e-05
4,"2x",8.63146410346709e-07
5,"2x",8.38298856895678e-07
6,"2x",9.90409237096768e-06
1,"bothering",1.8707207263385e-05
2,"bothering",8.80706538013056e-07
3,"bothering",9.76586775949687e-06
4,"bothering",9.4946105138138e-06
5,"bothering",8.38298856895678e-07
6,"bothering",0.000117948736417888
1,"disabling",8.99727587429469e-05
2,"disabling",8.80706538013056e-07
3,"disabling",1.86439293590395e-05
4,"disabling",8.63146410346709e-07
5,"disabling",8.38298856895678e-07
6,"disabling",9.00372033724334e-07
1,"wrote",2.76154011983302e-05
2,"wrote",0.00026509266794193
3,"wrote",8.87806159954261e-07
4,"wrote",8.63146410346709e-07
5,"wrote",8.38298856895678e-07
6,"wrote",9.00372033724334e-07
1,"performance",8.90819393494524e-07
2,"performance",2.73019026784047e-05
3,"performance",8.87806159954261e-07
4,"performance",0.000700011738791181
5,"performance",8.38298856895678e-07
6,"performance",9.90409237096768e-06
1,"student",3.65235951332755e-05
2,"student",0.00043242691016441
3,"student",8.87806159954261e-07
4,"student",8.63146410346709e-07
5,"student",8.38298856895678e-07
6,"student",9.00372033724334e-07
1,"receiving",9.79901332843977e-06
2,"receiving",0.000132986687239971
3,"receiving",8.87806159954261e-07
4,"receiving",8.63146410346709e-07
5,"receiving",8.38298856895678e-07
6,"receiving",9.00372033724334e-07
1,"picks",8.90819393494524e-07
2,"picks",8.80706538013056e-07
3,"picks",2.75219909585821e-05
4,"picks",8.63146410346709e-07
5,"picks",0.000344540830184124
6,"picks",9.00372033724334e-07
1,"regardless",0.000277044831376797
2,"regardless",8.80706538013056e-07
3,"regardless",8.87806159954261e-07
4,"regardless",8.63146410346709e-07
5,"regardless",8.38298856895678e-07
6,"regardless",0.000162967338104105
1,"imagine",8.90819393494524e-07
2,"imagine",0.000361970387123366
3,"imagine",9.85464837549228e-05
4,"imagine",8.63146410346709e-07
5,"imagine",8.38298856895678e-07
6,"imagine",9.00372033724334e-07
1,"thinks",8.90819393494524e-07
2,"thinks",8.80706538013056e-07
3,"thinks",7.19122989562951e-05
4,"thinks",8.63146410346709e-07
5,"thinks",0.000336157841615167
6,"thinks",9.00372033724334e-07
1,"triggered",8.90819393494524e-07
2,"triggered",1.84948372982742e-05
3,"triggered",8.87806159954261e-07
4,"triggered",4.40204669276821e-05
5,"triggered",8.38298856895678e-07
6,"triggered",9.00372033724334e-07
1,"satisfied",8.90819393494524e-07
2,"satisfied",8.80706538013056e-07
3,"satisfied",8.87806159954261e-07
4,"satisfied",4.40204669276821e-05
5,"satisfied",8.38298856895678e-07
6,"satisfied",0.00100931704980498
1,"hearted",8.90819393494524e-07
2,"hearted",1.84948372982742e-05
3,"hearted",8.87806159954261e-07
4,"hearted",8.63146410346709e-07
5,"hearted",2.5987264563766e-05
6,"hearted",9.00372033724334e-07
1,"tested",8.90819393494524e-07
2,"tested",2.73019026784047e-05
3,"tested",8.87806159954261e-07
4,"tested",0.000130335107962353
5,"tested",8.38298856895678e-07
6,"tested",9.00372033724334e-07
1,"mention",8.90819393494524e-07
2,"mention",9.68777191814362e-06
3,"mention",0.000524693440532968
4,"mention",8.63146410346709e-07
5,"mention",5.95192188395932e-05
6,"mention",9.00372033724334e-07
1,"jio",9.88809526778921e-05
2,"jio",8.80706538013056e-07
3,"jio",8.87806159954261e-07
4,"jio",8.63146410346709e-07
5,"jio",8.38298856895678e-07
6,"jio",9.00372033724334e-07
1,"dissappear",8.90819393494524e-07
2,"dissappear",9.68777191814362e-06
3,"dissappear",8.87806159954261e-07
4,"dissappear",0.000242544141307425
5,"dissappear",9.22128742585246e-06
6,"dissappear",9.00372033724334e-07
1,"tabs",8.90819393494524e-07
2,"tabs",8.80706538013056e-07
3,"tabs",0.000142936791752636
4,"tabs",8.63146410346709e-07
5,"tabs",8.38298856895678e-07
6,"tabs",9.00372033724334e-07
1,"buffering",0.000357218576791304
2,"buffering",0.000150600818000232
3,"buffering",8.87806159954261e-07
4,"buffering",8.63146410346709e-07
5,"buffering",8.38298856895678e-07
6,"buffering",9.00372033724334e-07
1,"smoothly",0.000455208710075702
2,"smoothly",8.80706538013056e-07
3,"smoothly",8.87806159954261e-07
4,"smoothly",8.63146410346709e-07
5,"smoothly",8.38298856895678e-07
6,"smoothly",7.29301347316712e-05
1,"forces",8.90819393494524e-07
2,"forces",8.80706538013056e-07
3,"forces",8.87806159954261e-07
4,"forces",9.4946105138138e-06
5,"forces",0.000545732555839087
6,"forces",9.90409237096768e-06
1,"whatsapp",8.90819393494524e-07
2,"whatsapp",8.80706538013056e-07
3,"whatsapp",8.96684221553803e-05
4,"whatsapp",8.63146410346709e-07
5,"whatsapp",8.38298856895678e-07
6,"whatsapp",9.00372033724334e-07
1,"explanation",8.90819393494524e-07
2,"explanation",0.00010656549109958
3,"explanation",8.87806159954261e-07
4,"explanation",8.63146410346709e-07
5,"explanation",8.38298856895678e-07
6,"explanation",9.00372033724334e-07
1,"playes",8.90819393494524e-07
2,"playes",8.80706538013056e-07
3,"playes",2.75219909585821e-05
4,"playes",8.63146410346709e-07
5,"playes",8.38298856895678e-07
6,"playes",3.69152533826978e-05
1,"thingy",9.88809526778921e-05
2,"thingy",8.80706538013056e-07
3,"thingy",8.87806159954261e-07
4,"thingy",8.63146410346709e-07
5,"thingy",8.38298856895678e-07
6,"thingy",9.00372033724334e-07
1,"arent",8.10645648080017e-05
2,"arent",8.80706538013056e-07
3,"arent",8.87806159954261e-07
4,"arent",3.53890028242151e-05
5,"arent",0.000176881058804988
6,"arent",9.00372033724334e-07
1,"hundredths",8.90819393494524e-07
2,"hundredths",0.000529304629345846
3,"hundredths",8.87806159954261e-07
4,"hundredths",8.63146410346709e-07
5,"hundredths",8.38298856895678e-07
6,"hundredths",9.00372033724334e-07
1,"cus",8.90819393494524e-07
2,"cus",8.80706538013056e-07
3,"cus",0.000107424545354466
4,"cus",8.63146410346709e-07
5,"cus",8.38298856895678e-07
6,"cus",9.00372033724334e-07
1,"depending",8.90819393494524e-07
2,"depending",9.68777191814362e-06
3,"depending",8.87806159954261e-07
4,"depending",9.4946105138138e-06
5,"depending",8.38298856895678e-07
6,"depending",0.000198982219453078
1,"smooth",8.90819393494524e-07
2,"smooth",8.80706538013056e-07
3,"smooth",8.87806159954261e-07
4,"smooth",8.63146410346709e-07
5,"smooth",8.38298856895678e-07
6,"smooth",0.00114437285486363
1,"transition",8.90819393494524e-07
2,"transition",8.80706538013056e-07
3,"transition",8.87806159954261e-07
4,"transition",0.000104440715651952
5,"transition",8.38298856895678e-07
6,"transition",1.8907812708211e-05
1,"recommends",2.76154011983302e-05
2,"recommends",8.80706538013056e-07
3,"recommends",8.87806159954261e-07
4,"recommends",8.63146410346709e-07
5,"recommends",2.5987264563766e-05
6,"recommends",0.000460090109233135
1,"careful",8.90819393494524e-07
2,"careful",0.00011537255647971
3,"careful",9.76586775949687e-06
4,"careful",8.63146410346709e-07
5,"careful",8.38298856895678e-07
6,"careful",9.00372033724334e-07
1,"consideration",8.90819393494524e-07
2,"consideration",6.25301641989269e-05
3,"consideration",9.76586775949687e-06
4,"consideration",9.4946105138138e-06
5,"consideration",2.5987264563766e-05
6,"consideration",9.00372033724334e-07
1,"deserved",8.90819393494524e-07
2,"deserved",8.80706538013056e-07
3,"deserved",8.87806159954261e-07
4,"deserved",8.63146410346709e-07
5,"deserved",8.38298856895678e-07
6,"deserved",5.49226940571845e-05
1,"permission",8.90819393494524e-07
2,"permission",8.80706538013056e-07
3,"permission",8.87806159954261e-07
4,"permission",0.000777694915722384
5,"permission",8.38298856895678e-07
6,"permission",9.00372033724334e-07
1,"thr",8.90819393494524e-07
2,"thr",8.80706538013056e-07
3,"thr",8.87806159954261e-07
4,"thr",0.000130335107962353
5,"thr",3.43702531327228e-05
6,"thr",9.00372033724334e-07
1,"t",9.79901332843977e-06
2,"t",0.000132986687239971
3,"t",3.64000525581247e-05
4,"t",8.63146410346709e-07
5,"t",8.38298856895678e-07
6,"t",0.000280015702488268
1,"premuim",8.90819393494524e-07
2,"premuim",8.80706538013056e-07
3,"premuim",8.87806159954261e-07
4,"premuim",8.63146410346709e-07
5,"premuim",0.000134966115960204
6,"premuim",9.00372033724334e-07
1,"banner",5.43399830031659e-05
2,"banner",8.80706538013056e-07
3,"banner",8.87806159954261e-07
4,"banner",0.000423804887480234
5,"banner",8.38298856895678e-07
6,"banner",9.00372033724334e-07
1,"active",8.90819393494524e-07
2,"active",0.000414812779404149
3,"active",0.000107424545354466
4,"active",0.000104440715651952
5,"active",8.38298856895678e-07
6,"active",9.00372033724334e-07
1,"patient",8.90819393494524e-07
2,"patient",8.80706538013056e-07
3,"patient",4.52781141576672e-05
4,"patient",9.4946105138138e-06
5,"patient",8.38298856895678e-07
6,"patient",9.00372033724334e-07
1,"solved",0.000695729946319224
2,"solved",8.80706538013056e-07
3,"solved",8.87806159954261e-07
4,"solved",8.63146410346709e-07
5,"solved",8.38298856895678e-07
6,"solved",9.00372033724334e-07
1,"picked",8.90819393494524e-07
2,"picked",8.80706538013056e-07
3,"picked",8.87806159954261e-07
4,"picked",8.63146410346709e-07
5,"picked",0.000369689795890994
6,"picked",9.00372033724334e-07
1,"rlly",8.90819393494524e-07
2,"rlly",8.80706538013056e-07
3,"rlly",8.87806159954261e-07
4,"rlly",8.63146410346709e-07
5,"rlly",0.000185264047373945
6,"rlly",9.00372033724334e-07
1,"additionally",8.90819393494524e-07
2,"additionally",0.000141793752620102
3,"additionally",8.87806159954261e-07
4,"additionally",8.63146410346709e-07
5,"additionally",8.38298856895678e-07
6,"additionally",9.00372033724334e-07
1,"calls",0.000125605534482728
2,"calls",8.80706538013056e-07
3,"calls",0.000116302606954008
4,"calls",8.63146410346709e-07
5,"calls",8.38298856895678e-07
6,"calls",9.00372033724334e-07
1,"painful",8.90819393494524e-07
2,"painful",0.000141793752620102
3,"painful",8.87806159954261e-07
4,"painful",9.4946105138138e-06
5,"painful",8.38298856895678e-07
6,"painful",9.00372033724334e-07
1,"podcasters",8.90819393494524e-07
2,"podcasters",8.80706538013056e-07
3,"podcasters",1.86439293590395e-05
4,"podcasters",8.63146410346709e-07
5,"podcasters",3.43702531327228e-05
6,"podcasters",7.29301347316712e-05
1,"10s",8.90819393494524e-07
2,"10s",8.80706538013056e-07
3,"10s",8.87806159954261e-07
4,"10s",8.63146410346709e-07
5,"10s",2.5987264563766e-05
6,"10s",2.79115330454544e-05
1,"airplane",0.000250320249571961
2,"airplane",8.80706538013056e-07
3,"airplane",8.87806159954261e-07
4,"airplane",8.63146410346709e-07
5,"airplane",8.38298856895678e-07
6,"airplane",9.00372033724334e-07
1,"loosing",8.90819393494524e-07
2,"loosing",8.80706538013056e-07
3,"loosing",8.87806159954261e-07
4,"loosing",8.63146410346709e-07
5,"loosing",8.38298856895678e-07
6,"loosing",0.000162967338104105
1,"redirected",8.90819393494524e-07
2,"redirected",3.61089680585353e-05
3,"redirected",8.87806159954261e-07
4,"redirected",9.4946105138138e-06
5,"redirected",8.38298856895678e-07
6,"redirected",9.00372033724334e-07
1,"romanized",8.90819393494524e-07
2,"romanized",8.80706538013056e-07
3,"romanized",8.87806159954261e-07
4,"romanized",8.63146410346709e-07
5,"romanized",8.38298856895678e-07
6,"romanized",0.000171971058441348
1,"international",8.90819393494524e-07
2,"international",8.80706538013056e-07
3,"international",8.96684221553803e-05
4,"international",8.63146410346709e-07
5,"international",8.38298856895678e-07
6,"international",0.000117948736417888
1,"kpop",8.90819393494524e-07
2,"kpop",8.80706538013056e-07
3,"kpop",8.07903605558377e-05
4,"kpop",8.63146410346709e-07
5,"kpop",8.38298856895678e-07
6,"kpop",0.000189978499115835
1,"cluttered",8.90819393494524e-07
2,"cluttered",9.68777191814362e-06
3,"cluttered",8.87806159954261e-07
4,"cluttered",0.000130335107962353
5,"cluttered",8.38298856895678e-07
6,"cluttered",9.00372033724334e-07
1,"unsubscribed",8.90819393494524e-07
2,"unsubscribed",8.01442949591881e-05
3,"unsubscribed",8.87806159954261e-07
4,"unsubscribed",8.63146410346709e-07
5,"unsubscribed",8.38298856895678e-07
6,"unsubscribed",9.00372033724334e-07
1,"competitor",8.90819393494524e-07
2,"competitor",2.73019026784047e-05
3,"competitor",8.87806159954261e-07
4,"competitor",8.71777874450176e-05
5,"competitor",8.38298856895678e-07
6,"competitor",9.00372033724334e-07
1,"asleep",9.79901332843977e-06
2,"asleep",8.89513603393186e-05
3,"asleep",8.87806159954261e-07
4,"asleep",8.63146410346709e-07
5,"asleep",4.27532417016796e-05
6,"asleep",3.69152533826978e-05
1,"suggesting",8.90819393494524e-07
2,"suggesting",8.80706538013056e-07
3,"suggesting",0.000284985777345318
4,"suggesting",8.63146410346709e-07
5,"suggesting",1.76042759948093e-05
6,"suggesting",9.00372033724334e-07
1,"shutting",8.90819393494524e-07
2,"shutting",8.80706538013056e-07
3,"shutting",1.86439293590395e-05
4,"shutting",0.000751800523411983
5,"shutting",8.38298856895678e-07
6,"shutting",9.90409237096768e-06
1,"describe",8.90819393494524e-07
2,"describe",8.80706538013056e-07
3,"describe",0.000187327099750349
4,"describe",8.63146410346709e-07
5,"describe",8.38298856895678e-07
6,"describe",9.00372033724334e-07
1,"addition",9.88809526778921e-05
2,"addition",8.80706538013056e-07
3,"addition",8.87806159954261e-07
4,"addition",8.63146410346709e-07
5,"addition",8.38298856895678e-07
6,"addition",0.000397064066872432
1,"listed",5.43399830031659e-05
2,"listed",8.80706538013056e-07
3,"listed",0.000107424545354466
4,"listed",8.63146410346709e-07
5,"listed",0.000134966115960204
6,"listed",5.49226940571845e-05
1,"disapear",8.90819393494524e-07
2,"disapear",8.80706538013056e-07
3,"disapear",1.86439293590395e-05
4,"disapear",1.81260746172809e-05
5,"disapear",8.38298856895678e-07
6,"disapear",1.8907812708211e-05
1,"countless",8.90819393494524e-07
2,"countless",5.37230988187964e-05
3,"countless",8.87806159954261e-07
4,"countless",8.63146410346709e-07
5,"countless",5.11362302706364e-05
6,"countless",9.99412957434012e-05
1,"fixing",8.90819393494524e-07
2,"fixing",0.000379584517883627
3,"fixing",8.87806159954261e-07
4,"fixing",0.000527382456721839
5,"fixing",8.38298856895678e-07
6,"fixing",9.00372033724334e-07
1,"impression",7.21563708730564e-05
2,"impression",8.80706538013056e-07
3,"impression",1.86439293590395e-05
4,"impression",8.63146410346709e-07
5,"impression",8.38298856895678e-07
6,"impression",9.00372033724334e-07
1,"became",8.90819393494524e-07
2,"became",0.000723060067708719
3,"became",8.87806159954261e-07
4,"became",9.4946105138138e-06
5,"became",8.38298856895678e-07
6,"became",9.00372033724334e-07
1,"temporary",8.90819393494524e-07
2,"temporary",8.80706538013056e-07
3,"temporary",6.30342373567525e-05
4,"temporary",8.63146410346709e-07
5,"temporary",8.38298856895678e-07
6,"temporary",3.69152533826978e-05
1,"increase",8.10645648080017e-05
2,"increase",0.000168214948760494
3,"increase",1.86439293590395e-05
4,"increase",8.63146410346709e-07
5,"increase",8.38298856895678e-07
6,"increase",9.00372033724334e-07
1,"security",8.90819393494524e-07
2,"security",0.000291513864082322
3,"security",8.87806159954261e-07
4,"security",8.63146410346709e-07
5,"security",8.38298856895678e-07
6,"security",9.00372033724334e-07
1,"secure",5.43399830031659e-05
2,"secure",9.68777191814362e-06
3,"secure",9.76586775949687e-06
4,"secure",8.63146410346709e-07
5,"secure",8.38298856895678e-07
6,"secure",9.00372033724334e-07
1,"signing",5.43399830031659e-05
2,"signing",0.000291513864082322
3,"signing",8.87806159954261e-07
4,"signing",8.63146410346709e-07
5,"signing",9.22128742585246e-06
6,"signing",9.00372033724334e-07
1,"apart",8.90819393494524e-07
2,"apart",8.80706538013056e-07
3,"apart",8.87806159954261e-07
4,"apart",8.63146410346709e-07
5,"apart",8.38298856895678e-07
6,"apart",0.000694186838001462
1,"upto",8.90819393494524e-07
2,"upto",0.00011537255647971
3,"upto",8.87806159954261e-07
4,"upto",8.63146410346709e-07
5,"upto",8.38298856895678e-07
6,"upto",9.00372033724334e-07
1,"product",8.90819393494524e-07
2,"product",0.000520497563965716
3,"product",8.87806159954261e-07
4,"product",1.81260746172809e-05
5,"product",8.38298856895678e-07
6,"product",9.00372033724334e-07
1,"sunday",8.90819393494524e-07
2,"sunday",8.80706538013056e-07
3,"sunday",1.86439293590395e-05
4,"sunday",8.63146410346709e-07
5,"sunday",3.43702531327228e-05
6,"sunday",9.00372033724334e-07
1,"pack",8.99727587429469e-05
2,"pack",1.84948372982742e-05
3,"pack",2.75219909585821e-05
4,"pack",8.63146410346709e-07
5,"pack",8.38298856895678e-07
6,"pack",9.00372033724334e-07
1,"integrates",8.90819393494524e-07
2,"integrates",8.80706538013056e-07
3,"integrates",5.41561757572099e-05
4,"integrates",8.63146410346709e-07
5,"integrates",8.38298856895678e-07
6,"integrates",9.00372033724334e-07
1,"seamlessly",8.90819393494524e-07
2,"seamlessly",8.80706538013056e-07
3,"seamlessly",8.87806159954261e-07
4,"seamlessly",8.63146410346709e-07
5,"seamlessly",8.38298856895678e-07
6,"seamlessly",0.000271011982151025
1,"amazed",8.90819393494524e-07
2,"amazed",8.80706538013056e-07
3,"amazed",4.52781141576672e-05
4,"amazed",8.63146410346709e-07
5,"amazed",8.38298856895678e-07
6,"amazed",1.8907812708211e-05
1,"coz",0.000125605534482728
2,"coz",0.000159407883380363
3,"coz",8.87806159954261e-07
4,"coz",9.4946105138138e-06
5,"coz",5.95192188395932e-05
6,"coz",6.39264143944278e-05
1,"hmm",8.90819393494524e-07
2,"hmm",8.80706538013056e-07
3,"hmm",5.41561757572099e-05
4,"hmm",8.63146410346709e-07
5,"hmm",8.38298856895678e-07
6,"hmm",9.00372033724334e-07
1,"mess",8.90819393494524e-07
2,"mess",8.80706538013056e-07
3,"mess",8.87806159954261e-07
4,"mess",0.00133874008244775
5,"mess",8.38298856895678e-07
6,"mess",9.00372033724334e-07
1,"tiktok",8.90819393494524e-07
2,"tiktok",8.80706538013056e-07
3,"tiktok",8.87806159954261e-07
4,"tiktok",6.12833951346163e-05
5,"tiktok",8.38298856895678e-07
6,"tiktok",9.09375754061579e-05
1,"real",8.90819393494524e-07
2,"real",8.80706538013056e-07
3,"real",0.000977474582109641
4,"real",8.63146410346709e-07
5,"real",0.000134966115960204
6,"real",9.00372033724334e-07
1,"atm",7.21563708730564e-05
2,"atm",9.77584257194491e-05
3,"atm",8.87806159954261e-07
4,"atm",2.6757538720748e-05
5,"atm",8.38298856895678e-07
6,"atm",9.00372033724334e-07
1,"lie",8.90819393494524e-07
2,"lie",8.80706538013056e-07
3,"lie",8.87806159954261e-07
4,"lie",8.63146410346709e-07
5,"lie",0.000235561978787686
6,"lie",9.00372033724334e-07
1,"loving",8.90819393494524e-07
2,"loving",8.80706538013056e-07
3,"loving",8.87806159954261e-07
4,"loving",8.63146410346709e-07
5,"loving",8.38298856895678e-07
6,"loving",0.000631160795640759
1,"finally",8.90819393494524e-07
2,"finally",8.80706538013056e-07
3,"finally",0.00158118277087854
4,"finally",8.63146410346709e-07
5,"finally",8.38298856895678e-07
6,"finally",9.90409237096768e-06
1,"blame",2.76154011983302e-05
2,"blame",8.80706538013056e-07
3,"blame",8.87806159954261e-07
4,"blame",8.63146410346709e-07
5,"blame",1.76042759948093e-05
6,"blame",9.90409237096768e-06
1,"darn",8.90819393494524e-07
2,"darn",8.80706538013056e-07
3,"darn",7.19122989562951e-05
4,"darn",8.63146410346709e-07
5,"darn",1.76042759948093e-05
6,"darn",9.00372033724334e-07
1,"identify",9.79901332843977e-06
2,"identify",3.61089680585353e-05
3,"identify",6.30342373567525e-05
4,"identify",8.63146410346709e-07
5,"identify",8.38298856895678e-07
6,"identify",2.79115330454544e-05
1,"kicking",6.32481769381112e-05
2,"kicking",8.80706538013056e-07
3,"kicking",8.87806159954261e-07
4,"kicking",2.6757538720748e-05
5,"kicking",8.38298856895678e-07
6,"kicking",9.00372033724334e-07
1,"power",0.000205779279897235
2,"power",8.80706538013056e-07
3,"power",0.000142936791752636
4,"power",8.63146410346709e-07
5,"power",8.38298856895678e-07
6,"power",2.79115330454544e-05
1,"organised",8.90819393494524e-07
2,"organised",8.80706538013056e-07
3,"organised",8.87806159954261e-07
4,"organised",8.63146410346709e-07
5,"organised",8.38298856895678e-07
6,"organised",9.99412957434012e-05
1,"games",8.90819393494524e-07
2,"games",8.80706538013056e-07
3,"games",8.87806159954261e-07
4,"games",8.63146410346709e-07
5,"games",3.43702531327228e-05
6,"games",0.000568134753280055
1,"assuming",8.90819393494524e-07
2,"assuming",8.80706538013056e-07
3,"assuming",8.87806159954261e-07
4,"assuming",8.63146410346709e-07
5,"assuming",1.76042759948093e-05
6,"assuming",5.49226940571845e-05
1,"refusing",8.90819393494524e-07
2,"refusing",8.80706538013056e-07
3,"refusing",8.87806159954261e-07
4,"refusing",0.000182123892583156
5,"refusing",8.38298856895678e-07
6,"refusing",9.00372033724334e-07
1,"scratch",8.90819393494524e-07
2,"scratch",8.80706538013056e-07
3,"scratch",8.96684221553803e-05
4,"scratch",8.63146410346709e-07
5,"scratch",1.76042759948093e-05
6,"scratch",9.00372033724334e-07
1,"calm",8.90819393494524e-07
2,"calm",8.80706538013056e-07
3,"calm",3.64000525581247e-05
4,"calm",8.63146410346709e-07
5,"calm",8.38298856895678e-07
6,"calm",0.000108945016080645
1,"class",8.90819393494524e-07
2,"class",8.80706538013056e-07
3,"class",8.87806159954261e-07
4,"class",8.63146410346709e-07
5,"class",8.38298856895678e-07
6,"class",0.000298023143162755
1,"equalizer",8.90819393494524e-07
2,"equalizer",9.68777191814362e-06
3,"equalizer",8.87806159954261e-07
4,"equalizer",8.63146410346709e-07
5,"equalizer",5.95192188395932e-05
6,"equalizer",0.000586142193954542
1,"optimization",8.90819393494524e-07
2,"optimization",8.80706538013056e-07
3,"optimization",8.87806159954261e-07
4,"optimization",0.000104440715651952
5,"optimization",8.38298856895678e-07
6,"optimization",9.00372033724334e-07
1,"deletes",0.00040175954646603
2,"deletes",8.80706538013056e-07
3,"deletes",4.52781141576672e-05
4,"deletes",8.63146410346709e-07
5,"deletes",8.38298856895678e-07
6,"deletes",9.00372033724334e-07
1,"queuing",8.90819393494524e-07
2,"queuing",8.80706538013056e-07
3,"queuing",8.07903605558377e-05
4,"queuing",8.63146410346709e-07
5,"queuing",8.38298856895678e-07
6,"queuing",9.00372033724334e-07
1,"noticed",8.90819393494524e-07
2,"noticed",0.000124179621859841
3,"noticed",8.87806159954261e-07
4,"noticed",8.63146410346709e-07
5,"noticed",8.38298856895678e-07
6,"noticed",0.000865257524409086
1,"upsetting",8.10645648080017e-05
2,"upsetting",8.80706538013056e-07
3,"upsetting",3.64000525581247e-05
4,"upsetting",9.4946105138138e-06
5,"upsetting",8.38298856895678e-07
6,"upsetting",1.8907812708211e-05
1,"tutorials",2.76154011983302e-05
2,"tutorials",8.80706538013056e-07
3,"tutorials",9.76586775949687e-06
4,"tutorials",9.4946105138138e-06
5,"tutorials",8.38298856895678e-07
6,"tutorials",9.00372033724334e-07
1,"concern",0.000161238310222509
2,"concern",8.80706538013056e-07
3,"concern",8.87806159954261e-07
4,"concern",8.63146410346709e-07
5,"concern",8.38298856895678e-07
6,"concern",1.8907812708211e-05
1,"user-friendly",8.90819393494524e-07
2,"user-friendly",5.37230988187964e-05
3,"user-friendly",8.87806159954261e-07
4,"user-friendly",0.000121703643858886
5,"user-friendly",8.38298856895678e-07
6,"user-friendly",9.00372033724334e-07
1,"spinning",0.000107789146612837
2,"spinning",8.80706538013056e-07
3,"spinning",8.87806159954261e-07
4,"spinning",8.63146410346709e-07
5,"spinning",8.38298856895678e-07
6,"spinning",9.00372033724334e-07
1,"circle",0.000134513728417673
2,"circle",8.80706538013056e-07
3,"circle",8.87806159954261e-07
4,"circle",8.63146410346709e-07
5,"circle",8.38298856895678e-07
6,"circle",4.59189737199411e-05
1,"reach",8.90819393494524e-07
2,"reach",9.68777191814362e-06
3,"reach",0.00025835159254669
4,"reach",8.63146410346709e-07
5,"reach",0.000101434161684377
6,"reach",9.00372033724334e-07
1,"radar",8.90819393494524e-07
2,"radar",8.80706538013056e-07
3,"radar",0.000205083222949434
4,"radar",8.63146410346709e-07
5,"radar",8.38298856895678e-07
6,"radar",9.00372033724334e-07
1,"weekly",1.8707207263385e-05
2,"weekly",8.80706538013056e-07
3,"weekly",8.87806159954261e-07
4,"weekly",8.63146410346709e-07
5,"weekly",8.38298856895678e-07
6,"weekly",0.0010543356514912
1,"reconnecting",8.90819393494524e-07
2,"reconnecting",8.80706538013056e-07
3,"reconnecting",8.87806159954261e-07
4,"reconnecting",5.26519310311492e-05
5,"reconnecting",8.38298856895678e-07
6,"reconnecting",9.00372033724334e-07
1,"sync",8.90819393494524e-07
2,"sync",8.80706538013056e-07
3,"sync",1.86439293590395e-05
4,"sync",0.000777694915722384
5,"sync",8.38298856895678e-07
6,"sync",1.8907812708211e-05
1,"truck",8.90819393494524e-07
2,"truck",8.80706538013056e-07
3,"truck",8.87806159954261e-07
4,"truck",0.000302964390031695
5,"truck",8.38298856895678e-07
6,"truck",1.8907812708211e-05
1,"useable",3.65235951332755e-05
2,"useable",8.80706538013056e-07
3,"useable",6.30342373567525e-05
4,"useable",9.4946105138138e-06
5,"useable",8.38298856895678e-07
6,"useable",9.00372033724334e-07
1,"opened",0.00100751673404231
2,"opened",8.80706538013056e-07
3,"opened",8.87806159954261e-07
4,"opened",8.63146410346709e-07
5,"opened",9.22128742585246e-06
6,"opened",9.00372033724334e-07
1,"dual",8.90819393494524e-07
2,"dual",8.80706538013056e-07
3,"dual",7.19122989562951e-05
4,"dual",8.63146410346709e-07
5,"dual",8.38298856895678e-07
6,"dual",9.00372033724334e-07
1,"panel",8.90819393494524e-07
2,"panel",8.80706538013056e-07
3,"panel",8.87806159954261e-07
4,"panel",0.000889903949067457
5,"panel",8.38298856895678e-07
6,"panel",9.00372033724334e-07
1,"offers",8.90819393494524e-07
2,"offers",8.80706538013056e-07
3,"offers",8.87806159954261e-07
4,"offers",9.4946105138138e-06
5,"offers",8.38298856895678e-07
6,"offers",0.000451086388895892
1,"beautiful",8.90819393494524e-07
2,"beautiful",8.80706538013056e-07
3,"beautiful",8.87806159954261e-07
4,"beautiful",9.4946105138138e-06
5,"beautiful",2.5987264563766e-05
6,"beautiful",0.000532119871931082
1,"networks",4.54317890682208e-05
2,"networks",8.80706538013056e-07
3,"networks",4.52781141576672e-05
4,"networks",8.63146410346709e-07
5,"networks",8.38298856895678e-07
6,"networks",9.00372033724334e-07
1,"miracle",1.8707207263385e-05
2,"miracle",8.80706538013056e-07
3,"miracle",2.75219909585821e-05
4,"miracle",8.63146410346709e-07
5,"miracle",8.38298856895678e-07
6,"miracle",9.90409237096768e-06
1,"shot",8.90819393494524e-07
2,"shot",8.80706538013056e-07
3,"shot",1.86439293590395e-05
4,"shot",8.63146410346709e-07
5,"shot",8.38298856895678e-07
6,"shot",0.000126952456755131
1,"steaming",8.90819393494524e-07
2,"steaming",8.80706538013056e-07
3,"steaming",8.87806159954261e-07
4,"steaming",2.6757538720748e-05
5,"steaming",8.38298856895678e-07
6,"steaming",3.69152533826978e-05
1,"pile",8.90819393494524e-07
2,"pile",2.73019026784047e-05
3,"pile",8.87806159954261e-07
4,"pile",8.63146410346709e-07
5,"pile",2.5987264563766e-05
6,"pile",9.00372033724334e-07
1,"frozen",8.90819393494524e-07
2,"frozen",8.80706538013056e-07
3,"frozen",8.87806159954261e-07
4,"frozen",0.000216649748997024
5,"frozen",8.38298856895678e-07
6,"frozen",9.00372033724334e-07
1,"erase",8.90819393494524e-07
2,"erase",8.80706538013056e-07
3,"erase",0.000125180668553551
4,"erase",8.63146410346709e-07
5,"erase",8.38298856895678e-07
6,"erase",9.00372033724334e-07
1,"cast",8.90819393494524e-07
2,"cast",8.80706538013056e-07
3,"cast",8.87806159954261e-07
4,"cast",0.000743169059308516
5,"cast",8.38298856895678e-07
6,"cast",9.00372033724334e-07
1,"hidden",2.76154011983302e-05
2,"hidden",8.80706538013056e-07
3,"hidden",0.000684498549324735
4,"hidden",8.63146410346709e-07
5,"hidden",8.38298856895678e-07
6,"hidden",9.00372033724334e-07
1,"personalised",8.90819393494524e-07
2,"personalised",4.49160334386658e-05
3,"personalised",8.87806159954261e-07
4,"personalised",8.63146410346709e-07
5,"personalised",8.38298856895678e-07
6,"personalised",3.69152533826978e-05
1,"superb",8.90819393494524e-07
2,"superb",8.80706538013056e-07
3,"superb",8.87806159954261e-07
4,"superb",8.63146410346709e-07
5,"superb",8.38298856895678e-07
6,"superb",0.000487101270244865
1,"wake",8.90819393494524e-07
2,"wake",0.000168214948760494
3,"wake",8.87806159954261e-07
4,"wake",7.85463233415505e-05
5,"wake",8.38298856895678e-07
6,"wake",1.8907812708211e-05
1,"clock",8.90819393494524e-07
2,"clock",8.80706538013056e-07
3,"clock",9.76586775949687e-06
4,"clock",0.000104440715651952
5,"clock",8.38298856895678e-07
6,"clock",9.00372033724334e-07
1,"overseas",8.90819393494524e-07
2,"overseas",4.49160334386658e-05
3,"overseas",8.87806159954261e-07
4,"overseas",8.63146410346709e-07
5,"overseas",8.38298856895678e-07
6,"overseas",9.00372033724334e-07
1,"pods",8.90819393494524e-07
2,"pods",8.80706538013056e-07
3,"pods",8.87806159954261e-07
4,"pods",1.81260746172809e-05
5,"pods",8.38298856895678e-07
6,"pods",0.000162967338104105
1,"water",8.99727587429469e-05
2,"water",8.80706538013056e-07
3,"water",8.87806159954261e-07
4,"water",8.63146410346709e-07
5,"water",8.38298856895678e-07
6,"water",9.00372033724334e-07
1,"amd",8.90819393494524e-07
2,"amd",8.80706538013056e-07
3,"amd",4.52781141576672e-05
4,"amd",7.85463233415505e-05
5,"amd",8.38298856895678e-07
6,"amd",9.00372033724334e-07
1,"people's",8.90819393494524e-07
2,"people's",9.68777191814362e-06
3,"people's",0.000302741900544403
4,"people's",8.63146410346709e-07
5,"people's",8.38298856895678e-07
6,"people's",9.00372033724334e-07
1,"iam",8.90819393494524e-07
2,"iam",8.80706538013056e-07
3,"iam",8.87806159954261e-07
4,"iam",8.63146410346709e-07
5,"iam",8.38298856895678e-07
6,"iam",0.000189978499115835
1,"wrapped",8.90819393494524e-07
2,"wrapped",7.13372295790575e-05
3,"wrapped",8.87806159954261e-07
4,"wrapped",8.63146410346709e-07
5,"wrapped",8.38298856895678e-07
6,"wrapped",0.000316030583837242
1,"ratings",8.90819393494524e-07
2,"ratings",8.01442949591881e-05
3,"ratings",9.85464837549228e-05
4,"ratings",8.63146410346709e-07
5,"ratings",2.5987264563766e-05
6,"ratings",9.00372033724334e-07
1,"contain",8.90819393494524e-07
2,"contain",8.80706538013056e-07
3,"contain",8.87806159954261e-07
4,"contain",4.40204669276821e-05
5,"contain",6.790220740855e-05
6,"contain",9.00372033724334e-07
1,"uh",8.90819393494524e-07
2,"uh",8.80706538013056e-07
3,"uh",8.87806159954261e-07
4,"uh",6.99148592380834e-05
5,"uh",8.38298856895678e-07
6,"uh",9.00372033724334e-07
1,"cloud",8.90819393494524e-07
2,"cloud",8.80706538013056e-07
3,"cloud",8.87806159954261e-07
4,"cloud",8.63146410346709e-07
5,"cloud",0.000134966115960204
6,"cloud",3.69152533826978e-05
1,"satisfy",8.90819393494524e-07
2,"satisfy",8.80706538013056e-07
3,"satisfy",8.87806159954261e-07
4,"satisfy",8.63146410346709e-07
5,"satisfy",8.38298856895678e-07
6,"satisfy",0.000153963617766861
1,"mom",9.79901332843977e-06
2,"mom",8.80706538013056e-07
3,"mom",0.000116302606954008
4,"mom",8.63146410346709e-07
5,"mom",8.38298856895678e-07
6,"mom",9.00372033724334e-07
1,"pass",8.10645648080017e-05
2,"pass",8.80706538013056e-07
3,"pass",8.87806159954261e-07
4,"pass",8.63146410346709e-07
5,"pass",8.38298856895678e-07
6,"pass",9.99412957434012e-05
1,"fat",8.90819393494524e-07
2,"fat",8.80706538013056e-07
3,"fat",9.76586775949687e-06
4,"fat",4.40204669276821e-05
5,"fat",8.38298856895678e-07
6,"fat",9.00372033724334e-07
1,"ridiculously",8.90819393494524e-07
2,"ridiculously",0.000159407883380363
3,"ridiculously",1.86439293590395e-05
4,"ridiculously",8.63146410346709e-07
5,"ridiculously",8.38298856895678e-07
6,"ridiculously",9.00372033724334e-07
1,"borderline",8.90819393494524e-07
2,"borderline",8.80706538013056e-07
3,"borderline",8.87806159954261e-07
4,"borderline",0.000121703643858886
5,"borderline",8.38298856895678e-07
6,"borderline",1.8907812708211e-05
1,"mark",8.90819393494524e-07
2,"mark",6.25301641989269e-05
3,"mark",8.87806159954261e-07
4,"mark",0.000147598036169287
5,"mark",9.22128742585246e-06
6,"mark",9.90409237096768e-06
1,"organizing",2.76154011983302e-05
2,"organizing",8.80706538013056e-07
3,"organizing",8.87806159954261e-07
4,"organizing",8.63146410346709e-07
5,"organizing",4.27532417016796e-05
6,"organizing",9.00372033724334e-07
1,"thru",8.90819393494524e-07
2,"thru",8.80706538013056e-07
3,"thru",1.86439293590395e-05
4,"thru",0.000113072179755419
5,"thru",0.000134966115960204
6,"thru",0.000171971058441348
1,"advice",0.000223595667767126
2,"advice",8.80706538013056e-07
3,"advice",8.87806159954261e-07
4,"advice",8.63146410346709e-07
5,"advice",8.38298856895678e-07
6,"advice",9.00372033724334e-07
1,"re-install",0.000294861219246688
2,"re-install",8.80706538013056e-07
3,"re-install",8.87806159954261e-07
4,"re-install",8.63146410346709e-07
5,"re-install",8.38298856895678e-07
6,"re-install",9.00372033724334e-07
1,"dumping",8.90819393494524e-07
2,"dumping",8.80706538013056e-07
3,"dumping",9.76586775949687e-06
4,"dumping",8.63146410346709e-07
5,"dumping",8.38298856895678e-07
6,"dumping",4.59189737199411e-05
1,"remains",0.000152330116287564
2,"remains",5.37230988187964e-05
3,"remains",8.87806159954261e-07
4,"remains",9.4946105138138e-06
5,"remains",8.38298856895678e-07
6,"remains",9.00372033724334e-07
1,"valid",8.90819393494524e-07
2,"valid",0.000150600818000232
3,"valid",8.87806159954261e-07
4,"valid",8.63146410346709e-07
5,"valid",8.38298856895678e-07
6,"valid",9.00372033724334e-07
1,"rocks",8.90819393494524e-07
2,"rocks",8.80706538013056e-07
3,"rocks",8.87806159954261e-07
4,"rocks",8.63146410346709e-07
5,"rocks",8.38298856895678e-07
6,"rocks",8.19338550689144e-05
1,"paypal",8.90819393494524e-07
2,"paypal",8.80706538013056e-07
3,"paypal",8.87806159954261e-07
4,"paypal",8.63146410346709e-07
5,"paypal",8.38298856895678e-07
6,"paypal",4.59189737199411e-05
1,"anybody",0.000187962892027345
2,"anybody",1.84948372982742e-05
3,"anybody",2.75219909585821e-05
4,"anybody",8.63146410346709e-07
5,"anybody",8.38298856895678e-07
6,"anybody",9.00372033724334e-07
1,"payments",8.90819393494524e-07
2,"payments",0.00027389973332206
3,"payments",8.87806159954261e-07
4,"payments",8.63146410346709e-07
5,"payments",8.38298856895678e-07
6,"payments",9.00372033724334e-07
1,"local",0.00121240519454605
2,"local",8.80706538013056e-07
3,"local",8.87806159954261e-07
4,"local",8.63146410346709e-07
5,"local",8.38298856895678e-07
6,"local",9.00372033724334e-07
1,"heavily",0.000107789146612837
2,"heavily",8.80706538013056e-07
3,"heavily",8.87806159954261e-07
4,"heavily",8.63146410346709e-07
5,"heavily",8.38298856895678e-07
6,"heavily",1.8907812708211e-05
1,"inconvenient",8.90819393494524e-07
2,"inconvenient",8.80706538013056e-07
3,"inconvenient",0.000347132208542116
4,"inconvenient",0.000328858782342096
5,"inconvenient",8.38298856895678e-07
6,"inconvenient",9.00372033724334e-07
1,"comprehensive",8.90819393494524e-07
2,"comprehensive",8.80706538013056e-07
3,"comprehensive",8.87806159954261e-07
4,"comprehensive",8.63146410346709e-07
5,"comprehensive",8.38298856895678e-07
6,"comprehensive",7.29301347316712e-05
1,"catalogue",8.90819393494524e-07
2,"catalogue",8.80706538013056e-07
3,"catalogue",8.87806159954261e-07
4,"catalogue",8.63146410346709e-07
5,"catalogue",8.38298856895678e-07
6,"catalogue",0.000117948736417888
1,"insert",8.90819393494524e-07
2,"insert",8.80706538013056e-07
3,"insert",8.87806159954261e-07
4,"insert",8.63146410346709e-07
5,"insert",5.11362302706364e-05
6,"insert",9.00372033724334e-07
1,"country",8.90819393494524e-07
2,"country",8.80706538013056e-07
3,"country",8.87806159954261e-07
4,"country",8.63146410346709e-07
5,"country",8.38298856895678e-07
6,"country",0.0011803877362126
1,"bothers",8.90819393494524e-07
2,"bothers",8.80706538013056e-07
3,"bothers",0.000276107715745775
4,"bothers",8.63146410346709e-07
5,"bothers",8.38298856895678e-07
6,"bothers",9.00372033724334e-07
1,"enable",8.90819393494524e-07
2,"enable",8.80706538013056e-07
3,"enable",0.000284985777345318
4,"enable",8.71777874450176e-05
5,"enable",8.38298856895678e-07
6,"enable",7.29301347316712e-05
1,"drag",8.90819393494524e-07
2,"drag",8.80706538013056e-07
3,"drag",0.00032937608534303
4,"drag",1.81260746172809e-05
5,"drag",8.38298856895678e-07
6,"drag",9.00372033724334e-07
1,"flip",8.90819393494524e-07
2,"flip",9.68777191814362e-06
3,"flip",8.87806159954261e-07
4,"flip",6.12833951346163e-05
5,"flip",8.38298856895678e-07
6,"flip",9.00372033724334e-07
1,"cd's",3.65235951332755e-05
2,"cd's",8.80706538013056e-07
3,"cd's",8.87806159954261e-07
4,"cd's",8.63146410346709e-07
5,"cd's",8.38298856895678e-07
6,"cd's",4.59189737199411e-05
1,"baby",2.76154011983302e-05
2,"baby",8.80706538013056e-07
3,"baby",8.87806159954261e-07
4,"baby",8.63146410346709e-07
5,"baby",8.38298856895678e-07
6,"baby",9.99412957434012e-05
1,"sending",8.90819393494524e-07
2,"sending",0.000150600818000232
3,"sending",0.000187327099750349
4,"sending",8.63146410346709e-07
5,"sending",8.38298856895678e-07
6,"sending",9.00372033724334e-07
1,"capability",8.90819393494524e-07
2,"capability",9.68777191814362e-06
3,"capability",1.86439293590395e-05
4,"capability",6.12833951346163e-05
5,"capability",8.38298856895678e-07
6,"capability",9.00372033724334e-07
1,"labels",8.90819393494524e-07
2,"labels",9.68777191814362e-06
3,"labels",8.87806159954261e-07
4,"labels",8.63146410346709e-07
5,"labels",8.38298856895678e-07
6,"labels",9.09375754061579e-05
1,"credits",8.90819393494524e-07
2,"credits",4.49160334386658e-05
3,"credits",8.87806159954261e-07
4,"credits",8.63146410346709e-07
5,"credits",9.22128742585246e-06
6,"credits",9.00372033724334e-07
1,"includes",8.90819393494524e-07
2,"includes",8.80706538013056e-07
3,"includes",4.52781141576672e-05
4,"includes",8.63146410346709e-07
5,"includes",8.38298856895678e-07
6,"includes",0.000189978499115835
1,"slower",7.21563708730564e-05
2,"slower",8.80706538013056e-07
3,"slower",0.000196205161349891
4,"slower",8.63146410346709e-07
5,"slower",8.38298856895678e-07
6,"slower",9.00372033724334e-07
1,"relevant",8.90819393494524e-07
2,"relevant",8.80706538013056e-07
3,"relevant",8.96684221553803e-05
4,"relevant",8.63146410346709e-07
5,"relevant",9.22128742585246e-06
6,"relevant",0.000126952456755131
1,"watched",8.90819393494524e-07
2,"watched",8.80706538013056e-07
3,"watched",6.30342373567525e-05
4,"watched",1.81260746172809e-05
5,"watched",3.43702531327228e-05
6,"watched",9.00372033724334e-07
1,"step",8.90819393494524e-07
2,"step",8.80706538013056e-07
3,"step",0.000240595469347605
4,"step",8.63146410346709e-07
5,"step",8.38298856895678e-07
6,"step",7.29301347316712e-05
1,"game",8.90819393494524e-07
2,"game",8.80706538013056e-07
3,"game",8.07903605558377e-05
4,"game",9.4946105138138e-06
5,"game",8.38298856895678e-07
6,"game",0.000892268685420816
1,"reached",0.000152330116287564
2,"reached",5.37230988187964e-05
3,"reached",8.87806159954261e-07
4,"reached",8.63146410346709e-07
5,"reached",8.38298856895678e-07
6,"reached",1.8907812708211e-05
1,"count",8.90819393494524e-07
2,"count",8.80706538013056e-07
3,"count",0.00032937608534303
4,"count",9.4946105138138e-06
5,"count",8.38298856895678e-07
6,"count",9.00372033724334e-07
1,"burn",8.90819393494524e-07
2,"burn",8.80706538013056e-07
3,"burn",1.86439293590395e-05
4,"burn",8.63146410346709e-07
5,"burn",4.27532417016796e-05
6,"burn",9.00372033724334e-07
1,"providing",9.79901332843977e-06
2,"providing",0.000159407883380363
3,"providing",8.87806159954261e-07
4,"providing",8.63146410346709e-07
5,"providing",8.38298856895678e-07
6,"providing",9.00372033724334e-07
1,"blends",3.65235951332755e-05
2,"blends",8.80706538013056e-07
3,"blends",8.87806159954261e-07
4,"blends",8.63146410346709e-07
5,"blends",1.76042759948093e-05
6,"blends",9.00372033724334e-07
1,"blend",8.90819393494524e-07
2,"blend",9.68777191814362e-06
3,"blend",0.000142936791752636
4,"blend",8.63146410346709e-07
5,"blend",2.5987264563766e-05
6,"blend",4.59189737199411e-05
1,"janky",8.90819393494524e-07
2,"janky",8.80706538013056e-07
3,"janky",8.87806159954261e-07
4,"janky",8.63146410346709e-07
5,"janky",8.38298856895678e-07
6,"janky",5.49226940571845e-05
1,"kids",8.90819393494524e-07
2,"kids",8.80706538013056e-07
3,"kids",8.87806159954261e-07
4,"kids",8.63146410346709e-07
5,"kids",8.38298856895678e-07
6,"kids",0.000487101270244865
1,"avaliable",8.90819393494524e-07
2,"avaliable",8.80706538013056e-07
3,"avaliable",8.96684221553803e-05
4,"avaliable",8.63146410346709e-07
5,"avaliable",8.38298856895678e-07
6,"avaliable",9.00372033724334e-07
1,"enhance",5.43399830031659e-05
2,"enhance",8.80706538013056e-07
3,"enhance",0.000471425070935712
4,"enhance",8.63146410346709e-07
5,"enhance",8.38298856895678e-07
6,"enhance",9.00372033724334e-07
1,"downgrade",8.90819393494524e-07
2,"downgrade",8.80706538013056e-07
3,"downgrade",0.000151814853352178
4,"downgrade",8.63146410346709e-07
5,"downgrade",8.38298856895678e-07
6,"downgrade",3.69152533826978e-05
1,"redundant",8.90819393494524e-07
2,"redundant",8.80706538013056e-07
3,"redundant",7.19122989562951e-05
4,"redundant",8.63146410346709e-07
5,"redundant",8.38298856895678e-07
6,"redundant",9.00372033724334e-07
1,"existing",0.000187962892027345
2,"existing",8.80706538013056e-07
3,"existing",4.52781141576672e-05
4,"existing",8.63146410346709e-07
5,"existing",8.38298856895678e-07
6,"existing",1.8907812708211e-05
1,"hurry",8.90819393494524e-07
2,"hurry",4.49160334386658e-05
3,"hurry",8.87806159954261e-07
4,"hurry",8.63146410346709e-07
5,"hurry",8.38298856895678e-07
6,"hurry",9.90409237096768e-06
1,"sessions",8.90819393494524e-07
2,"sessions",8.80706538013056e-07
3,"sessions",0.000542449563732053
4,"sessions",8.63146410346709e-07
5,"sessions",8.38298856895678e-07
6,"sessions",9.00372033724334e-07
1,"purposely",8.90819393494524e-07
2,"purposely",8.80706538013056e-07
3,"purposely",8.87806159954261e-07
4,"purposely",9.4946105138138e-06
5,"purposely",8.38298856895678e-07
6,"purposely",5.49226940571845e-05
1,"shape",3.65235951332755e-05
2,"shape",8.80706538013056e-07
3,"shape",1.86439293590395e-05
4,"shape",8.63146410346709e-07
5,"shape",8.38298856895678e-07
6,"shape",2.79115330454544e-05
1,"form",9.79901332843977e-06
2,"form",2.73019026784047e-05
3,"form",0.000107424545354466
4,"form",8.63146410346709e-07
5,"form",8.38298856895678e-07
6,"form",0.000316030583837242
1,"finger",8.90819393494524e-07
2,"finger",8.80706538013056e-07
3,"finger",8.87806159954261e-07
4,"finger",8.63146410346709e-07
5,"finger",8.38298856895678e-07
6,"finger",0.000144959897429618
1,"ipad",8.90819393494524e-07
2,"ipad",8.80706538013056e-07
3,"ipad",0.000213961284548977
4,"ipad",1.81260746172809e-05
5,"ipad",0.000160115081667075
6,"ipad",9.00372033724334e-07
1,"sorted",8.90819393494524e-07
2,"sorted",8.80706538013056e-07
3,"sorted",8.87806159954261e-07
4,"sorted",0.000484225136204504
5,"sorted",8.38298856895678e-07
6,"sorted",9.00372033724334e-07
1,"syncing",9.79901332843977e-06
2,"syncing",8.80706538013056e-07
3,"syncing",0.000116302606954008
4,"syncing",6.12833951346163e-05
5,"syncing",8.38298856895678e-07
6,"syncing",9.00372033724334e-07
1,"nowadays",0.000116697340547783
2,"nowadays",0.00010656549109958
3,"nowadays",8.87806159954261e-07
4,"nowadays",0.000130335107962353
5,"nowadays",8.38298856895678e-07
6,"nowadays",9.00372033724334e-07
1,"views",8.90819393494524e-07
2,"views",8.80706538013056e-07
3,"views",8.87806159954261e-07
4,"views",8.63146410346709e-07
5,"views",9.22128742585246e-06
6,"views",9.99412957434012e-05
1,"ap",0.000294861219246688
2,"ap",8.80706538013056e-07
3,"ap",8.87806159954261e-07
4,"ap",8.63146410346709e-07
5,"ap",8.38298856895678e-07
6,"ap",9.00372033724334e-07
1,"complaints",8.90819393494524e-07
2,"complaints",0.000326742125602843
3,"complaints",0.000400400578139371
4,"complaints",9.4946105138138e-06
5,"complaints",8.38298856895678e-07
6,"complaints",9.00372033724334e-07
1,"sister",8.90819393494524e-07
2,"sister",8.80706538013056e-07
3,"sister",6.30342373567525e-05
4,"sister",8.63146410346709e-07
5,"sister",3.43702531327228e-05
6,"sister",9.90409237096768e-06
1,"aps",8.90819393494524e-07
2,"aps",7.13372295790575e-05
3,"aps",8.87806159954261e-07
4,"aps",8.63146410346709e-07
5,"aps",8.38298856895678e-07
6,"aps",9.00372033724334e-07
1,"stable",0.00057101523122999
2,"stable",8.80706538013056e-07
3,"stable",8.87806159954261e-07
4,"stable",8.63146410346709e-07
5,"stable",5.11362302706364e-05
6,"stable",7.29301347316712e-05
1,"graphics",8.90819393494524e-07
2,"graphics",8.80706538013056e-07
3,"graphics",8.87806159954261e-07
4,"graphics",8.63146410346709e-07
5,"graphics",9.22128742585246e-06
6,"graphics",3.69152533826978e-05
1,"prblm",5.43399830031659e-05
2,"prblm",8.80706538013056e-07
3,"prblm",8.87806159954261e-07
4,"prblm",1.81260746172809e-05
5,"prblm",8.38298856895678e-07
6,"prblm",9.00372033724334e-07
1,"subscriptions",8.90819393494524e-07
2,"subscriptions",0.000221057341041277
3,"subscriptions",8.87806159954261e-07
4,"subscriptions",8.63146410346709e-07
5,"subscriptions",8.38298856895678e-07
6,"subscriptions",9.00372033724334e-07
1,"reliably",8.90819393494524e-07
2,"reliably",8.80706538013056e-07
3,"reliably",8.87806159954261e-07
4,"reliably",6.99148592380834e-05
5,"reliably",8.38298856895678e-07
6,"reliably",9.00372033724334e-07
1,"ultimately",8.90819393494524e-07
2,"ultimately",8.80706538013056e-07
3,"ultimately",4.52781141576672e-05
4,"ultimately",8.63146410346709e-07
5,"ultimately",9.22128742585246e-06
6,"ultimately",9.00372033724334e-07
1,"bored",8.90819393494524e-07
2,"bored",8.80706538013056e-07
3,"bored",8.87806159954261e-07
4,"bored",9.4946105138138e-06
5,"bored",8.38298856895678e-07
6,"bored",0.000180974778778591
1,"selective",8.90819393494524e-07
2,"selective",3.61089680585353e-05
3,"selective",8.87806159954261e-07
4,"selective",8.63146410346709e-07
5,"selective",8.38298856895678e-07
6,"selective",9.90409237096768e-06
1,"gud",8.90819393494524e-07
2,"gud",9.68777191814362e-06
3,"gud",8.87806159954261e-07
4,"gud",8.63146410346709e-07
5,"gud",8.38298856895678e-07
6,"gud",0.000117948736417888
1,"saves",8.90819393494524e-07
2,"saves",8.80706538013056e-07
3,"saves",0.000205083222949434
4,"saves",8.63146410346709e-07
5,"saves",8.38298856895678e-07
6,"saves",9.00372033724334e-07
1,"bot",9.79901332843977e-06
2,"bot",0.000124179621859841
3,"bot",8.87806159954261e-07
4,"bot",8.63146410346709e-07
5,"bot",8.38298856895678e-07
6,"bot",1.8907812708211e-05
1,"heavy",8.90819393494524e-07
2,"heavy",8.80706538013056e-07
3,"heavy",8.87806159954261e-07
4,"heavy",8.63146410346709e-07
5,"heavy",8.38298856895678e-07
6,"heavy",0.000198982219453078
1,"edm",8.90819393494524e-07
2,"edm",8.80706538013056e-07
3,"edm",8.87806159954261e-07
4,"edm",8.63146410346709e-07
5,"edm",8.38298856895678e-07
6,"edm",8.19338550689144e-05
1,"streams",8.90819393494524e-07
2,"streams",8.80706538013056e-07
3,"streams",8.87806159954261e-07
4,"streams",8.63146410346709e-07
5,"streams",9.22128742585246e-06
6,"streams",0.000280015702488268
1,"hurts",8.90819393494524e-07
2,"hurts",8.80706538013056e-07
3,"hurts",7.19122989562951e-05
4,"hurts",8.63146410346709e-07
5,"hurts",8.38298856895678e-07
6,"hurts",9.00372033724334e-07
1,"drama",8.90819393494524e-07
2,"drama",8.80706538013056e-07
3,"drama",9.85464837549228e-05
4,"drama",8.63146410346709e-07
5,"drama",8.38298856895678e-07
6,"drama",9.00372033724334e-07
1,"fallen",8.90819393494524e-07
2,"fallen",8.80706538013056e-07
3,"fallen",8.87806159954261e-07
4,"fallen",8.63146410346709e-07
5,"fallen",8.38298856895678e-07
6,"fallen",7.29301347316712e-05
1,"board",3.65235951332755e-05
2,"board",8.80706538013056e-07
3,"board",8.87806159954261e-07
4,"board",8.63146410346709e-07
5,"board",8.38298856895678e-07
6,"board",9.09375754061579e-05
1,"pleased",8.90819393494524e-07
2,"pleased",8.80706538013056e-07
3,"pleased",8.87806159954261e-07
4,"pleased",8.63146410346709e-07
5,"pleased",8.38298856895678e-07
6,"pleased",0.000388060346535188
1,"loyal",1.8707207263385e-05
2,"loyal",0.000282706798702191
3,"loyal",8.87806159954261e-07
4,"loyal",8.63146410346709e-07
5,"loyal",9.22128742585246e-06
6,"loyal",9.00372033724334e-07
1,"4g",0.000285953025311742
2,"4g",8.80706538013056e-07
3,"4g",8.87806159954261e-07
4,"4g",8.63146410346709e-07
5,"4g",8.38298856895678e-07
6,"4g",9.00372033724334e-07
1,"handy",8.90819393494524e-07
2,"handy",9.68777191814362e-06
3,"handy",5.41561757572099e-05
4,"handy",8.63146410346709e-07
5,"handy",8.38298856895678e-07
6,"handy",0.000171971058441348
1,"worry",8.90819393494524e-07
2,"worry",0.000159407883380363
3,"worry",8.87806159954261e-07
4,"worry",8.63146410346709e-07
5,"worry",8.38298856895678e-07
6,"worry",9.00372033724334e-07
1,"ongoing",0.00021468747383218
2,"ongoing",8.80706538013056e-07
3,"ongoing",8.87806159954261e-07
4,"ongoing",8.63146410346709e-07
5,"ongoing",8.38298856895678e-07
6,"ongoing",9.00372033724334e-07
1,"hook",5.43399830031659e-05
2,"hook",9.68777191814362e-06
3,"hook",8.87806159954261e-07
4,"hook",8.63146410346709e-07
5,"hook",8.38298856895678e-07
6,"hook",9.00372033724334e-07
1,"goodbye",8.90819393494524e-07
2,"goodbye",0.000203443210281016
3,"goodbye",8.87806159954261e-07
4,"goodbye",8.63146410346709e-07
5,"goodbye",8.38298856895678e-07
6,"goodbye",9.00372033724334e-07
1,"itunes",8.90819393494524e-07
2,"itunes",8.80706538013056e-07
3,"itunes",0.000311619962143945
4,"itunes",8.63146410346709e-07
5,"itunes",8.38298856895678e-07
6,"itunes",9.00372033724334e-07
1,"town",9.79901332843977e-06
2,"town",3.61089680585353e-05
3,"town",8.87806159954261e-07
4,"town",8.63146410346709e-07
5,"town",8.38298856895678e-07
6,"town",9.00372033724334e-07
1,"satisfying",8.90819393494524e-07
2,"satisfying",8.80706538013056e-07
3,"satisfying",8.87806159954261e-07
4,"satisfying",8.63146410346709e-07
5,"satisfying",8.38298856895678e-07
6,"satisfying",0.000189978499115835
1,"happiness",8.90819393494524e-07
2,"happiness",8.80706538013056e-07
3,"happiness",4.52781141576672e-05
4,"happiness",8.63146410346709e-07
5,"happiness",8.38298856895678e-07
6,"happiness",9.00372033724334e-07
1,"censor",8.90819393494524e-07
2,"censor",8.80706538013056e-07
3,"censor",8.96684221553803e-05
4,"censor",8.63146410346709e-07
5,"censor",8.38298856895678e-07
6,"censor",9.00372033724334e-07
1,"quiet",8.90819393494524e-07
2,"quiet",0.000159407883380363
3,"quiet",8.87806159954261e-07
4,"quiet",9.4946105138138e-06
5,"quiet",8.38298856895678e-07
6,"quiet",9.00372033724334e-07
1,"soundtrack",8.90819393494524e-07
2,"soundtrack",8.80706538013056e-07
3,"soundtrack",8.87806159954261e-07
4,"soundtrack",9.4946105138138e-06
5,"soundtrack",9.30511731154204e-05
6,"soundtrack",4.59189737199411e-05
1,"reduce",8.90819393494524e-07
2,"reduce",8.80706538013056e-07
3,"reduce",8.87806159954261e-07
4,"reduce",8.63146410346709e-07
5,"reduce",9.22128742585246e-06
6,"reduce",0.000207985939790321
1,"legal",8.90819393494524e-07
2,"legal",8.80706538013056e-07
3,"legal",4.52781141576672e-05
4,"legal",9.4946105138138e-06
5,"legal",8.38298856895678e-07
6,"legal",9.00372033724334e-07
1,"shite",9.88809526778921e-05
2,"shite",8.80706538013056e-07
3,"shite",8.87806159954261e-07
4,"shite",8.63146410346709e-07
5,"shite",8.38298856895678e-07
6,"shite",9.00372033724334e-07
1,"parts",8.90819393494524e-07
2,"parts",8.80706538013056e-07
3,"parts",8.87806159954261e-07
4,"parts",8.63146410346709e-07
5,"parts",0.000285859910201427
6,"parts",9.00372033724334e-07
1,"chorus",8.90819393494524e-07
2,"chorus",8.80706538013056e-07
3,"chorus",8.87806159954261e-07
4,"chorus",8.63146410346709e-07
5,"chorus",0.000118200138822291
6,"chorus",9.00372033724334e-07
1,"wasting",0.000116697340547783
2,"wasting",0.000185829079520755
3,"wasting",8.87806159954261e-07
4,"wasting",8.63146410346709e-07
5,"wasting",8.38298856895678e-07
6,"wasting",2.79115330454544e-05
1,"bet",8.90819393494524e-07
2,"bet",9.68777191814362e-06
3,"bet",8.87806159954261e-07
4,"bet",8.63146410346709e-07
5,"bet",8.38298856895678e-07
6,"bet",8.19338550689144e-05
1,"indicate",2.76154011983302e-05
2,"indicate",8.80706538013056e-07
3,"indicate",8.87806159954261e-07
4,"indicate",5.26519310311492e-05
5,"indicate",8.38298856895678e-07
6,"indicate",9.00372033724334e-07
1,"libraries",8.90819393494524e-07
2,"libraries",8.80706538013056e-07
3,"libraries",8.87806159954261e-07
4,"libraries",8.63146410346709e-07
5,"libraries",8.38298856895678e-07
6,"libraries",6.39264143944278e-05
1,"task",8.90819393494524e-07
2,"task",8.80706538013056e-07
3,"task",0.000160692914951721
4,"task",8.63146410346709e-07
5,"task",8.38298856895678e-07
6,"task",9.00372033724334e-07
1,"ganna",8.90819393494524e-07
2,"ganna",8.80706538013056e-07
3,"ganna",8.87806159954261e-07
4,"ganna",8.63146410346709e-07
5,"ganna",8.38298856895678e-07
6,"ganna",9.09375754061579e-05
1,"net",0.000303769413181633
2,"net",8.80706538013056e-07
3,"net",8.87806159954261e-07
4,"net",8.63146410346709e-07
5,"net",8.38298856895678e-07
6,"net",9.00372033724334e-07
1,"suffle",8.90819393494524e-07
2,"suffle",8.80706538013056e-07
3,"suffle",8.87806159954261e-07
4,"suffle",8.63146410346709e-07
5,"suffle",0.000160115081667075
6,"suffle",9.00372033724334e-07
1,"dozen",8.90819393494524e-07
2,"dozen",0.000124179621859841
3,"dozen",8.87806159954261e-07
4,"dozen",8.63146410346709e-07
5,"dozen",8.38298856895678e-07
6,"dozen",3.69152533826978e-05
1,"increasingly",8.90819393494524e-07
2,"increasingly",8.80706538013056e-07
3,"increasingly",0.000107424545354466
4,"increasingly",2.6757538720748e-05
5,"increasingly",8.38298856895678e-07
6,"increasingly",1.8907812708211e-05
1,"customization",8.90819393494524e-07
2,"customization",8.80706538013056e-07
3,"customization",8.87806159954261e-07
4,"customization",8.63146410346709e-07
5,"customization",8.38298856895678e-07
6,"customization",0.000135956177092375
1,"regarding",8.90819393494524e-07
2,"regarding",0.00026509266794193
3,"regarding",8.87806159954261e-07
4,"regarding",8.63146410346709e-07
5,"regarding",9.22128742585246e-06
6,"regarding",9.00372033724334e-07
1,"logs",0.0005531988433601
2,"logs",8.80706538013056e-07
3,"logs",8.87806159954261e-07
4,"logs",8.63146410346709e-07
5,"logs",8.38298856895678e-07
6,"logs",9.00372033724334e-07
1,"ps",8.90819393494524e-07
2,"ps",0.000141793752620102
3,"ps",2.75219909585821e-05
4,"ps",8.63146410346709e-07
5,"ps",8.38298856895678e-07
6,"ps",9.00372033724334e-07
1,"shutdown",8.99727587429469e-05
2,"shutdown",2.73019026784047e-05
3,"shutdown",1.86439293590395e-05
4,"shutdown",8.63146410346709e-07
5,"shutdown",8.38298856895678e-07
6,"shutdown",9.00372033724334e-07
1,"removes",8.90819393494524e-07
2,"removes",9.68777191814362e-06
3,"removes",0.000320498023743488
4,"removes",8.63146410346709e-07
5,"removes",8.38298856895678e-07
6,"removes",9.00372033724334e-07
1,"stellar",9.79901332843977e-06
2,"stellar",8.80706538013056e-07
3,"stellar",5.41561757572099e-05
4,"stellar",8.63146410346709e-07
5,"stellar",8.38298856895678e-07
6,"stellar",9.00372033724334e-07
1,"smartwatch",8.90819393494524e-07
2,"smartwatch",6.25301641989269e-05
3,"smartwatch",8.87806159954261e-07
4,"smartwatch",8.63146410346709e-07
5,"smartwatch",8.38298856895678e-07
6,"smartwatch",9.00372033724334e-07
1,"leads",8.90819393494524e-07
2,"leads",8.80706538013056e-07
3,"leads",8.87806159954261e-07
4,"leads",8.63146410346709e-07
5,"leads",0.000126583127391248
6,"leads",5.49226940571845e-05
1,"wrongly",2.76154011983302e-05
2,"wrongly",8.80706538013056e-07
3,"wrongly",8.87806159954261e-07
4,"wrongly",8.63146410346709e-07
5,"wrongly",8.38298856895678e-07
6,"wrongly",1.8907812708211e-05
1,"bill",8.90819393494524e-07
2,"bill",0.000194636144900885
3,"bill",8.87806159954261e-07
4,"bill",8.63146410346709e-07
5,"bill",8.38298856895678e-07
6,"bill",9.00372033724334e-07
1,"irritates",8.90819393494524e-07
2,"irritates",8.80706538013056e-07
3,"irritates",8.87806159954261e-07
4,"irritates",8.63146410346709e-07
5,"irritates",0.000134966115960204
6,"irritates",5.49226940571845e-05
1,"understanding",0.000107789146612837
2,"understanding",8.80706538013056e-07
3,"understanding",9.76586775949687e-06
4,"understanding",8.63146410346709e-07
5,"understanding",8.38298856895678e-07
6,"understanding",9.90409237096768e-06
1,"verification",8.90819393494524e-07
2,"verification",4.49160334386658e-05
3,"verification",7.19122989562951e-05
4,"verification",8.63146410346709e-07
5,"verification",8.38298856895678e-07
6,"verification",9.00372033724334e-07
1,"children",8.90819393494524e-07
2,"children",8.80706538013056e-07
3,"children",8.87806159954261e-07
4,"children",5.26519310311492e-05
5,"children",8.38298856895678e-07
6,"children",4.59189737199411e-05
1,"husband",4.54317890682208e-05
2,"husband",8.80706538013056e-07
3,"husband",8.87806159954261e-07
4,"husband",0.000147598036169287
5,"husband",8.38298856895678e-07
6,"husband",9.00372033724334e-07
1,"separated",8.90819393494524e-07
2,"separated",8.80706538013056e-07
3,"separated",6.30342373567525e-05
4,"separated",8.63146410346709e-07
5,"separated",8.38298856895678e-07
6,"separated",9.00372033724334e-07
1,"recognize",5.43399830031659e-05
2,"recognize",0.000370777452503497
3,"recognize",8.87806159954261e-07
4,"recognize",8.63146410346709e-07
5,"recognize",8.38298856895678e-07
6,"recognize",9.00372033724334e-07
1,"son",8.90819393494524e-07
2,"son",8.80706538013056e-07
3,"son",8.87806159954261e-07
4,"son",8.63146410346709e-07
5,"son",8.38298856895678e-07
6,"son",0.000207985939790321
1,"era",8.90819393494524e-07
2,"era",8.80706538013056e-07
3,"era",8.87806159954261e-07
4,"era",8.63146410346709e-07
5,"era",8.38298856895678e-07
6,"era",0.000117948736417888
1,"rest",8.90819393494524e-07
2,"rest",8.80706538013056e-07
3,"rest",0.000791035288519246
4,"rest",8.63146410346709e-07
5,"rest",8.38298856895678e-07
6,"rest",0.000108945016080645
1,"thus",2.76154011983302e-05
2,"thus",8.80706538013056e-07
3,"thus",9.76586775949687e-06
4,"thus",0.000320227318238629
5,"thus",9.22128742585246e-06
6,"thus",9.00372033724334e-07
1,"earth",8.90819393494524e-07
2,"earth",3.61089680585353e-05
3,"earth",0.000231717407748062
4,"earth",8.63146410346709e-07
5,"earth",8.38298856895678e-07
6,"earth",9.00372033724334e-07
1,"prompting",2.76154011983302e-05
2,"prompting",9.68777191814362e-06
3,"prompting",8.87806159954261e-07
4,"prompting",9.4946105138138e-06
5,"prompting",1.76042759948093e-05
6,"prompting",9.00372033724334e-07
1,"troubleshoot",8.99727587429469e-05
2,"troubleshoot",8.80706538013056e-07
3,"troubleshoot",8.87806159954261e-07
4,"troubleshoot",8.63146410346709e-07
5,"troubleshoot",8.38298856895678e-07
6,"troubleshoot",9.00372033724334e-07
1,"solutions",0.000268136637441852
2,"solutions",8.80706538013056e-07
3,"solutions",8.87806159954261e-07
4,"solutions",8.63146410346709e-07
5,"solutions",8.38298856895678e-07
6,"solutions",9.00372033724334e-07
1,"re-installed",0.000134513728417673
2,"re-installed",9.68777191814362e-06
3,"re-installed",8.87806159954261e-07
4,"re-installed",8.63146410346709e-07
5,"re-installed",8.38298856895678e-07
6,"re-installed",2.79115330454544e-05
1,"anoying",8.90819393494524e-07
2,"anoying",8.80706538013056e-07
3,"anoying",8.87806159954261e-07
4,"anoying",8.63146410346709e-07
5,"anoying",0.000243944967356643
6,"anoying",9.90409237096768e-06
1,"optional",1.8707207263385e-05
2,"optional",8.80706538013056e-07
3,"optional",0.000134058730153093
4,"optional",8.63146410346709e-07
5,"optional",8.38298856895678e-07
6,"optional",9.00372033724334e-07
1,"piece",9.79901332843977e-06
2,"piece",0.00027389973332206
3,"piece",8.87806159954261e-07
4,"piece",8.63146410346709e-07
5,"piece",2.5987264563766e-05
6,"piece",9.00372033724334e-07
1,"defeats",0.000241412055637016
2,"defeats",8.80706538013056e-07
3,"defeats",8.87806159954261e-07
4,"defeats",8.63146410346709e-07
5,"defeats",8.38298856895678e-07
6,"defeats",3.69152533826978e-05
1,"logout",0.000205779279897235
2,"logout",8.80706538013056e-07
3,"logout",8.87806159954261e-07
4,"logout",1.81260746172809e-05
5,"logout",8.38298856895678e-07
6,"logout",9.00372033724334e-07
1,"sentence",8.90819393494524e-07
2,"sentence",8.80706538013056e-07
3,"sentence",4.52781141576672e-05
4,"sentence",8.63146410346709e-07
5,"sentence",8.38298856895678e-07
6,"sentence",9.90409237096768e-06
1,"factory",0.000107789146612837
2,"factory",8.80706538013056e-07
3,"factory",8.87806159954261e-07
4,"factory",8.63146410346709e-07
5,"factory",8.38298856895678e-07
6,"factory",9.00372033724334e-07
1,"style",8.90819393494524e-07
2,"style",8.80706538013056e-07
3,"style",8.87806159954261e-07
4,"style",8.63146410346709e-07
5,"style",8.38298856895678e-07
6,"style",0.000271011982151025
1,"k-pop",8.90819393494524e-07
2,"k-pop",1.84948372982742e-05
3,"k-pop",8.07903605558377e-05
4,"k-pop",6.99148592380834e-05
5,"k-pop",8.38298856895678e-07
6,"k-pop",3.69152533826978e-05
1,"ye",8.90819393494524e-07
2,"ye",1.84948372982742e-05
3,"ye",8.87806159954261e-07
4,"ye",8.63146410346709e-07
5,"ye",8.38298856895678e-07
6,"ye",3.69152533826978e-05
1,"customised",8.90819393494524e-07
2,"customised",8.80706538013056e-07
3,"customised",6.30342373567525e-05
4,"customised",8.63146410346709e-07
5,"customised",8.38298856895678e-07
6,"customised",9.00372033724334e-07
1,"patience",3.65235951332755e-05
2,"patience",8.80706538013056e-07
3,"patience",8.96684221553803e-05
4,"patience",8.63146410346709e-07
5,"patience",8.38298856895678e-07
6,"patience",1.8907812708211e-05
1,"shoving",8.90819393494524e-07
2,"shoving",3.61089680585353e-05
3,"shoving",8.87806159954261e-07
4,"shoving",1.81260746172809e-05
5,"shoving",9.22128742585246e-06
6,"shoving",9.90409237096768e-06
1,"awkward",6.32481769381112e-05
2,"awkward",8.80706538013056e-07
3,"awkward",4.52781141576672e-05
4,"awkward",8.63146410346709e-07
5,"awkward",8.38298856895678e-07
6,"awkward",9.00372033724334e-07
1,"pictures",8.90819393494524e-07
2,"pictures",8.80706538013056e-07
3,"pictures",0.000125180668553551
4,"pictures",8.63146410346709e-07
5,"pictures",8.38298856895678e-07
6,"pictures",9.00372033724334e-07
1,"process",8.90819393494524e-07
2,"process",0.000661410610047805
3,"process",1.86439293590395e-05
4,"process",8.63146410346709e-07
5,"process",1.76042759948093e-05
6,"process",9.00372033724334e-07
1,"advertisement",9.79901332843977e-06
2,"advertisement",8.80706538013056e-07
3,"advertisement",9.76586775949687e-06
4,"advertisement",8.71777874450176e-05
5,"advertisement",0.000176881058804988
6,"advertisement",9.09375754061579e-05
1,"members",8.90819393494524e-07
2,"members",0.000291513864082322
3,"members",4.52781141576672e-05
4,"members",8.63146410346709e-07
5,"members",8.38298856895678e-07
6,"members",9.00372033724334e-07
1,"mi",8.90819393494524e-07
2,"mi",8.80706538013056e-07
3,"mi",9.76586775949687e-06
4,"mi",8.63146410346709e-07
5,"mi",8.38298856895678e-07
6,"mi",8.19338550689144e-05
1,"audiobooks",8.90819393494524e-07
2,"audiobooks",8.80706538013056e-07
3,"audiobooks",6.30342373567525e-05
4,"audiobooks",8.63146410346709e-07
5,"audiobooks",8.38298856895678e-07
6,"audiobooks",8.19338550689144e-05
1,"messed",8.90819393494524e-07
2,"messed",8.80706538013056e-07
3,"messed",0.000427034762937999
4,"messed",0.000527382456721839
5,"messed",8.38298856895678e-07
6,"messed",9.00372033724334e-07
1,"vibes",8.90819393494524e-07
2,"vibes",8.80706538013056e-07
3,"vibes",8.87806159954261e-07
4,"vibes",8.63146410346709e-07
5,"vibes",8.38298856895678e-07
6,"vibes",0.000216989660127565
1,"unbearable",8.90819393494524e-07
2,"unbearable",0.000177022014140624
3,"unbearable",8.87806159954261e-07
4,"unbearable",8.63146410346709e-07
5,"unbearable",8.38298856895678e-07
6,"unbearable",1.8907812708211e-05
1,"80s",8.90819393494524e-07
2,"80s",8.80706538013056e-07
3,"80s",8.87806159954261e-07
4,"80s",8.63146410346709e-07
5,"80s",8.38298856895678e-07
6,"80s",0.000126952456755131
1,"camera",9.79901332843977e-06
2,"camera",4.49160334386658e-05
3,"camera",9.76586775949687e-06
4,"camera",8.63146410346709e-07
5,"camera",8.38298856895678e-07
6,"camera",9.90409237096768e-06
1,"technology",8.90819393494524e-07
2,"technology",0.000221057341041277
3,"technology",8.87806159954261e-07
4,"technology",8.63146410346709e-07
5,"technology",8.38298856895678e-07
6,"technology",9.00372033724334e-07
1,"shower",8.90819393494524e-07
2,"shower",8.80706538013056e-07
3,"shower",8.87806159954261e-07
4,"shower",9.4946105138138e-06
5,"shower",8.38298856895678e-07
6,"shower",5.49226940571845e-05
1,"person",8.99727587429469e-05
2,"person",8.80706538013056e-07
3,"person",0.000826547534917416
4,"person",8.63146410346709e-07
5,"person",8.38298856895678e-07
6,"person",0.000144959897429618
1,"nicely",8.90819393494524e-07
2,"nicely",9.77584257194491e-05
3,"nicely",8.87806159954261e-07
4,"nicely",5.26519310311492e-05
5,"nicely",8.38298856895678e-07
6,"nicely",9.00372033724334e-07
1,"smart",8.90819393494524e-07
2,"smart",0.000467655171684932
3,"smart",8.87806159954261e-07
4,"smart",0.000251175605410892
5,"smart",8.38298856895678e-07
6,"smart",9.00372033724334e-07
1,"flag",8.90819393494524e-07
2,"flag",8.80706538013056e-07
3,"flag",8.87806159954261e-07
4,"flag",8.63146410346709e-07
5,"flag",8.38298856895678e-07
6,"flag",5.49226940571845e-05
1,"offensive",9.79901332843977e-06
2,"offensive",8.80706538013056e-07
3,"offensive",8.87806159954261e-07
4,"offensive",8.63146410346709e-07
5,"offensive",9.22128742585246e-06
6,"offensive",4.59189737199411e-05
1,"redesign",8.90819393494524e-07
2,"redesign",8.80706538013056e-07
3,"redesign",8.87806159954261e-07
4,"redesign",8.63146410346709e-07
5,"redesign",8.38298856895678e-07
6,"redesign",5.49226940571845e-05
1,"colour",8.90819393494524e-07
2,"colour",9.68777191814362e-06
3,"colour",6.30342373567525e-05
4,"colour",8.63146410346709e-07
5,"colour",8.38298856895678e-07
6,"colour",9.00372033724334e-07
1,"memories",3.65235951332755e-05
2,"memories",8.80706538013056e-07
3,"memories",8.87806159954261e-07
4,"memories",8.63146410346709e-07
5,"memories",8.38298856895678e-07
6,"memories",0.000198982219453078
1,"customizing",2.76154011983302e-05
2,"customizing",9.68777191814362e-06
3,"customizing",8.87806159954261e-07
4,"customizing",8.63146410346709e-07
5,"customizing",9.22128742585246e-06
6,"customizing",9.00372033724334e-07
1,"explain",8.90819393494524e-07
2,"explain",9.68777191814362e-06
3,"explain",0.000382644454940286
4,"explain",9.4946105138138e-06
5,"explain",8.38298856895678e-07
6,"explain",9.00372033724334e-07
1,"deserve",8.90819393494524e-07
2,"deserve",8.80706538013056e-07
3,"deserve",0.00032937608534303
4,"deserve",8.63146410346709e-07
5,"deserve",8.38298856895678e-07
6,"deserve",9.00372033724334e-07
1,"sporify",1.8707207263385e-05
2,"sporify",1.84948372982742e-05
3,"sporify",9.76586775949687e-06
4,"sporify",8.63146410346709e-07
5,"sporify",8.38298856895678e-07
6,"sporify",9.00372033724334e-07
1,"echo",8.90819393494524e-07
2,"echo",0.000282706798702191
3,"echo",8.87806159954261e-07
4,"echo",8.63146410346709e-07
5,"echo",8.38298856895678e-07
6,"echo",9.00372033724334e-07
1,"recordings",8.90819393494524e-07
2,"recordings",8.80706538013056e-07
3,"recordings",8.87806159954261e-07
4,"recordings",8.63146410346709e-07
5,"recordings",8.38298856895678e-07
6,"recordings",0.000153963617766861
1,"lines",8.90819393494524e-07
2,"lines",8.80706538013056e-07
3,"lines",8.87806159954261e-07
4,"lines",8.63146410346709e-07
5,"lines",8.38298856895678e-07
6,"lines",6.39264143944278e-05
1,"exercising",5.43399830031659e-05
2,"exercising",8.80706538013056e-07
3,"exercising",8.87806159954261e-07
4,"exercising",8.63146410346709e-07
5,"exercising",8.38298856895678e-07
6,"exercising",9.00372033724334e-07
1,"unfollowed",4.54317890682208e-05
2,"unfollowed",8.80706538013056e-07
3,"unfollowed",8.87806159954261e-07
4,"unfollowed",8.63146410346709e-07
5,"unfollowed",8.38298856895678e-07
6,"unfollowed",9.00372033724334e-07
1,"organization",5.43399830031659e-05
2,"organization",8.80706538013056e-07
3,"organization",9.76586775949687e-06
4,"organization",4.40204669276821e-05
5,"organization",4.27532417016796e-05
6,"organization",9.00372033724334e-07
1,"primary",4.54317890682208e-05
2,"primary",9.68777191814362e-06
3,"primary",8.87806159954261e-07
4,"primary",8.63146410346709e-07
5,"primary",3.43702531327228e-05
6,"primary",9.00372033724334e-07
1,"habits",8.90819393494524e-07
2,"habits",2.73019026784047e-05
3,"habits",8.87806159954261e-07
4,"habits",8.63146410346709e-07
5,"habits",8.38298856895678e-07
6,"habits",9.09375754061579e-05
1,"addict",8.90819393494524e-07
2,"addict",2.73019026784047e-05
3,"addict",8.87806159954261e-07
4,"addict",8.63146410346709e-07
5,"addict",8.38298856895678e-07
6,"addict",5.49226940571845e-05
1,"seven",8.90819393494524e-07
2,"seven",0.00105772855215368
3,"seven",8.87806159954261e-07
4,"seven",8.63146410346709e-07
5,"seven",8.38298856895678e-07
6,"seven",9.00372033724334e-07
1,"lacking",8.90819393494524e-07
2,"lacking",8.80706538013056e-07
3,"lacking",0.000240595469347605
4,"lacking",8.63146410346709e-07
5,"lacking",8.38298856895678e-07
6,"lacking",9.00372033724334e-07
1,"moreover",8.90819393494524e-07
2,"moreover",8.80706538013056e-07
3,"moreover",8.87806159954261e-07
4,"moreover",7.85463233415505e-05
5,"moreover",8.38298856895678e-07
6,"moreover",1.8907812708211e-05
1,"boost",8.90819393494524e-07
2,"boost",8.80706538013056e-07
3,"boost",8.87806159954261e-07
4,"boost",8.63146410346709e-07
5,"boost",8.38298856895678e-07
6,"boost",7.29301347316712e-05
1,"s21",8.90819393494524e-07
2,"s21",8.80706538013056e-07
3,"s21",8.87806159954261e-07
4,"s21",0.000803589308032786
5,"s21",9.22128742585246e-06
6,"s21",9.00372033724334e-07
1,"occasion",0.000125605534482728
2,"occasion",1.84948372982742e-05
3,"occasion",8.87806159954261e-07
4,"occasion",8.63146410346709e-07
5,"occasion",8.38298856895678e-07
6,"occasion",9.00372033724334e-07
1,"blackpink",8.90819393494524e-07
2,"blackpink",8.80706538013056e-07
3,"blackpink",9.76586775949687e-06
4,"blackpink",8.63146410346709e-07
5,"blackpink",0.000109817150253334
6,"blackpink",9.00372033724334e-07
1,"today's",8.90819393494524e-07
2,"today's",8.80706538013056e-07
3,"today's",8.87806159954261e-07
4,"today's",8.63146410346709e-07
5,"today's",8.38298856895678e-07
6,"today's",0.000135956177092375
1,"additional",2.76154011983302e-05
2,"additional",8.80706538013056e-07
3,"additional",9.76586775949687e-06
4,"additional",9.4946105138138e-06
5,"additional",8.38298856895678e-07
6,"additional",0.000216989660127565
1,"channels",8.90819393494524e-07
2,"channels",8.80706538013056e-07
3,"channels",7.19122989562951e-05
4,"channels",8.63146410346709e-07
5,"channels",8.38298856895678e-07
6,"channels",5.49226940571845e-05
1,"simpler",8.90819393494524e-07
2,"simpler",8.80706538013056e-07
3,"simpler",8.87806159954261e-07
4,"simpler",3.53890028242151e-05
5,"simpler",8.38298856895678e-07
6,"simpler",9.90409237096768e-06
1,"potential",8.90819393494524e-07
2,"potential",0.00011537255647971
3,"potential",8.87806159954261e-07
4,"potential",8.63146410346709e-07
5,"potential",8.38298856895678e-07
6,"potential",9.00372033724334e-07
1,"hitting",8.90819393494524e-07
2,"hitting",1.84948372982742e-05
3,"hitting",8.87806159954261e-07
4,"hitting",0.000130335107962353
5,"hitting",2.5987264563766e-05
6,"hitting",9.00372033724334e-07
1,"room",8.90819393494524e-07
2,"room",8.80706538013056e-07
3,"room",0.000169570976551264
4,"room",8.63146410346709e-07
5,"room",8.38298856895678e-07
6,"room",9.00372033724334e-07
1,"practice",8.90819393494524e-07
2,"practice",8.80706538013056e-07
3,"practice",6.30342373567525e-05
4,"practice",8.63146410346709e-07
5,"practice",8.38298856895678e-07
6,"practice",9.00372033724334e-07
1,"present",8.90819393494524e-07
2,"present",9.68777191814362e-06
3,"present",5.41561757572099e-05
4,"present",8.63146410346709e-07
5,"present",8.38298856895678e-07
6,"present",0.000307026863499998
1,"integrated",8.90819393494524e-07
2,"integrated",8.80706538013056e-07
3,"integrated",8.87806159954261e-07
4,"integrated",4.40204669276821e-05
5,"integrated",8.38298856895678e-07
6,"integrated",4.59189737199411e-05
1,"speech",8.90819393494524e-07
2,"speech",8.80706538013056e-07
3,"speech",0.00032937608534303
4,"speech",8.63146410346709e-07
5,"speech",8.38298856895678e-07
6,"speech",9.90409237096768e-06
1,"lesser",4.54317890682208e-05
2,"lesser",8.80706538013056e-07
3,"lesser",8.87806159954261e-07
4,"lesser",8.63146410346709e-07
5,"lesser",8.38298856895678e-07
6,"lesser",3.69152533826978e-05
1,"minimum",8.90819393494524e-07
2,"minimum",0.000124179621859841
3,"minimum",8.87806159954261e-07
4,"minimum",8.63146410346709e-07
5,"minimum",1.76042759948093e-05
6,"minimum",9.00372033724334e-07
1,"restored",8.90819393494524e-07
2,"restored",1.84948372982742e-05
3,"restored",6.30342373567525e-05
4,"restored",8.63146410346709e-07
5,"restored",9.22128742585246e-06
6,"restored",9.00372033724334e-07
1,"saver",8.90819393494524e-07
2,"saver",8.80706538013056e-07
3,"saver",8.87806159954261e-07
4,"saver",0.000190755356686622
5,"saver",8.38298856895678e-07
6,"saver",9.00372033724334e-07
1,"explore",8.90819393494524e-07
2,"explore",8.80706538013056e-07
3,"explore",8.87806159954261e-07
4,"explore",8.63146410346709e-07
5,"explore",8.38298856895678e-07
6,"explore",0.000289019422825511
1,"repair",0.000107789146612837
2,"repair",8.80706538013056e-07
3,"repair",2.75219909585821e-05
4,"repair",8.63146410346709e-07
5,"repair",8.38298856895678e-07
6,"repair",9.00372033724334e-07
1,"listeners",8.90819393494524e-07
2,"listeners",0.000291513864082322
3,"listeners",8.87806159954261e-07
4,"listeners",8.63146410346709e-07
5,"listeners",8.38298856895678e-07
6,"listeners",9.90409237096768e-06
1,"louder",9.79901332843977e-06
2,"louder",8.80706538013056e-07
3,"louder",8.87806159954261e-07
4,"louder",1.81260746172809e-05
5,"louder",8.38298856895678e-07
6,"louder",0.000153963617766861
1,"book",8.90819393494524e-07
2,"book",7.13372295790575e-05
3,"book",6.30342373567525e-05
4,"book",8.63146410346709e-07
5,"book",8.38298856895678e-07
6,"book",4.59189737199411e-05
1,"upload",8.90819393494524e-07
2,"upload",8.80706538013056e-07
3,"upload",8.87806159954261e-07
4,"upload",2.6757538720748e-05
5,"upload",6.790220740855e-05
6,"upload",0.000207985939790321
1,"discovery",8.90819393494524e-07
2,"discovery",6.25301641989269e-05
3,"discovery",8.87806159954261e-07
4,"discovery",8.63146410346709e-07
5,"discovery",8.38298856895678e-07
6,"discovery",0.000198982219453078
1,"dead",8.90819393494524e-07
2,"dead",8.80706538013056e-07
3,"dead",0.000142936791752636
4,"dead",8.63146410346709e-07
5,"dead",1.76042759948093e-05
6,"dead",9.00372033724334e-07
1,"hill",8.90819393494524e-07
2,"hill",0.000177022014140624
3,"hill",8.87806159954261e-07
4,"hill",4.40204669276821e-05
5,"hill",8.38298856895678e-07
6,"hill",9.00372033724334e-07
1,"vibing",8.90819393494524e-07
2,"vibing",8.80706538013056e-07
3,"vibing",8.87806159954261e-07
4,"vibing",8.63146410346709e-07
5,"vibing",6.790220740855e-05
6,"vibing",9.00372033724334e-07
1,"attached",3.65235951332755e-05
2,"attached",8.80706538013056e-07
3,"attached",2.75219909585821e-05
4,"attached",1.81260746172809e-05
5,"attached",9.22128742585246e-06
6,"attached",9.00372033724334e-07
1,"carrying",8.90819393494524e-07
2,"carrying",5.37230988187964e-05
3,"carrying",8.87806159954261e-07
4,"carrying",8.63146410346709e-07
5,"carrying",8.38298856895678e-07
6,"carrying",9.90409237096768e-06
1,"hating",6.32481769381112e-05
2,"hating",8.80706538013056e-07
3,"hating",8.87806159954261e-07
4,"hating",8.63146410346709e-07
5,"hating",8.38298856895678e-07
6,"hating",1.8907812708211e-05
1,"happend",8.90819393494524e-07
2,"happend",8.80706538013056e-07
3,"happend",8.87806159954261e-07
4,"happend",8.63146410346709e-07
5,"happend",0.000176881058804988
6,"happend",9.00372033724334e-07
1,"in-app",8.90819393494524e-07
2,"in-app",8.80706538013056e-07
3,"in-app",8.87806159954261e-07
4,"in-app",0.000156229500272754
5,"in-app",8.38298856895678e-07
6,"in-app",9.00372033724334e-07
1,"paused",8.90819393494524e-07
2,"paused",8.80706538013056e-07
3,"paused",9.76586775949687e-06
4,"paused",0.000743169059308516
5,"paused",8.38298856895678e-07
6,"paused",9.00372033724334e-07
1,"improving",8.90819393494524e-07
2,"improving",8.80706538013056e-07
3,"improving",7.19122989562951e-05
4,"improving",8.63146410346709e-07
5,"improving",8.38298856895678e-07
6,"improving",0.000234997100802052
1,"balance",0.000116697340547783
2,"balance",8.80706538013056e-07
3,"balance",8.87806159954261e-07
4,"balance",8.63146410346709e-07
5,"balance",8.38298856895678e-07
6,"balance",9.00372033724334e-07
1,"dissapointed",1.8707207263385e-05
2,"dissapointed",0.00010656549109958
3,"dissapointed",9.76586775949687e-06
4,"dissapointed",8.63146410346709e-07
5,"dissapointed",8.38298856895678e-07
6,"dissapointed",9.00372033724334e-07
1,"verge",8.90819393494524e-07
2,"verge",8.80706538013056e-07
3,"verge",8.87806159954261e-07
4,"verge",6.12833951346163e-05
5,"verge",9.22128742585246e-06
6,"verge",9.00372033724334e-07
1,"piss",8.90819393494524e-07
2,"piss",8.80706538013056e-07
3,"piss",9.85464837549228e-05
4,"piss",8.63146410346709e-07
5,"piss",8.38298856895678e-07
6,"piss",1.8907812708211e-05
1,"lmao",1.8707207263385e-05
2,"lmao",8.80706538013056e-07
3,"lmao",6.30342373567525e-05
4,"lmao",1.81260746172809e-05
5,"lmao",8.38298856895678e-07
6,"lmao",9.00372033724334e-07
1,"results",0.000437392322205811
2,"results",0.000177022014140624
3,"results",8.87806159954261e-07
4,"results",8.63146410346709e-07
5,"results",8.38298856895678e-07
6,"results",9.00372033724334e-07
1,"true",8.90819393494524e-07
2,"true",8.80706538013056e-07
3,"true",0.000409278639738914
4,"true",8.63146410346709e-07
5,"true",8.38298856895678e-07
6,"true",0.000162967338104105
1,"complex",8.90819393494524e-07
2,"complex",5.37230988187964e-05
3,"complex",8.87806159954261e-07
4,"complex",8.63146410346709e-07
5,"complex",8.38298856895678e-07
6,"complex",5.49226940571845e-05
1,"opposite",4.54317890682208e-05
2,"opposite",8.89513603393186e-05
3,"opposite",8.87806159954261e-07
4,"opposite",8.63146410346709e-07
5,"opposite",8.38298856895678e-07
6,"opposite",9.00372033724334e-07
1,"split",8.90819393494524e-07
2,"split",8.80706538013056e-07
3,"split",8.87806159954261e-07
4,"split",6.99148592380834e-05
5,"split",8.38298856895678e-07
6,"split",9.00372033724334e-07
1,"carries",2.76154011983302e-05
2,"carries",8.80706538013056e-07
3,"carries",8.87806159954261e-07
4,"carries",6.12833951346163e-05
5,"carries",3.43702531327228e-05
6,"carries",9.00372033724334e-07
1,"areas",0.000357218576791304
2,"areas",8.80706538013056e-07
3,"areas",8.87806159954261e-07
4,"areas",8.63146410346709e-07
5,"areas",8.38298856895678e-07
6,"areas",9.00372033724334e-07
1,"rectified",8.90819393494524e-07
2,"rectified",8.80706538013056e-07
3,"rectified",8.87806159954261e-07
4,"rectified",9.58092515484846e-05
5,"rectified",8.38298856895678e-07
6,"rectified",9.00372033724334e-07
1,"act",8.90819393494524e-07
2,"act",8.80706538013056e-07
3,"act",8.87806159954261e-07
4,"act",0.000337490246445563
5,"act",3.43702531327228e-05
6,"act",9.00372033724334e-07
1,"usefull",8.90819393494524e-07
2,"usefull",8.80706538013056e-07
3,"usefull",9.76586775949687e-06
4,"usefull",8.63146410346709e-07
5,"usefull",8.38298856895678e-07
6,"usefull",4.59189737199411e-05
1,"4-5",7.21563708730564e-05
2,"4-5",8.80706538013056e-07
3,"4-5",8.87806159954261e-07
4,"4-5",8.63146410346709e-07
5,"4-5",4.27532417016796e-05
6,"4-5",9.00372033724334e-07
1,"mixed",8.90819393494524e-07
2,"mixed",1.84948372982742e-05
3,"mixed",8.87806159954261e-07
4,"mixed",8.63146410346709e-07
5,"mixed",0.000168498070236031
6,"mixed",9.99412957434012e-05
1,"bye",8.90819393494524e-07
2,"bye",0.000529304629345846
3,"bye",8.87806159954261e-07
4,"bye",8.63146410346709e-07
5,"bye",8.38298856895678e-07
6,"bye",1.8907812708211e-05
1,"ofline",9.79901332843977e-06
2,"ofline",8.80706538013056e-07
3,"ofline",4.52781141576672e-05
4,"ofline",8.63146410346709e-07
5,"ofline",8.38298856895678e-07
6,"ofline",9.00372033724334e-07
1,"gif",8.90819393494524e-07
2,"gif",8.80706538013056e-07
3,"gif",2.75219909585821e-05
4,"gif",2.6757538720748e-05
5,"gif",8.38298856895678e-07
6,"gif",9.00372033724334e-07
1,"photo",8.90819393494524e-07
2,"photo",8.80706538013056e-07
3,"photo",8.87806159954261e-07
4,"photo",8.63146410346709e-07
5,"photo",9.22128742585246e-06
6,"photo",7.29301347316712e-05
1,"bully",8.90819393494524e-07
2,"bully",9.68777191814362e-06
3,"bully",9.76586775949687e-06
4,"bully",2.6757538720748e-05
5,"bully",8.38298856895678e-07
6,"bully",9.00372033724334e-07
1,"advertising",8.90819393494524e-07
2,"advertising",8.80706538013056e-07
3,"advertising",6.30342373567525e-05
4,"advertising",8.63146410346709e-07
5,"advertising",8.38298856895678e-07
6,"advertising",1.8907812708211e-05
1,"acct",8.90819393494524e-07
2,"acct",0.000124179621859841
3,"acct",8.87806159954261e-07
4,"acct",8.63146410346709e-07
5,"acct",8.38298856895678e-07
6,"acct",9.00372033724334e-07
1,"accessed",8.90819393494524e-07
2,"accessed",1.84948372982742e-05
3,"accessed",2.75219909585821e-05
4,"accessed",8.63146410346709e-07
5,"accessed",8.38298856895678e-07
6,"accessed",6.39264143944278e-05
1,"faced",0.000223595667767126
2,"faced",9.68777191814362e-06
3,"faced",8.87806159954261e-07
4,"faced",8.63146410346709e-07
5,"faced",8.38298856895678e-07
6,"faced",9.00372033724334e-07
1,"equaliser",8.90819393494524e-07
2,"equaliser",8.80706538013056e-07
3,"equaliser",6.30342373567525e-05
4,"equaliser",5.26519310311492e-05
5,"equaliser",8.38298856895678e-07
6,"equaliser",9.90409237096768e-06
1,"importantly",8.90819393494524e-07
2,"importantly",8.80706538013056e-07
3,"importantly",8.87806159954261e-07
4,"importantly",8.63146410346709e-07
5,"importantly",8.38298856895678e-07
6,"importantly",0.000117948736417888
1,"resetting",0.000321585801051523
2,"resetting",8.80706538013056e-07
3,"resetting",8.87806159954261e-07
4,"resetting",8.63146410346709e-07
5,"resetting",8.38298856895678e-07
6,"resetting",9.00372033724334e-07
1,"rebooted",0.000152330116287564
2,"rebooted",9.68777191814362e-06
3,"rebooted",8.87806159954261e-07
4,"rebooted",8.63146410346709e-07
5,"rebooted",8.38298856895678e-07
6,"rebooted",9.00372033724334e-07
1,"whereas",8.90819393494524e-07
2,"whereas",8.80706538013056e-07
3,"whereas",8.87806159954261e-07
4,"whereas",8.63146410346709e-07
5,"whereas",2.5987264563766e-05
6,"whereas",0.000117948736417888
1,"code",8.90819393494524e-07
2,"code",8.80706538013056e-07
3,"code",0.000453668947736627
4,"code",1.81260746172809e-05
5,"code",5.95192188395932e-05
6,"code",9.00372033724334e-07
1,"outdated",1.8707207263385e-05
2,"outdated",4.49160334386658e-05
3,"outdated",8.87806159954261e-07
4,"outdated",9.4946105138138e-06
5,"outdated",8.38298856895678e-07
6,"outdated",9.00372033724334e-07
1,"rich",3.65235951332755e-05
2,"rich",8.80706538013056e-07
3,"rich",5.41561757572099e-05
4,"rich",9.4946105138138e-06
5,"rich",8.38298856895678e-07
6,"rich",9.00372033724334e-07
1,"enhanced",8.90819393494524e-07
2,"enhanced",8.80706538013056e-07
3,"enhanced",0.000284985777345318
4,"enhanced",8.63146410346709e-07
5,"enhanced",8.38298856895678e-07
6,"enhanced",9.00372033724334e-07
1,"contents",8.90819393494524e-07
2,"contents",8.80706538013056e-07
3,"contents",4.52781141576672e-05
4,"contents",8.63146410346709e-07
5,"contents",8.38298856895678e-07
6,"contents",7.29301347316712e-05
1,"consumption",8.90819393494524e-07
2,"consumption",1.84948372982742e-05
3,"consumption",7.19122989562951e-05
4,"consumption",8.63146410346709e-07
5,"consumption",8.38298856895678e-07
6,"consumption",9.00372033724334e-07
1,"complicated",8.90819393494524e-07
2,"complicated",6.25301641989269e-05
3,"complicated",0.000187327099750349
4,"complicated",8.63146410346709e-07
5,"complicated",8.38298856895678e-07
6,"complicated",9.00372033724334e-07
1,"primium",8.90819393494524e-07
2,"primium",8.80706538013056e-07
3,"primium",8.87806159954261e-07
4,"primium",8.63146410346709e-07
5,"primium",9.30511731154204e-05
6,"primium",9.90409237096768e-06
1,"censorship",9.79901332843977e-06
2,"censorship",8.80706538013056e-07
3,"censorship",0.000356010270141658
4,"censorship",8.63146410346709e-07
5,"censorship",8.38298856895678e-07
6,"censorship",9.00372033724334e-07
1,"effectively",3.65235951332755e-05
2,"effectively",1.84948372982742e-05
3,"effectively",1.86439293590395e-05
4,"effectively",8.63146410346709e-07
5,"effectively",8.38298856895678e-07
6,"effectively",9.00372033724334e-07
1,"narrative",9.79901332843977e-06
2,"narrative",8.80706538013056e-07
3,"narrative",8.87806159954261e-07
4,"narrative",8.63146410346709e-07
5,"narrative",8.38298856895678e-07
6,"narrative",4.59189737199411e-05
1,"decreased",3.65235951332755e-05
2,"decreased",8.80706538013056e-07
3,"decreased",9.76586775949687e-06
4,"decreased",8.63146410346709e-07
5,"decreased",8.38298856895678e-07
6,"decreased",9.00372033724334e-07
1,"earlier",8.90819393494524e-07
2,"earlier",8.80706538013056e-07
3,"earlier",0.000444790886137085
4,"earlier",8.63146410346709e-07
5,"earlier",8.38298856895678e-07
6,"earlier",6.39264143944278e-05
1,"compare",3.65235951332755e-05
2,"compare",1.84948372982742e-05
3,"compare",8.87806159954261e-07
4,"compare",8.63146410346709e-07
5,"compare",8.38298856895678e-07
6,"compare",5.49226940571845e-05
1,"suitable",8.90819393494524e-07
2,"suitable",3.61089680585353e-05
3,"suitable",8.87806159954261e-07
4,"suitable",9.4946105138138e-06
5,"suitable",2.5987264563766e-05
6,"suitable",9.00372033724334e-07
1,"don",5.43399830031659e-05
2,"don",8.80706538013056e-07
3,"don",3.64000525581247e-05
4,"don",8.63146410346709e-07
5,"don",8.38298856895678e-07
6,"don",9.00372033724334e-07
1,"app.i",8.90819393494524e-07
2,"app.i",8.80706538013056e-07
3,"app.i",8.87806159954261e-07
4,"app.i",8.63146410346709e-07
5,"app.i",8.38298856895678e-07
6,"app.i",4.59189737199411e-05
1,"bands",9.79901332843977e-06
2,"bands",8.80706538013056e-07
3,"bands",8.87806159954261e-07
4,"bands",8.63146410346709e-07
5,"bands",8.38298856895678e-07
6,"bands",0.000784224041373895
1,"reminder",8.90819393494524e-07
2,"reminder",5.37230988187964e-05
3,"reminder",8.87806159954261e-07
4,"reminder",8.63146410346709e-07
5,"reminder",8.38298856895678e-07
6,"reminder",9.00372033724334e-07
1,"switches",8.90819393494524e-07
2,"switches",8.80706538013056e-07
3,"switches",8.87806159954261e-07
4,"switches",0.000518750992618372
5,"switches",8.38298856895678e-07
6,"switches",9.00372033724334e-07
1,"witch",3.65235951332755e-05
2,"witch",8.80706538013056e-07
3,"witch",8.87806159954261e-07
4,"witch",8.63146410346709e-07
5,"witch",8.38298856895678e-07
6,"witch",0.000117948736417888
1,"fo",8.90819393494524e-07
2,"fo",1.84948372982742e-05
3,"fo",9.76586775949687e-06
4,"fo",8.63146410346709e-07
5,"fo",3.43702531327228e-05
6,"fo",1.8907812708211e-05
1,"favorited",4.54317890682208e-05
2,"favorited",8.80706538013056e-07
3,"favorited",8.87806159954261e-07
4,"favorited",9.4946105138138e-06
5,"favorited",8.38298856895678e-07
6,"favorited",9.00372033724334e-07
1,"raise",9.88809526778921e-05
2,"raise",8.80706538013056e-07
3,"raise",8.87806159954261e-07
4,"raise",8.63146410346709e-07
5,"raise",8.38298856895678e-07
6,"raise",9.00372033724334e-07
1,"south",9.79901332843977e-06
2,"south",7.13372295790575e-05
3,"south",8.87806159954261e-07
4,"south",8.63146410346709e-07
5,"south",8.38298856895678e-07
6,"south",9.00372033724334e-07
1,"expensive",3.65235951332755e-05
2,"expensive",0.000520497563965716
3,"expensive",8.87806159954261e-07
4,"expensive",8.63146410346709e-07
5,"expensive",8.38298856895678e-07
6,"expensive",9.00372033724334e-07
1,"material",8.90819393494524e-07
2,"material",9.68777191814362e-06
3,"material",8.87806159954261e-07
4,"material",8.63146410346709e-07
5,"material",8.38298856895678e-07
6,"material",0.000153963617766861
1,"dangerous",1.8707207263385e-05
2,"dangerous",8.80706538013056e-07
3,"dangerous",8.87806159954261e-07
4,"dangerous",0.000354753174652497
5,"dangerous",8.38298856895678e-07
6,"dangerous",9.00372033724334e-07
1,"3rd",8.90819393494524e-07
2,"3rd",0.000203443210281016
3,"3rd",8.87806159954261e-07
4,"3rd",8.63146410346709e-07
5,"3rd",8.38298856895678e-07
6,"3rd",9.00372033724334e-07
1,"oh",8.90819393494524e-07
2,"oh",8.80706538013056e-07
3,"oh",0.000826547534917416
4,"oh",8.63146410346709e-07
5,"oh",8.38298856895678e-07
6,"oh",0.000171971058441348
1,"boy",8.90819393494524e-07
2,"boy",8.89513603393186e-05
3,"boy",8.87806159954261e-07
4,"boy",8.63146410346709e-07
5,"boy",9.22128742585246e-06
6,"boy",9.00372033724334e-07
1,"resets",8.90819393494524e-07
2,"resets",8.80706538013056e-07
3,"resets",8.87806159954261e-07
4,"resets",0.000242544141307425
5,"resets",8.38298856895678e-07
6,"resets",9.00372033724334e-07
1,"wise",8.90819393494524e-07
2,"wise",8.80706538013056e-07
3,"wise",0.000267229654146232
4,"wise",8.63146410346709e-07
5,"wise",8.38298856895678e-07
6,"wise",2.79115330454544e-05
1,"categories",8.90819393494524e-07
2,"categories",9.68777191814362e-06
3,"categories",1.86439293590395e-05
4,"categories",8.63146410346709e-07
5,"categories",8.38298856895678e-07
6,"categories",0.000307026863499998
1,"uploaded",4.54317890682208e-05
2,"uploaded",8.80706538013056e-07
3,"uploaded",8.87806159954261e-07
4,"uploaded",8.63146410346709e-07
5,"uploaded",8.38298856895678e-07
6,"uploaded",8.19338550689144e-05
1,"confirm",8.90819393494524e-07
2,"confirm",0.000132986687239971
3,"confirm",8.87806159954261e-07
4,"confirm",8.63146410346709e-07
5,"confirm",8.38298856895678e-07
6,"confirm",9.00372033724334e-07
1,"occasions",8.90819393494524e-07
2,"occasions",8.80706538013056e-07
3,"occasions",0.000160692914951721
4,"occasions",8.63146410346709e-07
5,"occasions",8.38298856895678e-07
6,"occasions",9.00372033724334e-07
1,"bounce",8.90819393494524e-07
2,"bounce",8.80706538013056e-07
3,"bounce",5.41561757572099e-05
4,"bounce",8.63146410346709e-07
5,"bounce",8.38298856895678e-07
6,"bounce",9.00372033724334e-07
1,"serious",8.90819393494524e-07
2,"serious",8.80706538013056e-07
3,"serious",8.87806159954261e-07
4,"serious",0.000423804887480234
5,"serious",8.38298856895678e-07
6,"serious",9.00372033724334e-07
1,"somewhere",8.90819393494524e-07
2,"somewhere",0.000441233975544541
3,"somewhere",8.87806159954261e-07
4,"somewhere",8.63146410346709e-07
5,"somewhere",1.76042759948093e-05
6,"somewhere",5.49226940571845e-05
1,"belive",1.8707207263385e-05
2,"belive",2.73019026784047e-05
3,"belive",8.87806159954261e-07
4,"belive",8.63146410346709e-07
5,"belive",8.38298856895678e-07
6,"belive",9.00372033724334e-07
1,"whose",8.90819393494524e-07
2,"whose",2.73019026784047e-05
3,"whose",8.87806159954261e-07
4,"whose",8.63146410346709e-07
5,"whose",3.43702531327228e-05
6,"whose",1.8907812708211e-05
1,"crime",8.90819393494524e-07
2,"crime",8.80706538013056e-07
3,"crime",8.87806159954261e-07
4,"crime",8.63146410346709e-07
5,"crime",9.22128742585246e-06
6,"crime",9.09375754061579e-05
1,"refused",8.90819393494524e-07
2,"refused",0.00010656549109958
3,"refused",9.76586775949687e-06
4,"refused",2.6757538720748e-05
5,"refused",8.38298856895678e-07
6,"refused",9.00372033724334e-07
1,"whilst",8.90819393494524e-07
2,"whilst",1.84948372982742e-05
3,"whilst",5.41561757572099e-05
4,"whilst",0.000337490246445563
5,"whilst",4.27532417016796e-05
6,"whilst",9.00372033724334e-07
1,"rude",8.90819393494524e-07
2,"rude",8.80706538013056e-07
3,"rude",8.87806159954261e-07
4,"rude",8.63146410346709e-07
5,"rude",0.000134966115960204
6,"rude",9.90409237096768e-06
1,"special",8.90819393494524e-07
2,"special",8.80706538013056e-07
3,"special",8.87806159954261e-07
4,"special",8.63146410346709e-07
5,"special",8.38298856895678e-07
6,"special",0.000316030583837242
1,"cross",8.90819393494524e-07
2,"cross",8.01442949591881e-05
3,"cross",8.87806159954261e-07
4,"cross",8.63146410346709e-07
5,"cross",8.38298856895678e-07
6,"cross",1.8907812708211e-05
1,"fade",9.79901332843977e-06
2,"fade",8.80706538013056e-07
3,"fade",9.76586775949687e-06
4,"fade",8.63146410346709e-07
5,"fade",8.38298856895678e-07
6,"fade",6.39264143944278e-05
1,"implement",8.90819393494524e-07
2,"implement",2.73019026784047e-05
3,"implement",0.000142936791752636
4,"implement",8.63146410346709e-07
5,"implement",8.38298856895678e-07
6,"implement",9.90409237096768e-06
1,"result",0.000339402188921414
2,"result",5.37230988187964e-05
3,"result",8.87806159954261e-07
4,"result",8.63146410346709e-07
5,"result",8.38298856895678e-07
6,"result",9.00372033724334e-07
1,"guide",5.43399830031659e-05
2,"guide",8.80706538013056e-07
3,"guide",8.87806159954261e-07
4,"guide",8.63146410346709e-07
5,"guide",8.38298856895678e-07
6,"guide",9.00372033724334e-07
1,"lil",8.90819393494524e-07
2,"lil",8.80706538013056e-07
3,"lil",8.87806159954261e-07
4,"lil",7.85463233415505e-05
5,"lil",8.38298856895678e-07
6,"lil",2.79115330454544e-05
1,"mute",8.90819393494524e-07
2,"mute",8.80706538013056e-07
3,"mute",8.87806159954261e-07
4,"mute",8.63146410346709e-07
5,"mute",8.38298856895678e-07
6,"mute",8.19338550689144e-05
1,"bestest",6.32481769381112e-05
2,"bestest",8.80706538013056e-07
3,"bestest",8.87806159954261e-07
4,"bestest",8.63146410346709e-07
5,"bestest",8.38298856895678e-07
6,"bestest",9.00372033724334e-07
1,"tries",0.000392851352531085
2,"tries",8.80706538013056e-07
3,"tries",8.87806159954261e-07
4,"tries",2.6757538720748e-05
5,"tries",8.38298856895678e-07
6,"tries",9.00372033724334e-07
1,"lowest",8.90819393494524e-07
2,"lowest",8.80706538013056e-07
3,"lowest",8.87806159954261e-07
4,"lowest",8.63146410346709e-07
5,"lowest",3.43702531327228e-05
6,"lowest",9.90409237096768e-06
1,"pretends",1.8707207263385e-05
2,"pretends",1.84948372982742e-05
3,"pretends",8.87806159954261e-07
4,"pretends",9.4946105138138e-06
5,"pretends",8.38298856895678e-07
6,"pretends",9.00372033724334e-07
1,"frankly",8.90819393494524e-07
2,"frankly",6.25301641989269e-05
3,"frankly",8.87806159954261e-07
4,"frankly",8.63146410346709e-07
5,"frankly",8.38298856895678e-07
6,"frankly",9.00372033724334e-07
1,"red",1.8707207263385e-05
2,"red",9.77584257194491e-05
3,"red",5.41561757572099e-05
4,"red",8.63146410346709e-07
5,"red",8.38298856895678e-07
6,"red",9.00372033724334e-07
1,"unwanted",9.79901332843977e-06
2,"unwanted",8.80706538013056e-07
3,"unwanted",8.87806159954261e-07
4,"unwanted",8.63146410346709e-07
5,"unwanted",0.00030262588733934
6,"unwanted",9.00372033724334e-07
1,"compile",8.90819393494524e-07
2,"compile",8.80706538013056e-07
3,"compile",8.87806159954261e-07
4,"compile",9.4946105138138e-06
5,"compile",8.38298856895678e-07
6,"compile",3.69152533826978e-05
1,"x",8.90819393494524e-07
2,"x",8.80706538013056e-07
3,"x",4.52781141576672e-05
4,"x",8.63146410346709e-07
5,"x",8.38298856895678e-07
6,"x",0.000334038024511728
1,"skipped",8.90819393494524e-07
2,"skipped",8.80706538013056e-07
3,"skipped",8.87806159954261e-07
4,"skipped",8.63146410346709e-07
5,"skipped",0.000411604738735778
6,"skipped",9.00372033724334e-07
1,"mandatory",8.90819393494524e-07
2,"mandatory",5.37230988187964e-05
3,"mandatory",8.87806159954261e-07
4,"mandatory",8.63146410346709e-07
5,"mandatory",8.38298856895678e-07
6,"mandatory",9.00372033724334e-07
1,"ensure",2.76154011983302e-05
2,"ensure",8.80706538013056e-07
3,"ensure",9.76586775949687e-06
4,"ensure",8.63146410346709e-07
5,"ensure",1.76042759948093e-05
6,"ensure",9.00372033724334e-07
1,"compatible",8.90819393494524e-07
2,"compatible",0.000185829079520755
3,"compatible",8.87806159954261e-07
4,"compatible",8.63146410346709e-07
5,"compatible",8.38298856895678e-07
6,"compatible",9.00372033724334e-07
1,"nah",8.90819393494524e-07
2,"nah",8.80706538013056e-07
3,"nah",8.87806159954261e-07
4,"nah",8.63146410346709e-07
5,"nah",0.000118200138822291
6,"nah",9.00372033724334e-07
1,"guides",8.90819393494524e-07
2,"guides",8.80706538013056e-07
3,"guides",8.87806159954261e-07
4,"guides",4.40204669276821e-05
5,"guides",8.38298856895678e-07
6,"guides",9.00372033724334e-07
1,"preferences",8.90819393494524e-07
2,"preferences",8.80706538013056e-07
3,"preferences",8.87806159954261e-07
4,"preferences",8.63146410346709e-07
5,"preferences",8.38298856895678e-07
6,"preferences",0.000262008261813782
1,"sons",8.90819393494524e-07
2,"sons",8.80706538013056e-07
3,"sons",8.87806159954261e-07
4,"sons",8.63146410346709e-07
5,"sons",9.30511731154204e-05
6,"sons",9.00372033724334e-07
1,"tiny",8.90819393494524e-07
2,"tiny",8.80706538013056e-07
3,"tiny",0.000151814853352178
4,"tiny",8.63146410346709e-07
5,"tiny",8.38298856895678e-07
6,"tiny",9.00372033724334e-07
1,"companion",4.54317890682208e-05
2,"companion",8.80706538013056e-07
3,"companion",2.75219909585821e-05
4,"companion",8.63146410346709e-07
5,"companion",8.38298856895678e-07
6,"companion",9.00372033724334e-07
1,"opera",2.76154011983302e-05
2,"opera",1.84948372982742e-05
3,"opera",8.87806159954261e-07
4,"opera",8.63146410346709e-07
5,"opera",9.22128742585246e-06
6,"opera",1.8907812708211e-05
1,"lover",8.90819393494524e-07
2,"lover",8.80706538013056e-07
3,"lover",8.87806159954261e-07
4,"lover",8.63146410346709e-07
5,"lover",8.38298856895678e-07
6,"lover",0.000289019422825511
1,"translation",8.90819393494524e-07
2,"translation",8.80706538013056e-07
3,"translation",8.87806159954261e-07
4,"translation",1.81260746172809e-05
5,"translation",8.38298856895678e-07
6,"translation",0.000171971058441348
1,"foreign",8.90819393494524e-07
2,"foreign",8.80706538013056e-07
3,"foreign",8.87806159954261e-07
4,"foreign",8.63146410346709e-07
5,"foreign",8.38298856895678e-07
6,"foreign",9.99412957434012e-05
1,"translations",8.90819393494524e-07
2,"translations",9.68777191814362e-06
3,"translations",8.87806159954261e-07
4,"translations",8.63146410346709e-07
5,"translations",9.22128742585246e-06
6,"translations",3.69152533826978e-05
1,"size",8.90819393494524e-07
2,"size",0.000168214948760494
3,"size",8.87806159954261e-07
4,"size",6.99148592380834e-05
5,"size",8.38298856895678e-07
6,"size",9.00372033724334e-07
1,"promotion",8.90819393494524e-07
2,"promotion",4.49160334386658e-05
3,"promotion",8.87806159954261e-07
4,"promotion",8.63146410346709e-07
5,"promotion",8.38298856895678e-07
6,"promotion",9.90409237096768e-06
1,"oops",8.10645648080017e-05
2,"oops",8.80706538013056e-07
3,"oops",8.87806159954261e-07
4,"oops",1.81260746172809e-05
5,"oops",8.38298856895678e-07
6,"oops",9.90409237096768e-06
1,"cheers",4.54317890682208e-05
2,"cheers",8.80706538013056e-07
3,"cheers",9.85464837549228e-05
4,"cheers",8.63146410346709e-07
5,"cheers",8.38298856895678e-07
6,"cheers",9.00372033724334e-07
1,"spoilt",8.90819393494524e-07
2,"spoilt",8.80706538013056e-07
3,"spoilt",4.52781141576672e-05
4,"spoilt",8.63146410346709e-07
5,"spoilt",8.38298856895678e-07
6,"spoilt",9.00372033724334e-07
1,"studying",8.90819393494524e-07
2,"studying",8.80706538013056e-07
3,"studying",7.19122989562951e-05
4,"studying",8.63146410346709e-07
5,"studying",8.38298856895678e-07
6,"studying",7.29301347316712e-05
1,"study",8.90819393494524e-07
2,"study",8.80706538013056e-07
3,"study",0.000134058730153093
4,"study",3.53890028242151e-05
5,"study",8.38298856895678e-07
6,"study",9.90409237096768e-06
1,"happily",6.32481769381112e-05
2,"happily",8.89513603393186e-05
3,"happily",8.87806159954261e-07
4,"happily",8.63146410346709e-07
5,"happily",8.38298856895678e-07
6,"happily",9.00372033724334e-07
1,"crisp",8.90819393494524e-07
2,"crisp",8.80706538013056e-07
3,"crisp",9.76586775949687e-06
4,"crisp",1.81260746172809e-05
5,"crisp",8.38298856895678e-07
6,"crisp",2.79115330454544e-05
1,"extreme",2.76154011983302e-05
2,"extreme",8.80706538013056e-07
3,"extreme",6.30342373567525e-05
4,"extreme",8.63146410346709e-07
5,"extreme",8.38298856895678e-07
6,"extreme",9.00372033724334e-07
1,"steps",0.000259228443506906
2,"steps",8.80706538013056e-07
3,"steps",8.87806159954261e-07
4,"steps",8.63146410346709e-07
5,"steps",8.38298856895678e-07
6,"steps",9.00372033724334e-07
1,"censored",8.90819393494524e-07
2,"censored",2.73019026784047e-05
3,"censored",5.41561757572099e-05
4,"censored",8.63146410346709e-07
5,"censored",8.38298856895678e-07
6,"censored",9.00372033724334e-07
1,"word",8.90819393494524e-07
2,"word",8.80706538013056e-07
3,"word",0.000240595469347605
4,"word",8.63146410346709e-07
5,"word",8.38298856895678e-07
6,"word",9.00372033724334e-07
1,"yea",8.90819393494524e-07
2,"yea",8.80706538013056e-07
3,"yea",0.000213961284548977
4,"yea",8.63146410346709e-07
5,"yea",8.38298856895678e-07
6,"yea",9.00372033724334e-07
1,"sea",8.90819393494524e-07
2,"sea",8.80706538013056e-07
3,"sea",8.96684221553803e-05
4,"sea",8.63146410346709e-07
5,"sea",8.38298856895678e-07
6,"sea",9.00372033724334e-07
1,"clutter",8.90819393494524e-07
2,"clutter",8.80706538013056e-07
3,"clutter",8.87806159954261e-07
4,"clutter",5.26519310311492e-05
5,"clutter",8.38298856895678e-07
6,"clutter",9.00372033724334e-07
1,"ready",8.90819393494524e-07
2,"ready",0.000555725825486238
3,"ready",9.76586775949687e-06
4,"ready",8.63146410346709e-07
5,"ready",8.38298856895678e-07
6,"ready",9.00372033724334e-07
1,"activated",8.90819393494524e-07
2,"activated",8.80706538013056e-07
3,"activated",8.07903605558377e-05
4,"activated",8.63146410346709e-07
5,"activated",8.38298856895678e-07
6,"activated",9.00372033724334e-07
1,"rage",8.90819393494524e-07
2,"rage",2.73019026784047e-05
3,"rage",3.64000525581247e-05
4,"rage",8.63146410346709e-07
5,"rage",8.38298856895678e-07
6,"rage",9.00372033724334e-07
1,"relaunched",9.79901332843977e-06
2,"relaunched",8.80706538013056e-07
3,"relaunched",8.87806159954261e-07
4,"relaunched",3.53890028242151e-05
5,"relaunched",8.38298856895678e-07
6,"relaunched",9.00372033724334e-07
1,"altogether",4.54317890682208e-05
2,"altogether",8.80706538013056e-07
3,"altogether",8.87806159954261e-07
4,"altogether",0.000294332925928228
5,"altogether",8.38298856895678e-07
6,"altogether",9.00372033724334e-07
1,"receive",0.000259228443506906
2,"receive",8.80706538013056e-07
3,"receive",8.87806159954261e-07
4,"receive",8.63146410346709e-07
5,"receive",8.38298856895678e-07
6,"receive",9.00372033724334e-07
1,"ll",8.90819393494524e-07
2,"ll",3.61089680585353e-05
3,"ll",9.76586775949687e-06
4,"ll",9.4946105138138e-06
5,"ll",8.38298856895678e-07
6,"ll",9.00372033724334e-07
1,"sensitive",8.90819393494524e-07
2,"sensitive",8.80706538013056e-07
3,"sensitive",3.64000525581247e-05
4,"sensitive",8.63146410346709e-07
5,"sensitive",1.76042759948093e-05
6,"sensitive",9.00372033724334e-07
1,"adjust",9.79901332843977e-06
2,"adjust",8.80706538013056e-07
3,"adjust",2.75219909585821e-05
4,"adjust",8.63146410346709e-07
5,"adjust",0.000160115081667075
6,"adjust",0.000144959897429618
1,"filter",8.90819393494524e-07
2,"filter",8.80706538013056e-07
3,"filter",0.000604595994928851
4,"filter",8.63146410346709e-07
5,"filter",8.38298856895678e-07
6,"filter",9.00372033724334e-07
1,"adopted",2.76154011983302e-05
2,"adopted",1.84948372982742e-05
3,"adopted",8.87806159954261e-07
4,"adopted",8.63146410346709e-07
5,"adopted",8.38298856895678e-07
6,"adopted",9.00372033724334e-07
1,"pandora's",8.90819393494524e-07
2,"pandora's",4.49160334386658e-05
3,"pandora's",8.87806159954261e-07
4,"pandora's",8.63146410346709e-07
5,"pandora's",9.22128742585246e-06
6,"pandora's",9.90409237096768e-06
1,"epic",6.32481769381112e-05
2,"epic",8.80706538013056e-07
3,"epic",8.87806159954261e-07
4,"epic",8.63146410346709e-07
5,"epic",1.76042759948093e-05
6,"epic",9.00372033724334e-07
1,"intend",8.90819393494524e-07
2,"intend",9.68777191814362e-06
3,"intend",4.52781141576672e-05
4,"intend",8.63146410346709e-07
5,"intend",8.38298856895678e-07
6,"intend",9.00372033724334e-07
1,"massive",0.000116697340547783
2,"massive",8.80706538013056e-07
3,"massive",8.87806159954261e-07
4,"massive",0.000328858782342096
5,"massive",8.38298856895678e-07
6,"massive",1.8907812708211e-05
1,"recognizing",9.79901332843977e-06
2,"recognizing",8.80706538013056e-07
3,"recognizing",8.87806159954261e-07
4,"recognizing",7.85463233415505e-05
5,"recognizing",8.38298856895678e-07
6,"recognizing",9.00372033724334e-07
1,"locations",6.32481769381112e-05
2,"locations",8.80706538013056e-07
3,"locations",8.87806159954261e-07
4,"locations",8.63146410346709e-07
5,"locations",8.38298856895678e-07
6,"locations",9.00372033724334e-07
1,"usual",0.000321585801051523
2,"usual",8.80706538013056e-07
3,"usual",8.87806159954261e-07
4,"usual",8.63146410346709e-07
5,"usual",8.38298856895678e-07
6,"usual",9.90409237096768e-06
1,"qa",8.90819393494524e-07
2,"qa",8.80706538013056e-07
3,"qa",8.87806159954261e-07
4,"qa",0.000164860964376221
5,"qa",8.38298856895678e-07
6,"qa",9.00372033724334e-07
1,"acknowledge",9.79901332843977e-06
2,"acknowledge",8.80706538013056e-07
3,"acknowledge",8.87806159954261e-07
4,"acknowledge",8.63146410346709e-07
5,"acknowledge",8.38298856895678e-07
6,"acknowledge",9.99412957434012e-05
1,"faults",1.8707207263385e-05
2,"faults",8.80706538013056e-07
3,"faults",4.52781141576672e-05
4,"faults",8.63146410346709e-07
5,"faults",8.38298856895678e-07
6,"faults",9.00372033724334e-07
1,"basics",8.90819393494524e-07
2,"basics",0.00011537255647971
3,"basics",8.87806159954261e-07
4,"basics",8.63146410346709e-07
5,"basics",8.38298856895678e-07
6,"basics",9.00372033724334e-07
1,"rolled",3.65235951332755e-05
2,"rolled",8.80706538013056e-07
3,"rolled",8.87806159954261e-07
4,"rolled",4.40204669276821e-05
5,"rolled",8.38298856895678e-07
6,"rolled",2.79115330454544e-05
1,"resuming",8.90819393494524e-07
2,"resuming",8.80706538013056e-07
3,"resuming",8.87806159954261e-07
4,"resuming",0.000104440715651952
5,"resuming",8.38298856895678e-07
6,"resuming",9.00372033724334e-07
1,"focus",8.90819393494524e-07
2,"focus",8.80706538013056e-07
3,"focus",0.000249473530947147
4,"focus",9.4946105138138e-06
5,"focus",8.38298856895678e-07
6,"focus",0.000126952456755131
1,"build",8.90819393494524e-07
2,"build",8.80706538013056e-07
3,"build",8.87806159954261e-07
4,"build",8.63146410346709e-07
5,"build",8.38298856895678e-07
6,"build",0.000451086388895892
1,"itd",8.90819393494524e-07
2,"itd",8.80706538013056e-07
3,"itd",8.87806159954261e-07
4,"itd",8.63146410346709e-07
5,"itd",4.27532417016796e-05
6,"itd",9.00372033724334e-07
1,"lead",8.90819393494524e-07
2,"lead",4.49160334386658e-05
3,"lead",3.64000525581247e-05
4,"lead",8.63146410346709e-07
5,"lead",8.38298856895678e-07
6,"lead",2.79115330454544e-05
1,"funny",0.000223595667767126
2,"funny",8.80706538013056e-07
3,"funny",1.86439293590395e-05
4,"funny",8.63146410346709e-07
5,"funny",8.38298856895678e-07
6,"funny",9.00372033724334e-07
1,"themes",8.90819393494524e-07
2,"themes",8.80706538013056e-07
3,"themes",0.000125180668553551
4,"themes",8.63146410346709e-07
5,"themes",1.76042759948093e-05
6,"themes",9.00372033724334e-07
1,"otp",8.90819393494524e-07
2,"otp",8.89513603393186e-05
3,"otp",3.64000525581247e-05
4,"otp",8.63146410346709e-07
5,"otp",8.38298856895678e-07
6,"otp",9.00372033724334e-07
1,"ffs",8.90819393494524e-07
2,"ffs",8.80706538013056e-07
3,"ffs",0.000196205161349891
4,"ffs",8.63146410346709e-07
5,"ffs",8.38298856895678e-07
6,"ffs",9.00372033724334e-07
1,"whoever",8.90819393494524e-07
2,"whoever",8.80706538013056e-07
3,"whoever",8.87806159954261e-07
4,"whoever",9.58092515484846e-05
5,"whoever",0.000101434161684377
6,"whoever",9.00372033724334e-07
1,"mainly",8.90819393494524e-07
2,"mainly",8.80706538013056e-07
3,"mainly",8.07903605558377e-05
4,"mainly",8.63146410346709e-07
5,"mainly",7.62851959775067e-05
6,"mainly",0.000280015702488268
1,"havent",0.000125605534482728
2,"havent",8.80706538013056e-07
3,"havent",2.75219909585821e-05
4,"havent",8.63146410346709e-07
5,"havent",8.38298856895678e-07
6,"havent",0.000153963617766861
1,"boom",8.90819393494524e-07
2,"boom",0.00011537255647971
3,"boom",8.87806159954261e-07
4,"boom",8.63146410346709e-07
5,"boom",8.38298856895678e-07
6,"boom",9.00372033724334e-07
1,"equally",6.32481769381112e-05
2,"equally",8.80706538013056e-07
3,"equally",8.87806159954261e-07
4,"equally",1.81260746172809e-05
5,"equally",8.38298856895678e-07
6,"equally",9.00372033724334e-07
1,"stand",1.8707207263385e-05
2,"stand",0.000203443210281016
3,"stand",7.19122989562951e-05
4,"stand",8.63146410346709e-07
5,"stand",8.38298856895678e-07
6,"stand",0.000153963617766861
1,"renew",8.90819393494524e-07
2,"renew",0.000388391583263757
3,"renew",8.87806159954261e-07
4,"renew",8.63146410346709e-07
5,"renew",8.38298856895678e-07
6,"renew",9.90409237096768e-06
1,"nigeria",3.65235951332755e-05
2,"nigeria",4.49160334386658e-05
3,"nigeria",8.87806159954261e-07
4,"nigeria",8.63146410346709e-07
5,"nigeria",8.38298856895678e-07
6,"nigeria",9.00372033724334e-07
1,"brother",7.21563708730564e-05
2,"brother",8.80706538013056e-07
3,"brother",8.87806159954261e-07
4,"brother",8.63146410346709e-07
5,"brother",8.38298856895678e-07
6,"brother",7.29301347316712e-05
1,"occasional",1.8707207263385e-05
2,"occasional",0.000177022014140624
3,"occasional",8.87806159954261e-07
4,"occasional",6.12833951346163e-05
5,"occasional",8.38298856895678e-07
6,"occasional",9.90409237096768e-06
1,"bummed",2.76154011983302e-05
2,"bummed",7.13372295790575e-05
3,"bummed",8.87806159954261e-07
4,"bummed",8.63146410346709e-07
5,"bummed",8.38298856895678e-07
6,"bummed",9.00372033724334e-07
1,"city",8.10645648080017e-05
2,"city",8.80706538013056e-07
3,"city",2.75219909585821e-05
4,"city",8.63146410346709e-07
5,"city",8.38298856895678e-07
6,"city",9.00372033724334e-07
1,"retrieve",8.90819393494524e-07
2,"retrieve",8.80706538013056e-07
3,"retrieve",8.07903605558377e-05
4,"retrieve",8.63146410346709e-07
5,"retrieve",8.38298856895678e-07
6,"retrieve",9.00372033724334e-07
1,"beside",1.8707207263385e-05
2,"beside",8.80706538013056e-07
3,"beside",0.000125180668553551
4,"beside",1.81260746172809e-05
5,"beside",8.38298856895678e-07
6,"beside",9.00372033724334e-07
1,"manages",8.90819393494524e-07
2,"manages",2.73019026784047e-05
3,"manages",8.87806159954261e-07
4,"manages",8.63146410346709e-07
5,"manages",5.11362302706364e-05
6,"manages",9.00372033724334e-07
1,"billion",8.90819393494524e-07
2,"billion",0.00011537255647971
3,"billion",8.87806159954261e-07
4,"billion",8.63146410346709e-07
5,"billion",8.38298856895678e-07
6,"billion",1.8907812708211e-05
1,"horribly",0.000232503861702071
2,"horribly",8.80706538013056e-07
3,"horribly",8.87806159954261e-07
4,"horribly",8.63146410346709e-07
5,"horribly",8.38298856895678e-07
6,"horribly",9.00372033724334e-07
1,"sooner",9.79901332843977e-06
2,"sooner",9.68777191814362e-06
3,"sooner",6.30342373567525e-05
4,"sooner",6.12833951346163e-05
5,"sooner",8.38298856895678e-07
6,"sooner",9.00372033724334e-07
1,"connectivity",0.000321585801051523
2,"connectivity",1.84948372982742e-05
3,"connectivity",8.87806159954261e-07
4,"connectivity",0.000311595854135162
5,"connectivity",9.22128742585246e-06
6,"connectivity",9.00372033724334e-07
1,"responsive",8.90819393494524e-07
2,"responsive",8.80706538013056e-07
3,"responsive",0.000142936791752636
4,"responsive",8.63146410346709e-07
5,"responsive",8.38298856895678e-07
6,"responsive",9.09375754061579e-05
1,"kudos",8.90819393494524e-07
2,"kudos",1.84948372982742e-05
3,"kudos",8.87806159954261e-07
4,"kudos",8.63146410346709e-07
5,"kudos",8.38298856895678e-07
6,"kudos",7.29301347316712e-05
1,"designers",8.90819393494524e-07
2,"designers",8.80706538013056e-07
3,"designers",6.30342373567525e-05
4,"designers",8.63146410346709e-07
5,"designers",8.38298856895678e-07
6,"designers",9.00372033724334e-07
1,"bruh",8.90819393494524e-07
2,"bruh",1.84948372982742e-05
3,"bruh",8.87806159954261e-07
4,"bruh",8.63146410346709e-07
5,"bruh",0.000428370715873692
6,"bruh",9.00372033724334e-07
1,"entered",9.79901332843977e-06
2,"entered",0.00011537255647971
3,"entered",8.87806159954261e-07
4,"entered",8.63146410346709e-07
5,"entered",8.38298856895678e-07
6,"entered",9.00372033724334e-07
1,"music's",9.79901332843977e-06
2,"music's",8.80706538013056e-07
3,"music's",8.87806159954261e-07
4,"music's",8.63146410346709e-07
5,"music's",8.38298856895678e-07
6,"music's",9.99412957434012e-05
1,"par",8.90819393494524e-07
2,"par",8.80706538013056e-07
3,"par",8.87806159954261e-07
4,"par",8.71777874450176e-05
5,"par",8.38298856895678e-07
6,"par",9.00372033724334e-07
1,"future",8.90819393494524e-07
2,"future",8.80706538013056e-07
3,"future",0.00049805925573434
4,"future",8.63146410346709e-07
5,"future",9.22128742585246e-06
6,"future",9.00372033724334e-07
1,"nevertheless",8.90819393494524e-07
2,"nevertheless",8.80706538013056e-07
3,"nevertheless",8.87806159954261e-07
4,"nevertheless",8.63146410346709e-07
5,"nevertheless",8.38298856895678e-07
6,"nevertheless",9.09375754061579e-05
1,"lacks",8.90819393494524e-07
2,"lacks",8.80706538013056e-07
3,"lacks",4.52781141576672e-05
4,"lacks",8.63146410346709e-07
5,"lacks",0.000168498070236031
6,"lacks",9.00372033724334e-07
1,"eq",8.90819393494524e-07
2,"eq",8.80706538013056e-07
3,"eq",2.75219909585821e-05
4,"eq",8.63146410346709e-07
5,"eq",9.22128742585246e-06
6,"eq",8.19338550689144e-05
1,"success",0.000116697340547783
2,"success",8.80706538013056e-07
3,"success",8.87806159954261e-07
4,"success",8.63146410346709e-07
5,"success",8.38298856895678e-07
6,"success",9.00372033724334e-07
1,"forgotten",8.90819393494524e-07
2,"forgotten",8.80706538013056e-07
3,"forgotten",8.87806159954261e-07
4,"forgotten",1.81260746172809e-05
5,"forgotten",9.22128742585246e-06
6,"forgotten",0.000234997100802052
1,"alphabetical",8.90819393494524e-07
2,"alphabetical",8.80706538013056e-07
3,"alphabetical",0.000169570976551264
4,"alphabetical",8.63146410346709e-07
5,"alphabetical",1.76042759948093e-05
6,"alphabetical",9.00372033724334e-07
1,"disaster",8.90819393494524e-07
2,"disaster",8.80706538013056e-07
3,"disaster",9.76586775949687e-06
4,"disaster",0.000190755356686622
5,"disaster",8.38298856895678e-07
6,"disaster",9.00372033724334e-07
1,"bummer",8.90819393494524e-07
2,"bummer",9.77584257194491e-05
3,"bummer",8.87806159954261e-07
4,"bummer",6.12833951346163e-05
5,"bummer",8.38298856895678e-07
6,"bummer",9.00372033724334e-07
1,"disliked",8.90819393494524e-07
2,"disliked",5.37230988187964e-05
3,"disliked",8.87806159954261e-07
4,"disliked",9.4946105138138e-06
5,"disliked",2.5987264563766e-05
6,"disliked",9.00372033724334e-07
1,"thoughts",8.90819393494524e-07
2,"thoughts",8.80706538013056e-07
3,"thoughts",8.87806159954261e-07
4,"thoughts",7.85463233415505e-05
5,"thoughts",8.38298856895678e-07
6,"thoughts",9.00372033724334e-07
1,"source",8.90819393494524e-07
2,"source",2.73019026784047e-05
3,"source",1.86439293590395e-05
4,"source",8.63146410346709e-07
5,"source",8.38298856895678e-07
6,"source",0.000379056626197945
1,"affordable",8.90819393494524e-07
2,"affordable",8.80706538013056e-07
3,"affordable",8.87806159954261e-07
4,"affordable",8.63146410346709e-07
5,"affordable",8.38298856895678e-07
6,"affordable",0.000234997100802052
1,"ppl",8.90819393494524e-07
2,"ppl",0.000168214948760494
3,"ppl",8.87806159954261e-07
4,"ppl",8.63146410346709e-07
5,"ppl",8.38298856895678e-07
6,"ppl",9.00372033724334e-07
1,"attempting",8.90819393494524e-07
2,"attempting",6.25301641989269e-05
3,"attempting",3.64000525581247e-05
4,"attempting",6.12833951346163e-05
5,"attempting",8.38298856895678e-07
6,"attempting",9.00372033724334e-07
1,"dishes",8.90819393494524e-07
2,"dishes",8.80706538013056e-07
3,"dishes",8.87806159954261e-07
4,"dishes",8.63146410346709e-07
5,"dishes",8.38298856895678e-07
6,"dishes",4.59189737199411e-05
1,"prem",9.88809526778921e-05
2,"prem",8.80706538013056e-07
3,"prem",8.87806159954261e-07
4,"prem",8.63146410346709e-07
5,"prem",2.5987264563766e-05
6,"prem",9.90409237096768e-06
1,"abroad",8.90819393494524e-07
2,"abroad",8.80706538013056e-07
3,"abroad",8.87806159954261e-07
4,"abroad",8.63146410346709e-07
5,"abroad",8.38298856895678e-07
6,"abroad",9.99412957434012e-05
1,"bike",8.90819393494524e-07
2,"bike",8.80706538013056e-07
3,"bike",8.87806159954261e-07
4,"bike",4.40204669276821e-05
5,"bike",8.38298856895678e-07
6,"bike",9.00372033724334e-07
1,"timestamp",8.90819393494524e-07
2,"timestamp",8.80706538013056e-07
3,"timestamp",8.87806159954261e-07
4,"timestamp",9.4946105138138e-06
5,"timestamp",0.000101434161684377
6,"timestamp",9.00372033724334e-07
1,"neat",8.90819393494524e-07
2,"neat",8.80706538013056e-07
3,"neat",8.87806159954261e-07
4,"neat",8.63146410346709e-07
5,"neat",8.38298856895678e-07
6,"neat",0.000108945016080645
1,"tha",5.43399830031659e-05
2,"tha",9.68777191814362e-06
3,"tha",8.87806159954261e-07
4,"tha",8.63146410346709e-07
5,"tha",2.5987264563766e-05
6,"tha",9.90409237096768e-06
1,"glitched",0.000170146504157454
2,"glitched",8.80706538013056e-07
3,"glitched",8.87806159954261e-07
4,"glitched",8.63146410346709e-07
5,"glitched",8.38298856895678e-07
6,"glitched",9.00372033724334e-07
1,"private",8.90819393494524e-07
2,"private",8.80706538013056e-07
3,"private",0.000151814853352178
4,"private",8.63146410346709e-07
5,"private",8.38298856895678e-07
6,"private",0.000207985939790321
1,"permanent",4.54317890682208e-05
2,"permanent",9.68777191814362e-06
3,"permanent",5.41561757572099e-05
4,"permanent",9.4946105138138e-06
5,"permanent",9.22128742585246e-06
6,"permanent",9.00372033724334e-07
1,"5stars",7.21563708730564e-05
2,"5stars",8.80706538013056e-07
3,"5stars",8.87806159954261e-07
4,"5stars",8.63146410346709e-07
5,"5stars",8.38298856895678e-07
6,"5stars",9.00372033724334e-07
1,"transferring",7.21563708730564e-05
2,"transferring",2.73019026784047e-05
3,"transferring",8.87806159954261e-07
4,"transferring",8.63146410346709e-07
5,"transferring",8.38298856895678e-07
6,"transferring",9.00372033724334e-07
1,"prob",8.90819393494524e-07
2,"prob",2.73019026784047e-05
3,"prob",9.85464837549228e-05
4,"prob",8.63146410346709e-07
5,"prob",2.5987264563766e-05
6,"prob",9.00372033724334e-07
1,"tedious",8.90819393494524e-07
2,"tedious",8.80706538013056e-07
3,"tedious",6.30342373567525e-05
4,"tedious",8.63146410346709e-07
5,"tedious",0.000101434161684377
6,"tedious",9.90409237096768e-06
1,"kills",8.90819393494524e-07
2,"kills",8.80706538013056e-07
3,"kills",8.87806159954261e-07
4,"kills",8.63146410346709e-07
5,"kills",8.38298856895678e-07
6,"kills",0.000144959897429618
1,"combination",8.90819393494524e-07
2,"combination",8.80706538013056e-07
3,"combination",8.87806159954261e-07
4,"combination",4.40204669276821e-05
5,"combination",9.22128742585246e-06
6,"combination",9.00372033724334e-07
1,"incorrect",0.000357218576791304
2,"incorrect",8.80706538013056e-07
3,"incorrect",8.87806159954261e-07
4,"incorrect",8.63146410346709e-07
5,"incorrect",8.38298856895678e-07
6,"incorrect",2.79115330454544e-05
1,"trips",8.99727587429469e-05
2,"trips",8.80706538013056e-07
3,"trips",6.30342373567525e-05
4,"trips",8.63146410346709e-07
5,"trips",8.38298856895678e-07
6,"trips",9.00372033724334e-07
1,"vice",8.90819393494524e-07
2,"vice",8.80706538013056e-07
3,"vice",8.87806159954261e-07
4,"vice",8.63146410346709e-07
5,"vice",5.11362302706364e-05
6,"vice",1.8907812708211e-05
1,"versa",2.76154011983302e-05
2,"versa",8.80706538013056e-07
3,"versa",8.87806159954261e-07
4,"versa",8.63146410346709e-07
5,"versa",4.27532417016796e-05
6,"versa",9.00372033724334e-07
1,"wonderfully",5.43399830031659e-05
2,"wonderfully",2.73019026784047e-05
3,"wonderfully",8.87806159954261e-07
4,"wonderfully",8.63146410346709e-07
5,"wonderfully",8.38298856895678e-07
6,"wonderfully",9.00372033724334e-07
1,"hence",8.90819393494524e-07
2,"hence",9.77584257194491e-05
3,"hence",8.07903605558377e-05
4,"hence",8.63146410346709e-07
5,"hence",8.38298856895678e-07
6,"hence",9.90409237096768e-06
1,"annoyingly",8.90819393494524e-07
2,"annoyingly",1.84948372982742e-05
3,"annoyingly",8.96684221553803e-05
4,"annoyingly",2.6757538720748e-05
5,"annoyingly",8.38298856895678e-07
6,"annoyingly",9.00372033724334e-07
1,"writing",0.000134513728417673
2,"writing",0.000229864406421408
3,"writing",8.87806159954261e-07
4,"writing",8.63146410346709e-07
5,"writing",8.38298856895678e-07
6,"writing",9.00372033724334e-07
1,"surely",8.90819393494524e-07
2,"surely",0.000203443210281016
3,"surely",8.87806159954261e-07
4,"surely",9.4946105138138e-06
5,"surely",8.38298856895678e-07
6,"surely",9.00372033724334e-07
1,"premier",9.79901332843977e-06
2,"premier",8.80706538013056e-07
3,"premier",5.41561757572099e-05
4,"premier",8.63146410346709e-07
5,"premier",8.38298856895678e-07
6,"premier",9.00372033724334e-07
1,"indeed",8.90819393494524e-07
2,"indeed",8.80706538013056e-07
3,"indeed",8.87806159954261e-07
4,"indeed",8.63146410346709e-07
5,"indeed",8.38298856895678e-07
6,"indeed",0.000144959897429618
1,"hiding",8.90819393494524e-07
2,"hiding",8.80706538013056e-07
3,"hiding",0.000160692914951721
4,"hiding",8.63146410346709e-07
5,"hiding",8.38298856895678e-07
6,"hiding",9.00372033724334e-07
1,"parental",8.90819393494524e-07
2,"parental",8.80706538013056e-07
3,"parental",8.87806159954261e-07
4,"parental",8.63146410346709e-07
5,"parental",8.38298856895678e-07
6,"parental",5.49226940571845e-05
1,"miniplayer",9.79901332843977e-06
2,"miniplayer",8.80706538013056e-07
3,"miniplayer",8.87806159954261e-07
4,"miniplayer",5.26519310311492e-05
5,"miniplayer",8.38298856895678e-07
6,"miniplayer",9.00372033724334e-07
1,"screens",9.79901332843977e-06
2,"screens",9.77584257194491e-05
3,"screens",8.87806159954261e-07
4,"screens",5.26519310311492e-05
5,"screens",8.38298856895678e-07
6,"screens",9.90409237096768e-06
1,"ugh",8.90819393494524e-07
2,"ugh",8.80706538013056e-07
3,"ugh",0.000240595469347605
4,"ugh",8.63146410346709e-07
5,"ugh",8.38298856895678e-07
6,"ugh",9.00372033724334e-07
1,"fast-forward",7.21563708730564e-05
2,"fast-forward",8.80706538013056e-07
3,"fast-forward",8.87806159954261e-07
4,"fast-forward",8.63146410346709e-07
5,"fast-forward",8.38298856895678e-07
6,"fast-forward",9.90409237096768e-06
1,"ne",7.21563708730564e-05
2,"ne",8.80706538013056e-07
3,"ne",8.87806159954261e-07
4,"ne",8.63146410346709e-07
5,"ne",8.38298856895678e-07
6,"ne",9.00372033724334e-07
1,"decade",8.90819393494524e-07
2,"decade",0.000282706798702191
3,"decade",8.87806159954261e-07
4,"decade",2.6757538720748e-05
5,"decade",9.22128742585246e-06
6,"decade",9.00372033724334e-07
1,"grow",8.90819393494524e-07
2,"grow",2.73019026784047e-05
3,"grow",8.87806159954261e-07
4,"grow",6.99148592380834e-05
5,"grow",8.38298856895678e-07
6,"grow",9.00372033724334e-07
1,"controlling",8.90819393494524e-07
2,"controlling",5.37230988187964e-05
3,"controlling",0.000231717407748062
4,"controlling",8.63146410346709e-07
5,"controlling",8.38298856895678e-07
6,"controlling",9.00372033724334e-07
1,"resolution",2.76154011983302e-05
2,"resolution",0.000124179621859841
3,"resolution",8.87806159954261e-07
4,"resolution",8.63146410346709e-07
5,"resolution",8.38298856895678e-07
6,"resolution",9.00372033724334e-07
1,"popup",8.90819393494524e-07
2,"popup",8.80706538013056e-07
3,"popup",6.30342373567525e-05
4,"popup",0.000113072179755419
5,"popup",8.38298856895678e-07
6,"popup",9.00372033724334e-07
1,"fire",8.90819393494524e-07
2,"fire",0.000326742125602843
3,"fire",8.87806159954261e-07
4,"fire",8.63146410346709e-07
5,"fire",8.38298856895678e-07
6,"fire",9.00372033724334e-07
1,"fill",8.90819393494524e-07
2,"fill",4.49160334386658e-05
3,"fill",8.07903605558377e-05
4,"fill",8.63146410346709e-07
5,"fill",8.38298856895678e-07
6,"fill",9.00372033724334e-07
1,"scan",8.90819393494524e-07
2,"scan",8.80706538013056e-07
3,"scan",0.000267229654146232
4,"scan",8.63146410346709e-07
5,"scan",8.38298856895678e-07
6,"scan",9.00372033724334e-07
1,"codes",8.90819393494524e-07
2,"codes",8.80706538013056e-07
3,"codes",8.96684221553803e-05
4,"codes",8.63146410346709e-07
5,"codes",8.38298856895678e-07
6,"codes",9.00372033724334e-07
1,"meeting",8.90819393494524e-07
2,"meeting",9.68777191814362e-06
3,"meeting",8.87806159954261e-07
4,"meeting",2.6757538720748e-05
5,"meeting",8.38298856895678e-07
6,"meeting",3.69152533826978e-05
1,"asinine",9.79901332843977e-06
2,"asinine",4.49160334386658e-05
3,"asinine",8.87806159954261e-07
4,"asinine",8.63146410346709e-07
5,"asinine",8.38298856895678e-07
6,"asinine",9.00372033724334e-07
1,"approved",8.90819393494524e-07
2,"approved",8.80706538013056e-07
3,"approved",8.87806159954261e-07
4,"approved",3.53890028242151e-05
5,"approved",2.5987264563766e-05
6,"approved",9.00372033724334e-07
1,"wife's",8.90819393494524e-07
2,"wife's",8.89513603393186e-05
3,"wife's",9.76586775949687e-06
4,"wife's",8.63146410346709e-07
5,"wife's",8.38298856895678e-07
6,"wife's",9.00372033724334e-07
1,"creators",8.90819393494524e-07
2,"creators",8.80706538013056e-07
3,"creators",0.000222839346148519
4,"creators",8.63146410346709e-07
5,"creators",8.38298856895678e-07
6,"creators",9.00372033724334e-07
1,"stored",0.00021468747383218
2,"stored",3.61089680585353e-05
3,"stored",8.87806159954261e-07
4,"stored",8.63146410346709e-07
5,"stored",8.38298856895678e-07
6,"stored",9.00372033724334e-07
1,"locally",8.90819393494524e-07
2,"locally",3.61089680585353e-05
3,"locally",8.87806159954261e-07
4,"locally",8.63146410346709e-07
5,"locally",8.38298856895678e-07
6,"locally",9.99412957434012e-05
1,"bloody",8.90819393494524e-07
2,"bloody",0.000168214948760494
3,"bloody",2.75219909585821e-05
4,"bloody",8.63146410346709e-07
5,"bloody",8.46681845464636e-05
6,"bloody",9.00372033724334e-07
1,"input",2.76154011983302e-05
2,"input",0.00011537255647971
3,"input",8.87806159954261e-07
4,"input",8.63146410346709e-07
5,"input",8.38298856895678e-07
6,"input",9.00372033724334e-07
1,"details",9.79901332843977e-06
2,"details",0.000353163321743235
3,"details",8.96684221553803e-05
4,"details",2.6757538720748e-05
5,"details",8.38298856895678e-07
6,"details",9.00372033724334e-07
1,"creation",8.90819393494524e-07
2,"creation",8.80706538013056e-07
3,"creation",8.87806159954261e-07
4,"creation",8.63146410346709e-07
5,"creation",8.38298856895678e-07
6,"creation",0.000117948736417888
1,"z",1.8707207263385e-05
2,"z",8.80706538013056e-07
3,"z",8.87806159954261e-07
4,"z",0.000130335107962353
5,"z",9.22128742585246e-06
6,"z",9.00372033724334e-07
1,"bag",8.90819393494524e-07
2,"bag",8.80706538013056e-07
3,"bag",8.87806159954261e-07
4,"bag",4.40204669276821e-05
5,"bag",8.38298856895678e-07
6,"bag",9.00372033724334e-07
1,"leading",8.90819393494524e-07
2,"leading",8.80706538013056e-07
3,"leading",8.07903605558377e-05
4,"leading",8.63146410346709e-07
5,"leading",8.38298856895678e-07
6,"leading",1.8907812708211e-05
1,"loves",8.90819393494524e-07
2,"loves",8.80706538013056e-07
3,"loves",9.76586775949687e-06
4,"loves",8.63146410346709e-07
5,"loves",8.38298856895678e-07
6,"loves",0.000262008261813782
1,"dime",8.90819393494524e-07
2,"dime",8.80706538013056e-07
3,"dime",8.87806159954261e-07
4,"dime",1.81260746172809e-05
5,"dime",2.5987264563766e-05
6,"dime",9.00372033724334e-07
1,"prepared",1.8707207263385e-05
2,"prepared",8.80706538013056e-07
3,"prepared",8.87806159954261e-07
4,"prepared",9.4946105138138e-06
5,"prepared",8.38298856895678e-07
6,"prepared",3.69152533826978e-05
1,"remedy",8.90819393494524e-07
2,"remedy",8.80706538013056e-07
3,"remedy",8.87806159954261e-07
4,"remedy",8.63146410346709e-07
5,"remedy",5.11362302706364e-05
6,"remedy",9.90409237096768e-06
1,"pleasant",8.90819393494524e-07
2,"pleasant",9.68777191814362e-06
3,"pleasant",8.87806159954261e-07
4,"pleasant",8.63146410346709e-07
5,"pleasant",8.38298856895678e-07
6,"pleasant",5.49226940571845e-05
1,"enjoyment",8.90819393494524e-07
2,"enjoyment",8.80706538013056e-07
3,"enjoyment",8.87806159954261e-07
4,"enjoyment",8.63146410346709e-07
5,"enjoyment",2.5987264563766e-05
6,"enjoyment",6.39264143944278e-05
1,"upgrades",8.90819393494524e-07
2,"upgrades",8.80706538013056e-07
3,"upgrades",8.87806159954261e-07
4,"upgrades",5.26519310311492e-05
5,"upgrades",2.5987264563766e-05
6,"upgrades",9.00372033724334e-07
1,"discount",9.79901332843977e-06
2,"discount",8.80706538013056e-07
3,"discount",8.87806159954261e-07
4,"discount",8.63146410346709e-07
5,"discount",8.38298856895678e-07
6,"discount",0.000216989660127565
1,"uncomfortable",8.99727587429469e-05
2,"uncomfortable",8.80706538013056e-07
3,"uncomfortable",8.87806159954261e-07
4,"uncomfortable",9.4946105138138e-06
5,"uncomfortable",8.38298856895678e-07
6,"uncomfortable",9.00372033724334e-07
1,"backward",8.90819393494524e-07
2,"backward",8.80706538013056e-07
3,"backward",8.87806159954261e-07
4,"backward",0.000173492428479689
5,"backward",8.38298856895678e-07
6,"backward",9.00372033724334e-07
1,"unsubscribing",9.88809526778921e-05
2,"unsubscribing",8.89513603393186e-05
3,"unsubscribing",8.87806159954261e-07
4,"unsubscribing",8.63146410346709e-07
5,"unsubscribing",8.38298856895678e-07
6,"unsubscribing",9.00372033724334e-07
1,"dumps",8.90819393494524e-07
2,"dumps",8.80706538013056e-07
3,"dumps",8.87806159954261e-07
4,"dumps",8.63146410346709e-07
5,"dumps",8.38298856895678e-07
6,"dumps",5.49226940571845e-05
1,"tth",8.90819393494524e-07
2,"tth",0.000124179621859841
3,"tth",8.87806159954261e-07
4,"tth",8.63146410346709e-07
5,"tth",8.38298856895678e-07
6,"tth",9.00372033724334e-07
1,"behavior",1.8707207263385e-05
2,"behavior",0.000159407883380363
3,"behavior",8.87806159954261e-07
4,"behavior",8.63146410346709e-07
5,"behavior",9.22128742585246e-06
6,"behavior",9.00372033724334e-07
1,"recover",8.90819393494524e-07
2,"recover",0.000150600818000232
3,"recover",3.64000525581247e-05
4,"recover",6.12833951346163e-05
5,"recover",8.38298856895678e-07
6,"recover",9.90409237096768e-06
1,"eighty",8.90819393494524e-07
2,"eighty",0.000256285602561799
3,"eighty",8.87806159954261e-07
4,"eighty",8.63146410346709e-07
5,"eighty",8.38298856895678e-07
6,"eighty",9.00372033724334e-07
1,"yr",8.90819393494524e-07
2,"yr",7.13372295790575e-05
3,"yr",8.87806159954261e-07
4,"yr",8.63146410346709e-07
5,"yr",8.38298856895678e-07
6,"yr",9.00372033724334e-07
1,"keys",8.90819393494524e-07
2,"keys",8.80706538013056e-07
3,"keys",5.41561757572099e-05
4,"keys",8.63146410346709e-07
5,"keys",8.38298856895678e-07
6,"keys",9.00372033724334e-07
1,"jumps",8.90819393494524e-07
2,"jumps",9.68777191814362e-06
3,"jumps",8.87806159954261e-07
4,"jumps",0.000251175605410892
5,"jumps",8.38298856895678e-07
6,"jumps",9.00372033724334e-07
1,"dog",8.90819393494524e-07
2,"dog",2.73019026784047e-05
3,"dog",8.87806159954261e-07
4,"dog",8.63146410346709e-07
5,"dog",0.000126583127391248
6,"dog",9.00372033724334e-07
1,"sixty",8.90819393494524e-07
2,"sixty",0.000124179621859841
3,"sixty",3.64000525581247e-05
4,"sixty",8.63146410346709e-07
5,"sixty",8.38298856895678e-07
6,"sixty",9.00372033724334e-07
1,"assistance",8.90819393494524e-07
2,"assistance",8.89513603393186e-05
3,"assistance",8.87806159954261e-07
4,"assistance",8.63146410346709e-07
5,"assistance",8.38298856895678e-07
6,"assistance",9.00372033724334e-07
1,"solo",8.90819393494524e-07
2,"solo",9.68777191814362e-06
3,"solo",8.87806159954261e-07
4,"solo",8.63146410346709e-07
5,"solo",8.38298856895678e-07
6,"solo",6.39264143944278e-05
1,"india",8.90819393494524e-07
2,"india",8.80706538013056e-07
3,"india",8.87806159954261e-07
4,"india",8.63146410346709e-07
5,"india",8.38298856895678e-07
6,"india",0.000550127312605569
1,"trust",8.90819393494524e-07
2,"trust",0.000282706798702191
3,"trust",8.87806159954261e-07
4,"trust",1.81260746172809e-05
5,"trust",8.38298856895678e-07
6,"trust",9.00372033724334e-07
1,"reply",8.90819393494524e-07
2,"reply",0.000361970387123366
3,"reply",8.87806159954261e-07
4,"reply",8.63146410346709e-07
5,"reply",8.38298856895678e-07
6,"reply",2.79115330454544e-05
1,"instance",8.90819393494524e-07
2,"instance",0.000141793752620102
3,"instance",8.87806159954261e-07
4,"instance",5.26519310311492e-05
5,"instance",8.38298856895678e-07
6,"instance",9.00372033724334e-07
1,"ant",8.90819393494524e-07
2,"ant",3.61089680585353e-05
3,"ant",8.87806159954261e-07
4,"ant",1.81260746172809e-05
5,"ant",8.38298856895678e-07
6,"ant",9.00372033724334e-07
1,"operation",8.90819393494524e-07
2,"operation",0.00010656549109958
3,"operation",8.87806159954261e-07
4,"operation",8.63146410346709e-07
5,"operation",9.22128742585246e-06
6,"operation",9.00372033724334e-07
1,"podcasting",8.90819393494524e-07
2,"podcasting",2.73019026784047e-05
3,"podcasting",3.64000525581247e-05
4,"podcasting",8.63146410346709e-07
5,"podcasting",8.38298856895678e-07
6,"podcasting",4.59189737199411e-05
1,"warnings",8.90819393494524e-07
2,"warnings",1.84948372982742e-05
3,"warnings",9.76586775949687e-06
4,"warnings",8.63146410346709e-07
5,"warnings",8.38298856895678e-07
6,"warnings",5.49226940571845e-05
1,"kidding",8.90819393494524e-07
2,"kidding",8.80706538013056e-07
3,"kidding",8.87806159954261e-07
4,"kidding",8.63146410346709e-07
5,"kidding",8.38298856895678e-07
6,"kidding",9.09375754061579e-05
1,"fluid",8.90819393494524e-07
2,"fluid",8.80706538013056e-07
3,"fluid",4.52781141576672e-05
4,"fluid",9.4946105138138e-06
5,"fluid",8.38298856895678e-07
6,"fluid",9.00372033724334e-07
1,"robust",8.90819393494524e-07
2,"robust",8.80706538013056e-07
3,"robust",4.52781141576672e-05
4,"robust",8.63146410346709e-07
5,"robust",8.38298856895678e-07
6,"robust",9.00372033724334e-07
1,"continously",5.43399830031659e-05
2,"continously",8.80706538013056e-07
3,"continously",8.87806159954261e-07
4,"continously",8.63146410346709e-07
5,"continously",8.38298856895678e-07
6,"continously",1.8907812708211e-05
1,"key",8.90819393494524e-07
2,"key",8.80706538013056e-07
3,"key",0.000205083222949434
4,"key",8.63146410346709e-07
5,"key",8.38298856895678e-07
6,"key",9.00372033724334e-07
1,"automatic",1.8707207263385e-05
2,"automatic",8.80706538013056e-07
3,"automatic",2.75219909585821e-05
4,"automatic",0.000182123892583156
5,"automatic",8.38298856895678e-07
6,"automatic",0.000162967338104105
1,"dl",9.79901332843977e-06
2,"dl",9.68777191814362e-06
3,"dl",4.52781141576672e-05
4,"dl",8.63146410346709e-07
5,"dl",9.22128742585246e-06
6,"dl",9.00372033724334e-07
1,"disruptive",8.90819393494524e-07
2,"disruptive",8.80706538013056e-07
3,"disruptive",2.75219909585821e-05
4,"disruptive",8.63146410346709e-07
5,"disruptive",4.27532417016796e-05
6,"disruptive",9.00372033724334e-07
1,"drastically",8.90819393494524e-07
2,"drastically",7.13372295790575e-05
3,"drastically",8.87806159954261e-07
4,"drastically",8.63146410346709e-07
5,"drastically",8.38298856895678e-07
6,"drastically",9.00372033724334e-07
1,"newly",8.90819393494524e-07
2,"newly",1.84948372982742e-05
3,"newly",8.87806159954261e-07
4,"newly",8.63146410346709e-07
5,"newly",8.38298856895678e-07
6,"newly",0.000117948736417888
1,"consistent",8.90819393494524e-07
2,"consistent",0.000344356256363105
3,"consistent",8.87806159954261e-07
4,"consistent",2.6757538720748e-05
5,"consistent",8.38298856895678e-07
6,"consistent",9.90409237096768e-06
1,"soft",8.90819393494524e-07
2,"soft",8.80706538013056e-07
3,"soft",8.87806159954261e-07
4,"soft",8.63146410346709e-07
5,"soft",5.11362302706364e-05
6,"soft",8.19338550689144e-05
1,"respect",8.90819393494524e-07
2,"respect",7.13372295790575e-05
3,"respect",3.64000525581247e-05
4,"respect",8.63146410346709e-07
5,"respect",8.38298856895678e-07
6,"respect",9.90409237096768e-06
1,"galore",4.54317890682208e-05
2,"galore",8.80706538013056e-07
3,"galore",8.87806159954261e-07
4,"galore",9.4946105138138e-06
5,"galore",8.38298856895678e-07
6,"galore",9.00372033724334e-07
1,"thin",8.90819393494524e-07
2,"thin",9.68777191814362e-06
3,"thin",6.30342373567525e-05
4,"thin",8.63146410346709e-07
5,"thin",8.38298856895678e-07
6,"thin",9.00372033724334e-07
1,"b.s",8.90819393494524e-07
2,"b.s",8.80706538013056e-07
3,"b.s",8.87806159954261e-07
4,"b.s",8.63146410346709e-07
5,"b.s",5.11362302706364e-05
6,"b.s",9.00372033724334e-07
1,"pulled",8.90819393494524e-07
2,"pulled",8.80706538013056e-07
3,"pulled",6.30342373567525e-05
4,"pulled",8.63146410346709e-07
5,"pulled",8.38298856895678e-07
6,"pulled",9.00372033724334e-07
1,"wall",8.90819393494524e-07
2,"wall",8.80706538013056e-07
3,"wall",8.87806159954261e-07
4,"wall",8.63146410346709e-07
5,"wall",4.27532417016796e-05
6,"wall",9.00372033724334e-07
1,"moods",9.79901332843977e-06
2,"moods",8.80706538013056e-07
3,"moods",8.87806159954261e-07
4,"moods",8.63146410346709e-07
5,"moods",9.30511731154204e-05
6,"moods",7.29301347316712e-05
1,"consistently",8.90819393494524e-07
2,"consistently",8.80706538013056e-07
3,"consistently",8.87806159954261e-07
4,"consistently",0.000803589308032786
5,"consistently",8.38298856895678e-07
6,"consistently",9.90409237096768e-06
1,"false",8.90819393494524e-07
2,"false",0.000177022014140624
3,"false",9.76586775949687e-06
4,"false",8.63146410346709e-07
5,"false",8.38298856895678e-07
6,"false",9.00372033724334e-07
1,"park",8.90819393494524e-07
2,"park",3.61089680585353e-05
3,"park",1.86439293590395e-05
4,"park",8.63146410346709e-07
5,"park",8.38298856895678e-07
6,"park",9.90409237096768e-06
1,"roku",8.90819393494524e-07
2,"roku",8.80706538013056e-07
3,"roku",8.87806159954261e-07
4,"roku",0.000182123892583156
5,"roku",8.38298856895678e-07
6,"roku",9.00372033724334e-07
1,"theyre",8.90819393494524e-07
2,"theyre",3.61089680585353e-05
3,"theyre",8.87806159954261e-07
4,"theyre",8.63146410346709e-07
5,"theyre",7.62851959775067e-05
6,"theyre",9.00372033724334e-07
1,"considerate",8.90819393494524e-07
2,"considerate",8.80706538013056e-07
3,"considerate",8.87806159954261e-07
4,"considerate",8.63146410346709e-07
5,"considerate",8.38298856895678e-07
6,"considerate",5.49226940571845e-05
1,"budget",8.90819393494524e-07
2,"budget",4.49160334386658e-05
3,"budget",8.87806159954261e-07
4,"budget",8.63146410346709e-07
5,"budget",1.76042759948093e-05
6,"budget",9.00372033724334e-07
1,"browse",8.90819393494524e-07
2,"browse",8.80706538013056e-07
3,"browse",0.000267229654146232
4,"browse",8.63146410346709e-07
5,"browse",8.38298856895678e-07
6,"browse",9.00372033724334e-07
1,"s9",0.000116697340547783
2,"s9",1.84948372982742e-05
3,"s9",8.87806159954261e-07
4,"s9",8.63146410346709e-07
5,"s9",9.22128742585246e-06
6,"s9",9.00372033724334e-07
1,"mother",3.65235951332755e-05
2,"mother",1.84948372982742e-05
3,"mother",8.87806159954261e-07
4,"mother",8.63146410346709e-07
5,"mother",8.38298856895678e-07
6,"mother",9.00372033724334e-07
1,"shorter",8.90819393494524e-07
2,"shorter",8.80706538013056e-07
3,"shorter",8.87806159954261e-07
4,"shorter",8.63146410346709e-07
5,"shorter",4.27532417016796e-05
6,"shorter",9.00372033724334e-07
1,"comparing",8.90819393494524e-07
2,"comparing",8.80706538013056e-07
3,"comparing",0.000107424545354466
4,"comparing",9.4946105138138e-06
5,"comparing",8.38298856895678e-07
6,"comparing",9.00372033724334e-07
1,"anti",8.90819393494524e-07
2,"anti",8.80706538013056e-07
3,"anti",8.87806159954261e-07
4,"anti",0.000113072179755419
5,"anti",8.38298856895678e-07
6,"anti",1.8907812708211e-05
1,"steal",8.90819393494524e-07
2,"steal",2.73019026784047e-05
3,"steal",8.87806159954261e-07
4,"steal",9.4946105138138e-06
5,"steal",8.38298856895678e-07
6,"steal",1.8907812708211e-05
1,"eg",9.79901332843977e-06
2,"eg",8.80706538013056e-07
3,"eg",0.000116302606954008
4,"eg",6.12833951346163e-05
5,"eg",8.38298856895678e-07
6,"eg",9.00372033724334e-07
1,"customisable",8.90819393494524e-07
2,"customisable",8.80706538013056e-07
3,"customisable",8.87806159954261e-07
4,"customisable",4.40204669276821e-05
5,"customisable",8.38298856895678e-07
6,"customisable",9.00372033724334e-07
1,"ig",8.90819393494524e-07
2,"ig",8.80706538013056e-07
3,"ig",8.87806159954261e-07
4,"ig",8.63146410346709e-07
5,"ig",9.30511731154204e-05
6,"ig",3.69152533826978e-05
1,"font",8.90819393494524e-07
2,"font",8.80706538013056e-07
3,"font",8.87806159954261e-07
4,"font",8.63146410346709e-07
5,"font",8.38298856895678e-07
6,"font",6.39264143944278e-05
1,"difficulties",8.90819393494524e-07
2,"difficulties",9.77584257194491e-05
3,"difficulties",8.87806159954261e-07
4,"difficulties",8.63146410346709e-07
5,"difficulties",8.38298856895678e-07
6,"difficulties",9.00372033724334e-07
1,"itll",8.90819393494524e-07
2,"itll",0.000150600818000232
3,"itll",9.76586775949687e-06
4,"itll",8.63146410346709e-07
5,"itll",8.38298856895678e-07
6,"itll",9.00372033724334e-07
1,"previewing",9.79901332843977e-06
2,"previewing",8.80706538013056e-07
3,"previewing",4.52781141576672e-05
4,"previewing",8.63146410346709e-07
5,"previewing",8.38298856895678e-07
6,"previewing",9.00372033724334e-07
1,"inability",8.90819393494524e-07
2,"inability",8.80706538013056e-07
3,"inability",8.87806159954261e-07
4,"inability",6.12833951346163e-05
5,"inability",1.76042759948093e-05
6,"inability",4.59189737199411e-05
1,"factor",8.90819393494524e-07
2,"factor",8.01442949591881e-05
3,"factor",8.87806159954261e-07
4,"factor",8.63146410346709e-07
5,"factor",8.38298856895678e-07
6,"factor",9.00372033724334e-07
1,"quantity",2.76154011983302e-05
2,"quantity",8.80706538013056e-07
3,"quantity",8.87806159954261e-07
4,"quantity",9.4946105138138e-06
5,"quantity",9.22128742585246e-06
6,"quantity",9.00372033724334e-07
1,"chat",8.90819393494524e-07
2,"chat",0.000379584517883627
3,"chat",1.86439293590395e-05
4,"chat",8.63146410346709e-07
5,"chat",8.38298856895678e-07
6,"chat",9.00372033724334e-07
1,"limits",8.90819393494524e-07
2,"limits",8.80706538013056e-07
3,"limits",8.87806159954261e-07
4,"limits",8.63146410346709e-07
5,"limits",0.000193647035942902
6,"limits",9.00372033724334e-07
1,"blah",8.90819393494524e-07
2,"blah",8.80706538013056e-07
3,"blah",0.000125180668553551
4,"blah",8.63146410346709e-07
5,"blah",8.38298856895678e-07
6,"blah",2.79115330454544e-05
1,"popularity",8.90819393494524e-07
2,"popularity",5.37230988187964e-05
3,"popularity",8.87806159954261e-07
4,"popularity",8.63146410346709e-07
5,"popularity",9.22128742585246e-06
6,"popularity",9.00372033724334e-07
1,"greyed",0.000116697340547783
2,"greyed",8.80706538013056e-07
3,"greyed",8.87806159954261e-07
4,"greyed",8.63146410346709e-07
5,"greyed",6.790220740855e-05
6,"greyed",9.00372033724334e-07
1,"planning",8.90819393494524e-07
2,"planning",0.00011537255647971
3,"planning",8.87806159954261e-07
4,"planning",8.63146410346709e-07
5,"planning",8.38298856895678e-07
6,"planning",9.00372033724334e-07
1,"replacement",8.90819393494524e-07
2,"replacement",8.80706538013056e-07
3,"replacement",7.19122989562951e-05
4,"replacement",8.63146410346709e-07
5,"replacement",8.38298856895678e-07
6,"replacement",1.8907812708211e-05
1,"twitter",8.90819393494524e-07
2,"twitter",0.000185829079520755
3,"twitter",2.75219909585821e-05
4,"twitter",8.63146410346709e-07
5,"twitter",8.38298856895678e-07
6,"twitter",9.00372033724334e-07
1,"locking",8.90819393494524e-07
2,"locking",5.37230988187964e-05
3,"locking",8.87806159954261e-07
4,"locking",9.58092515484846e-05
5,"locking",8.38298856895678e-07
6,"locking",9.90409237096768e-06
1,"primarily",8.90819393494524e-07
2,"primarily",7.13372295790575e-05
3,"primarily",8.87806159954261e-07
4,"primarily",8.63146410346709e-07
5,"primarily",8.38298856895678e-07
6,"primarily",9.00372033724334e-07
1,"sticks",5.43399830031659e-05
2,"sticks",8.80706538013056e-07
3,"sticks",2.75219909585821e-05
4,"sticks",8.63146410346709e-07
5,"sticks",8.38298856895678e-07
6,"sticks",2.79115330454544e-05
1,"modes",8.90819393494524e-07
2,"modes",8.80706538013056e-07
3,"modes",8.87806159954261e-07
4,"modes",8.63146410346709e-07
5,"modes",8.38298856895678e-07
6,"modes",4.59189737199411e-05
1,"googling",4.54317890682208e-05
2,"googling",8.80706538013056e-07
3,"googling",8.87806159954261e-07
4,"googling",8.63146410346709e-07
5,"googling",8.38298856895678e-07
6,"googling",9.00372033724334e-07
1,"notes",9.79901332843977e-06
2,"notes",8.80706538013056e-07
3,"notes",6.30342373567525e-05
4,"notes",8.63146410346709e-07
5,"notes",8.38298856895678e-07
6,"notes",9.00372033724334e-07
1,"guessing",6.32481769381112e-05
2,"guessing",8.80706538013056e-07
3,"guessing",8.87806159954261e-07
4,"guessing",9.4946105138138e-06
5,"guessing",8.38298856895678e-07
6,"guessing",9.00372033724334e-07
1,"accurate",8.90819393494524e-07
2,"accurate",0.000124179621859841
3,"accurate",1.86439293590395e-05
4,"accurate",8.63146410346709e-07
5,"accurate",8.38298856895678e-07
6,"accurate",0.000126952456755131
1,"freedom",1.8707207263385e-05
2,"freedom",8.80706538013056e-07
3,"freedom",0.000356010270141658
4,"freedom",8.63146410346709e-07
5,"freedom",8.38298856895678e-07
6,"freedom",7.29301347316712e-05
1,"teenager",8.90819393494524e-07
2,"teenager",8.80706538013056e-07
3,"teenager",4.52781141576672e-05
4,"teenager",8.63146410346709e-07
5,"teenager",8.38298856895678e-07
6,"teenager",1.8907812708211e-05
1,"joy",8.90819393494524e-07
2,"joy",8.80706538013056e-07
3,"joy",8.87806159954261e-07
4,"joy",8.63146410346709e-07
5,"joy",8.38298856895678e-07
6,"joy",0.000171971058441348
1,"introduces",8.90819393494524e-07
2,"introduces",8.80706538013056e-07
3,"introduces",8.87806159954261e-07
4,"introduces",8.63146410346709e-07
5,"introduces",8.38298856895678e-07
6,"introduces",7.29301347316712e-05
1,"maintain",8.90819393494524e-07
2,"maintain",0.00011537255647971
3,"maintain",8.87806159954261e-07
4,"maintain",8.63146410346709e-07
5,"maintain",8.38298856895678e-07
6,"maintain",6.39264143944278e-05
1,"ve",8.90819393494524e-07
2,"ve",8.80706538013056e-07
3,"ve",5.41561757572099e-05
4,"ve",5.26519310311492e-05
5,"ve",8.38298856895678e-07
6,"ve",9.00372033724334e-07
1,"replies",8.90819393494524e-07
2,"replies",4.49160334386658e-05
3,"replies",8.87806159954261e-07
4,"replies",8.63146410346709e-07
5,"replies",8.38298856895678e-07
6,"replies",9.00372033724334e-07
1,"classic",8.90819393494524e-07
2,"classic",8.80706538013056e-07
3,"classic",8.87806159954261e-07
4,"classic",8.63146410346709e-07
5,"classic",8.38298856895678e-07
6,"classic",0.000225993380464808
1,"gbs",1.8707207263385e-05
2,"gbs",1.84948372982742e-05
3,"gbs",8.87806159954261e-07
4,"gbs",2.6757538720748e-05
5,"gbs",8.38298856895678e-07
6,"gbs",9.00372033724334e-07
1,"gesture",8.90819393494524e-07
2,"gesture",8.80706538013056e-07
3,"gesture",8.87806159954261e-07
4,"gesture",0.000104440715651952
5,"gesture",1.76042759948093e-05
6,"gesture",9.00372033724334e-07
1,"unliked",7.21563708730564e-05
2,"unliked",2.73019026784047e-05
3,"unliked",9.76586775949687e-06
4,"unliked",8.63146410346709e-07
5,"unliked",8.38298856895678e-07
6,"unliked",9.00372033724334e-07
1,"touches",2.76154011983302e-05
2,"touches",8.80706538013056e-07
3,"touches",1.86439293590395e-05
4,"touches",8.63146410346709e-07
5,"touches",9.22128742585246e-06
6,"touches",9.00372033724334e-07
1,"quitting",8.90819393494524e-07
2,"quitting",8.80706538013056e-07
3,"quitting",8.87806159954261e-07
4,"quitting",0.000147598036169287
5,"quitting",8.38298856895678e-07
6,"quitting",9.00372033724334e-07
1,"messaging",8.90819393494524e-07
2,"messaging",3.61089680585353e-05
3,"messaging",1.86439293590395e-05
4,"messaging",8.63146410346709e-07
5,"messaging",8.38298856895678e-07
6,"messaging",9.00372033724334e-07
1,"test",9.88809526778921e-05
2,"test",7.13372295790575e-05
3,"test",3.64000525581247e-05
4,"test",0.000130335107962353
5,"test",8.38298856895678e-07
6,"test",9.00372033724334e-07
1,"failing",8.90819393494524e-07
2,"failing",8.80706538013056e-07
3,"failing",8.87806159954261e-07
4,"failing",0.000190755356686622
5,"failing",8.38298856895678e-07
6,"failing",9.00372033724334e-07
1,"asian",3.65235951332755e-05
2,"asian",8.80706538013056e-07
3,"asian",8.87806159954261e-07
4,"asian",9.4946105138138e-06
5,"asian",2.5987264563766e-05
6,"asian",9.00372033724334e-07
1,"supports",8.90819393494524e-07
2,"supports",7.13372295790575e-05
3,"supports",8.87806159954261e-07
4,"supports",8.63146410346709e-07
5,"supports",8.38298856895678e-07
6,"supports",0.000171971058441348
1,"sit",8.90819393494524e-07
2,"sit",8.80706538013056e-07
3,"sit",8.87806159954261e-07
4,"sit",8.63146410346709e-07
5,"sit",0.000185264047373945
6,"sit",9.90409237096768e-06
1,"tears",8.90819393494524e-07
2,"tears",8.80706538013056e-07
3,"tears",4.52781141576672e-05
4,"tears",8.63146410346709e-07
5,"tears",8.38298856895678e-07
6,"tears",9.00372033724334e-07
1,"musical",8.90819393494524e-07
2,"musical",8.80706538013056e-07
3,"musical",8.87806159954261e-07
4,"musical",8.63146410346709e-07
5,"musical",8.38298856895678e-07
6,"musical",0.000505108710919352
1,"bam",8.90819393494524e-07
2,"bam",7.13372295790575e-05
3,"bam",8.87806159954261e-07
4,"bam",8.63146410346709e-07
5,"bam",8.38298856895678e-07
6,"bam",9.00372033724334e-07
1,"wherever",8.90819393494524e-07
2,"wherever",8.80706538013056e-07
3,"wherever",8.87806159954261e-07
4,"wherever",8.63146410346709e-07
5,"wherever",5.11362302706364e-05
6,"wherever",0.000189978499115835
1,"wear",8.90819393494524e-07
2,"wear",8.80706538013056e-07
3,"wear",0.000160692914951721
4,"wear",5.26519310311492e-05
5,"wear",8.38298856895678e-07
6,"wear",9.00372033724334e-07
1,"indicator",8.90819393494524e-07
2,"indicator",2.73019026784047e-05
3,"indicator",8.87806159954261e-07
4,"indicator",1.81260746172809e-05
5,"indicator",8.38298856895678e-07
6,"indicator",9.00372033724334e-07
1,"4a",8.90819393494524e-07
2,"4a",8.80706538013056e-07
3,"4a",8.87806159954261e-07
4,"4a",6.99148592380834e-05
5,"4a",1.76042759948093e-05
6,"4a",9.00372033724334e-07
1,"walking",8.90819393494524e-07
2,"walking",3.61089680585353e-05
3,"walking",8.87806159954261e-07
4,"walking",5.26519310311492e-05
5,"walking",9.22128742585246e-06
6,"walking",9.00372033724334e-07
1,"ear",8.90819393494524e-07
2,"ear",8.80706538013056e-07
3,"ear",8.87806159954261e-07
4,"ear",0.000164860964376221
5,"ear",8.38298856895678e-07
6,"ear",2.79115330454544e-05
1,"buds",8.90819393494524e-07
2,"buds",8.80706538013056e-07
3,"buds",8.87806159954261e-07
4,"buds",0.000208018284893557
5,"buds",8.38298856895678e-07
6,"buds",9.00372033724334e-07
1,"playstore",8.90819393494524e-07
2,"playstore",0.000150600818000232
3,"playstore",8.87806159954261e-07
4,"playstore",8.63146410346709e-07
5,"playstore",8.38298856895678e-07
6,"playstore",9.00372033724334e-07
1,"october",8.90819393494524e-07
2,"october",8.80706538013056e-07
3,"october",8.87806159954261e-07
4,"october",8.63146410346709e-07
5,"october",8.38298856895678e-07
6,"october",4.59189737199411e-05
1,"ride",8.90819393494524e-07
2,"ride",8.80706538013056e-07
3,"ride",8.87806159954261e-07
4,"ride",8.63146410346709e-07
5,"ride",8.38298856895678e-07
6,"ride",0.000153963617766861
1,"regret",8.90819393494524e-07
2,"regret",8.80706538013056e-07
3,"regret",0.000160692914951721
4,"regret",8.63146410346709e-07
5,"regret",8.38298856895678e-07
6,"regret",7.29301347316712e-05
1,"mainstream",8.90819393494524e-07
2,"mainstream",8.80706538013056e-07
3,"mainstream",8.87806159954261e-07
4,"mainstream",8.63146410346709e-07
5,"mainstream",8.38298856895678e-07
6,"mainstream",0.000180974778778591
1,"returning",9.79901332843977e-06
2,"returning",9.68777191814362e-06
3,"returning",6.30342373567525e-05
4,"returning",8.63146410346709e-07
5,"returning",8.38298856895678e-07
6,"returning",9.00372033724334e-07
1,"ect",2.76154011983302e-05
2,"ect",8.80706538013056e-07
3,"ect",9.85464837549228e-05
4,"ect",9.4946105138138e-06
5,"ect",8.38298856895678e-07
6,"ect",9.00372033724334e-07
1,"controlled",8.90819393494524e-07
2,"controlled",8.80706538013056e-07
3,"controlled",0.000151814853352178
4,"controlled",8.63146410346709e-07
5,"controlled",8.38298856895678e-07
6,"controlled",9.00372033724334e-07
1,"infact",8.90819393494524e-07
2,"infact",6.25301641989269e-05
3,"infact",8.87806159954261e-07
4,"infact",8.63146410346709e-07
5,"infact",1.76042759948093e-05
6,"infact",9.00372033724334e-07
1,"gaming",1.8707207263385e-05
2,"gaming",8.80706538013056e-07
3,"gaming",5.41561757572099e-05
4,"gaming",8.63146410346709e-07
5,"gaming",8.38298856895678e-07
6,"gaming",0.000126952456755131
1,"greatly",8.90819393494524e-07
2,"greatly",8.80706538013056e-07
3,"greatly",0.000142936791752636
4,"greatly",3.53890028242151e-05
5,"greatly",8.38298856895678e-07
6,"greatly",9.00372033724334e-07
1,"esp",8.90819393494524e-07
2,"esp",8.80706538013056e-07
3,"esp",9.76586775949687e-06
4,"esp",8.63146410346709e-07
5,"esp",8.38298856895678e-07
6,"esp",5.49226940571845e-05
1,"contains",8.90819393494524e-07
2,"contains",8.80706538013056e-07
3,"contains",0.000134058730153093
4,"contains",8.63146410346709e-07
5,"contains",8.38298856895678e-07
6,"contains",0.000126952456755131
1,"fraud",8.90819393494524e-07
2,"fraud",9.68777191814362e-06
3,"fraud",4.52781141576672e-05
4,"fraud",8.63146410346709e-07
5,"fraud",8.38298856895678e-07
6,"fraud",9.00372033724334e-07
1,"troubles",0.000179054698092399
2,"troubles",8.80706538013056e-07
3,"troubles",8.87806159954261e-07
4,"troubles",8.63146410346709e-07
5,"troubles",8.38298856895678e-07
6,"troubles",9.00372033724334e-07
1,"assist",8.90819393494524e-07
2,"assist",8.80706538013056e-07
3,"assist",8.87806159954261e-07
4,"assist",5.26519310311492e-05
5,"assist",8.38298856895678e-07
6,"assist",9.00372033724334e-07
1,"declining",8.90819393494524e-07
2,"declining",7.13372295790575e-05
3,"declining",8.87806159954261e-07
4,"declining",8.63146410346709e-07
5,"declining",8.38298856895678e-07
6,"declining",9.90409237096768e-06
1,"accepted",8.90819393494524e-07
2,"accepted",5.37230988187964e-05
3,"accepted",8.87806159954261e-07
4,"accepted",8.63146410346709e-07
5,"accepted",8.38298856895678e-07
6,"accepted",9.00372033724334e-07
1,"transparent",8.90819393494524e-07
2,"transparent",8.80706538013056e-07
3,"transparent",3.64000525581247e-05
4,"transparent",8.63146410346709e-07
5,"transparent",8.38298856895678e-07
6,"transparent",1.8907812708211e-05
1,"necessarily",8.90819393494524e-07
2,"necessarily",8.80706538013056e-07
3,"necessarily",8.87806159954261e-07
4,"necessarily",8.63146410346709e-07
5,"necessarily",2.5987264563766e-05
6,"necessarily",8.19338550689144e-05
1,"genius",8.90819393494524e-07
2,"genius",8.80706538013056e-07
3,"genius",8.87806159954261e-07
4,"genius",8.63146410346709e-07
5,"genius",2.5987264563766e-05
6,"genius",8.19338550689144e-05
1,"stole",8.90819393494524e-07
2,"stole",3.61089680585353e-05
3,"stole",9.76586775949687e-06
4,"stole",8.63146410346709e-07
5,"stole",2.5987264563766e-05
6,"stole",9.00372033724334e-07
1,"ing",8.90819393494524e-07
2,"ing",1.84948372982742e-05
3,"ing",8.87806159954261e-07
4,"ing",8.63146410346709e-07
5,"ing",9.30511731154204e-05
6,"ing",9.00372033724334e-07
1,"ther",2.76154011983302e-05
2,"ther",8.80706538013056e-07
3,"ther",8.87806159954261e-07
4,"ther",1.81260746172809e-05
5,"ther",8.38298856895678e-07
6,"ther",9.00372033724334e-07
1,"minimal",9.79901332843977e-06
2,"minimal",2.73019026784047e-05
3,"minimal",8.87806159954261e-07
4,"minimal",8.63146410346709e-07
5,"minimal",9.22128742585246e-06
6,"minimal",8.19338550689144e-05
1,"drain",0.000134513728417673
2,"drain",8.80706538013056e-07
3,"drain",8.87806159954261e-07
4,"drain",8.63146410346709e-07
5,"drain",8.38298856895678e-07
6,"drain",2.79115330454544e-05
1,"selects",8.90819393494524e-07
2,"selects",8.80706538013056e-07
3,"selects",9.76586775949687e-06
4,"selects",8.63146410346709e-07
5,"selects",8.38298856895678e-07
6,"selects",9.99412957434012e-05
1,"classics",8.90819393494524e-07
2,"classics",8.80706538013056e-07
3,"classics",8.87806159954261e-07
4,"classics",8.63146410346709e-07
5,"classics",8.38298856895678e-07
6,"classics",9.99412957434012e-05
1,"arrow",8.90819393494524e-07
2,"arrow",8.89513603393186e-05
3,"arrow",8.87806159954261e-07
4,"arrow",8.63146410346709e-07
5,"arrow",8.38298856895678e-07
6,"arrow",9.00372033724334e-07
1,"seek",8.90819393494524e-07
2,"seek",8.80706538013056e-07
3,"seek",9.76586775949687e-06
4,"seek",0.000113072179755419
5,"seek",8.38298856895678e-07
6,"seek",9.00372033724334e-07
1,"animations",7.21563708730564e-05
2,"animations",8.80706538013056e-07
3,"animations",8.87806159954261e-07
4,"animations",8.63146410346709e-07
5,"animations",9.22128742585246e-06
6,"animations",9.00372033724334e-07
1,"pros",8.90819393494524e-07
2,"pros",8.80706538013056e-07
3,"pros",8.87806159954261e-07
4,"pros",8.63146410346709e-07
5,"pros",8.38298856895678e-07
6,"pros",0.000117948736417888
1,"sides",9.79901332843977e-06
2,"sides",8.80706538013056e-07
3,"sides",8.87806159954261e-07
4,"sides",8.63146410346709e-07
5,"sides",6.790220740855e-05
6,"sides",9.00372033724334e-07
1,"sum",8.90819393494524e-07
2,"sum",8.80706538013056e-07
3,"sum",8.87806159954261e-07
4,"sum",8.63146410346709e-07
5,"sum",5.11362302706364e-05
6,"sum",9.00372033724334e-07
1,"irrelevant",8.90819393494524e-07
2,"irrelevant",8.80706538013056e-07
3,"irrelevant",0.000240595469347605
4,"irrelevant",8.63146410346709e-07
5,"irrelevant",9.22128742585246e-06
6,"irrelevant",9.00372033724334e-07
1,"attempted",8.90819393494524e-07
2,"attempted",8.01442949591881e-05
3,"attempted",8.87806159954261e-07
4,"attempted",8.63146410346709e-07
5,"attempted",1.76042759948093e-05
6,"attempted",9.00372033724334e-07
1,"associated",8.90819393494524e-07
2,"associated",0.000150600818000232
3,"associated",8.87806159954261e-07
4,"associated",8.63146410346709e-07
5,"associated",8.38298856895678e-07
6,"associated",9.00372033724334e-07
1,"ball",4.54317890682208e-05
2,"ball",8.80706538013056e-07
3,"ball",9.76586775949687e-06
4,"ball",8.63146410346709e-07
5,"ball",8.38298856895678e-07
6,"ball",9.00372033724334e-07
1,"disabled",8.90819393494524e-07
2,"disabled",7.13372295790575e-05
3,"disabled",8.87806159954261e-07
4,"disabled",0.0004065419592733
5,"disabled",8.38298856895678e-07
6,"disabled",9.00372033724334e-07
1,"ease",8.90819393494524e-07
2,"ease",9.68777191814362e-06
3,"ease",8.87806159954261e-07
4,"ease",8.63146410346709e-07
5,"ease",8.38298856895678e-07
6,"ease",0.000388060346535188
1,"eye",8.90819393494524e-07
2,"eye",8.80706538013056e-07
3,"eye",8.87806159954261e-07
4,"eye",6.99148592380834e-05
5,"eye",8.38298856895678e-07
6,"eye",9.00372033724334e-07
1,"hesitate",3.65235951332755e-05
2,"hesitate",8.80706538013056e-07
3,"hesitate",8.87806159954261e-07
4,"hesitate",8.63146410346709e-07
5,"hesitate",8.38298856895678e-07
6,"hesitate",9.90409237096768e-06
1,"unliking",9.79901332843977e-06
2,"unliking",8.80706538013056e-07
3,"unliking",7.19122989562951e-05
4,"unliking",9.4946105138138e-06
5,"unliking",8.38298856895678e-07
6,"unliking",9.00372033724334e-07
1,"sux",8.90819393494524e-07
2,"sux",8.80706538013056e-07
3,"sux",2.75219909585821e-05
4,"sux",8.63146410346709e-07
5,"sux",4.27532417016796e-05
6,"sux",9.00372033724334e-07
1,"nineteen",8.90819393494524e-07
2,"nineteen",0.000194636144900885
3,"nineteen",8.87806159954261e-07
4,"nineteen",8.63146410346709e-07
5,"nineteen",8.38298856895678e-07
6,"nineteen",9.90409237096768e-06
1,"refreshed",8.90819393494524e-07
2,"refreshed",8.80706538013056e-07
3,"refreshed",8.87806159954261e-07
4,"refreshed",8.63146410346709e-07
5,"refreshed",8.38298856895678e-07
6,"refreshed",7.29301347316712e-05
1,"aggravating",8.90819393494524e-07
2,"aggravating",8.80706538013056e-07
3,"aggravating",0.000187327099750349
4,"aggravating",8.63146410346709e-07
5,"aggravating",8.38298856895678e-07
6,"aggravating",9.00372033724334e-07
1,"sends",0.000259228443506906
2,"sends",8.80706538013056e-07
3,"sends",8.87806159954261e-07
4,"sends",1.81260746172809e-05
5,"sends",8.38298856895678e-07
6,"sends",9.00372033724334e-07
1,"functioning",0.000277044831376797
2,"functioning",8.80706538013056e-07
3,"functioning",8.87806159954261e-07
4,"functioning",0.000113072179755419
5,"functioning",8.38298856895678e-07
6,"functioning",9.00372033724334e-07
1,"activities",6.32481769381112e-05
2,"activities",8.80706538013056e-07
3,"activities",8.87806159954261e-07
4,"activities",8.63146410346709e-07
5,"activities",8.38298856895678e-07
6,"activities",3.69152533826978e-05
1,"produced",8.90819393494524e-07
2,"produced",8.80706538013056e-07
3,"produced",8.87806159954261e-07
4,"produced",3.53890028242151e-05
5,"produced",8.38298856895678e-07
6,"produced",2.79115330454544e-05
1,"dropping",8.90819393494524e-07
2,"dropping",8.80706538013056e-07
3,"dropping",8.87806159954261e-07
4,"dropping",0.000320227318238629
5,"dropping",8.38298856895678e-07
6,"dropping",9.00372033724334e-07
1,"flawless",8.90819393494524e-07
2,"flawless",8.80706538013056e-07
3,"flawless",1.86439293590395e-05
4,"flawless",0.000147598036169287
5,"flawless",8.38298856895678e-07
6,"flawless",9.00372033724334e-07
1,"owner",8.90819393494524e-07
2,"owner",7.13372295790575e-05
3,"owner",1.86439293590395e-05
4,"owner",8.63146410346709e-07
5,"owner",8.38298856895678e-07
6,"owner",9.00372033724334e-07
1,"learns",8.90819393494524e-07
2,"learns",3.61089680585353e-05
3,"learns",8.87806159954261e-07
4,"learns",8.63146410346709e-07
5,"learns",8.38298856895678e-07
6,"learns",2.79115330454544e-05
1,"fans",8.90819393494524e-07
2,"fans",8.80706538013056e-07
3,"fans",5.41561757572099e-05
4,"fans",8.63146410346709e-07
5,"fans",8.38298856895678e-07
6,"fans",0.000135956177092375
1,"win",8.90819393494524e-07
2,"win",2.73019026784047e-05
3,"win",8.87806159954261e-07
4,"win",8.63146410346709e-07
5,"win",8.38298856895678e-07
6,"win",0.000117948736417888
1,"billions",8.90819393494524e-07
2,"billions",8.80706538013056e-07
3,"billions",8.87806159954261e-07
4,"billions",8.63146410346709e-07
5,"billions",5.95192188395932e-05
6,"billions",9.00372033724334e-07
1,"tips",0.000125605534482728
2,"tips",2.73019026784047e-05
3,"tips",8.87806159954261e-07
4,"tips",8.63146410346709e-07
5,"tips",8.38298856895678e-07
6,"tips",9.00372033724334e-07
1,"text",9.88809526778921e-05
2,"text",6.25301641989269e-05
3,"text",8.87806159954261e-07
4,"text",8.63146410346709e-07
5,"text",6.790220740855e-05
6,"text",9.90409237096768e-06
1,"shift",0.000116697340547783
2,"shift",8.80706538013056e-07
3,"shift",1.86439293590395e-05
4,"shift",8.63146410346709e-07
5,"shift",8.38298856895678e-07
6,"shift",9.00372033724334e-07
1,"capable",7.21563708730564e-05
2,"capable",8.80706538013056e-07
3,"capable",8.87806159954261e-07
4,"capable",5.26519310311492e-05
5,"capable",8.38298856895678e-07
6,"capable",9.00372033724334e-07
1,"larger",2.76154011983302e-05
2,"larger",8.80706538013056e-07
3,"larger",3.64000525581247e-05
4,"larger",9.4946105138138e-06
5,"larger",8.38298856895678e-07
6,"larger",9.00372033724334e-07
1,"router",2.76154011983302e-05
2,"router",8.80706538013056e-07
3,"router",8.87806159954261e-07
4,"router",1.81260746172809e-05
5,"router",8.38298856895678e-07
6,"router",9.00372033724334e-07
1,"twenty-nine",0.000116697340547783
2,"twenty-nine",8.80706538013056e-07
3,"twenty-nine",8.87806159954261e-07
4,"twenty-nine",8.63146410346709e-07
5,"twenty-nine",8.38298856895678e-07
6,"twenty-nine",9.00372033724334e-07
1,"p.s",1.8707207263385e-05
2,"p.s",9.68777191814362e-06
3,"p.s",8.07903605558377e-05
4,"p.s",9.4946105138138e-06
5,"p.s",8.38298856895678e-07
6,"p.s",9.00372033724334e-07
1,"stats",8.90819393494524e-07
2,"stats",8.80706538013056e-07
3,"stats",8.87806159954261e-07
4,"stats",8.63146410346709e-07
5,"stats",8.38298856895678e-07
6,"stats",0.000135956177092375
1,"throughout",8.90819393494524e-07
2,"throughout",5.37230988187964e-05
3,"throughout",8.87806159954261e-07
4,"throughout",8.63146410346709e-07
5,"throughout",8.38298856895678e-07
6,"throughout",0.000244000821139295
1,"reconnect",0.000187962892027345
2,"reconnect",8.80706538013056e-07
3,"reconnect",8.87806159954261e-07
4,"reconnect",8.63146410346709e-07
5,"reconnect",8.38298856895678e-07
6,"reconnect",9.00372033724334e-07
1,"testing",8.90819393494524e-07
2,"testing",8.80706538013056e-07
3,"testing",6.30342373567525e-05
4,"testing",0.000277069997721294
5,"testing",8.38298856895678e-07
6,"testing",9.00372033724334e-07
1,"unskippable",8.90819393494524e-07
2,"unskippable",4.49160334386658e-05
3,"unskippable",8.87806159954261e-07
4,"unskippable",8.63146410346709e-07
5,"unskippable",2.5987264563766e-05
6,"unskippable",9.00372033724334e-07
1,"chromebook",0.000232503861702071
2,"chromebook",8.80706538013056e-07
3,"chromebook",8.87806159954261e-07
4,"chromebook",8.63146410346709e-07
5,"chromebook",8.38298856895678e-07
6,"chromebook",9.90409237096768e-06
1,"grace",8.90819393494524e-07
2,"grace",6.25301641989269e-05
3,"grace",8.87806159954261e-07
4,"grace",8.63146410346709e-07
5,"grace",8.38298856895678e-07
6,"grace",9.90409237096768e-06
1,"majority",8.10645648080017e-05
2,"majority",8.80706538013056e-07
3,"majority",8.87806159954261e-07
4,"majority",8.63146410346709e-07
5,"majority",8.38298856895678e-07
6,"majority",0.000144959897429618
1,"hi-res",8.90819393494524e-07
2,"hi-res",8.80706538013056e-07
3,"hi-res",3.64000525581247e-05
4,"hi-res",9.4946105138138e-06
5,"hi-res",8.38298856895678e-07
6,"hi-res",9.00372033724334e-07
1,"replaying",8.90819393494524e-07
2,"replaying",8.80706538013056e-07
3,"replaying",9.76586775949687e-06
4,"replaying",4.40204669276821e-05
5,"replaying",2.5987264563766e-05
6,"replaying",9.00372033724334e-07
1,"curated",9.79901332843977e-06
2,"curated",8.80706538013056e-07
3,"curated",8.87806159954261e-07
4,"curated",8.63146410346709e-07
5,"curated",9.22128742585246e-06
6,"curated",0.000325034304174485
1,"tp",2.76154011983302e-05
2,"tp",9.68777191814362e-06
3,"tp",8.87806159954261e-07
4,"tp",8.63146410346709e-07
5,"tp",9.22128742585246e-06
6,"tp",9.00372033724334e-07
1,"assistant",8.90819393494524e-07
2,"assistant",0.000388391583263757
3,"assistant",1.86439293590395e-05
4,"assistant",8.63146410346709e-07
5,"assistant",9.22128742585246e-06
6,"assistant",9.00372033724334e-07
1,"bonus",8.90819393494524e-07
2,"bonus",8.80706538013056e-07
3,"bonus",8.87806159954261e-07
4,"bonus",8.63146410346709e-07
5,"bonus",8.38298856895678e-07
6,"bonus",0.000126952456755131
1,"organized",8.90819393494524e-07
2,"organized",1.84948372982742e-05
3,"organized",8.87806159954261e-07
4,"organized",8.63146410346709e-07
5,"organized",8.38298856895678e-07
6,"organized",0.000198982219453078
1,"splendid",8.90819393494524e-07
2,"splendid",8.80706538013056e-07
3,"splendid",8.87806159954261e-07
4,"splendid",8.63146410346709e-07
5,"splendid",8.38298856895678e-07
6,"splendid",7.29301347316712e-05
1,"luv",8.90819393494524e-07
2,"luv",8.80706538013056e-07
3,"luv",8.87806159954261e-07
4,"luv",8.63146410346709e-07
5,"luv",8.38298856895678e-07
6,"luv",0.000126952456755131
1,"progressively",1.8707207263385e-05
2,"progressively",3.61089680585353e-05
3,"progressively",9.76586775949687e-06
4,"progressively",8.63146410346709e-07
5,"progressively",5.11362302706364e-05
6,"progressively",9.00372033724334e-07
1,"jt",8.90819393494524e-07
2,"jt",3.61089680585353e-05
3,"jt",8.87806159954261e-07
4,"jt",8.63146410346709e-07
5,"jt",9.22128742585246e-06
6,"jt",9.90409237096768e-06
1,"killing",8.90819393494524e-07
2,"killing",9.68777191814362e-06
3,"killing",8.87806159954261e-07
4,"killing",0.000242544141307425
5,"killing",8.38298856895678e-07
6,"killing",9.00372033724334e-07
1,"cellphone",8.90819393494524e-07
2,"cellphone",8.80706538013056e-07
3,"cellphone",0.000169570976551264
4,"cellphone",8.63146410346709e-07
5,"cellphone",8.38298856895678e-07
6,"cellphone",9.00372033724334e-07
1,"moments",8.90819393494524e-07
2,"moments",8.80706538013056e-07
3,"moments",8.87806159954261e-07
4,"moments",9.4946105138138e-06
5,"moments",8.38298856895678e-07
6,"moments",0.000144959897429618
1,"genuinely",8.90819393494524e-07
2,"genuinely",8.80706538013056e-07
3,"genuinely",0.00025835159254669
4,"genuinely",8.63146410346709e-07
5,"genuinely",8.38298856895678e-07
6,"genuinely",9.00372033724334e-07
1,"remained",8.90819393494524e-07
2,"remained",8.80706538013056e-07
3,"remained",8.87806159954261e-07
4,"remained",8.63146410346709e-07
5,"remained",8.38298856895678e-07
6,"remained",8.19338550689144e-05
1,"basement",8.90819393494524e-07
2,"basement",8.80706538013056e-07
3,"basement",8.87806159954261e-07
4,"basement",8.63146410346709e-07
5,"basement",8.38298856895678e-07
6,"basement",4.59189737199411e-05
1,"twond",8.90819393494524e-07
2,"twond",8.80706538013056e-07
3,"twond",4.52781141576672e-05
4,"twond",8.63146410346709e-07
5,"twond",8.38298856895678e-07
6,"twond",9.00372033724334e-07
1,"iv",0.000107789146612837
2,"iv",8.80706538013056e-07
3,"iv",8.87806159954261e-07
4,"iv",1.81260746172809e-05
5,"iv",8.38298856895678e-07
6,"iv",9.00372033724334e-07
1,"ripped",8.90819393494524e-07
2,"ripped",4.49160334386658e-05
3,"ripped",8.87806159954261e-07
4,"ripped",8.63146410346709e-07
5,"ripped",8.38298856895678e-07
6,"ripped",9.00372033724334e-07
1,"actively",8.90819393494524e-07
2,"actively",0.000335549190982974
3,"actively",8.87806159954261e-07
4,"actively",5.26519310311492e-05
5,"actively",8.38298856895678e-07
6,"actively",9.00372033724334e-07
1,"states",8.90819393494524e-07
2,"states",0.000141793752620102
3,"states",8.87806159954261e-07
4,"states",8.63146410346709e-07
5,"states",8.38298856895678e-07
6,"states",9.00372033724334e-07
1,"question",8.90819393494524e-07
2,"question",8.80706538013056e-07
3,"question",0.000142936791752636
4,"question",8.63146410346709e-07
5,"question",8.38298856895678e-07
6,"question",5.49226940571845e-05
1,"restricted",8.90819393494524e-07
2,"restricted",0.00011537255647971
3,"restricted",8.87806159954261e-07
4,"restricted",8.63146410346709e-07
5,"restricted",9.22128742585246e-06
6,"restricted",9.00372033724334e-07
1,"traveling",0.000116697340547783
2,"traveling",2.73019026784047e-05
3,"traveling",1.86439293590395e-05
4,"traveling",8.63146410346709e-07
5,"traveling",8.38298856895678e-07
6,"traveling",9.90409237096768e-06
1,"definition",4.54317890682208e-05
2,"definition",8.80706538013056e-07
3,"definition",8.87806159954261e-07
4,"definition",8.63146410346709e-07
5,"definition",8.38298856895678e-07
6,"definition",9.00372033724334e-07
1,"customizable",8.90819393494524e-07
2,"customizable",8.80706538013056e-07
3,"customizable",5.41561757572099e-05
4,"customizable",8.63146410346709e-07
5,"customizable",8.38298856895678e-07
6,"customizable",2.79115330454544e-05
1,"summer",4.54317890682208e-05
2,"summer",8.80706538013056e-07
3,"summer",8.87806159954261e-07
4,"summer",8.63146410346709e-07
5,"summer",8.38298856895678e-07
6,"summer",9.00372033724334e-07
1,"awsome",2.76154011983302e-05
2,"awsome",8.80706538013056e-07
3,"awsome",8.87806159954261e-07
4,"awsome",8.63146410346709e-07
5,"awsome",8.38298856895678e-07
6,"awsome",0.000171971058441348
1,"glitchiest",8.90819393494524e-07
2,"glitchiest",8.80706538013056e-07
3,"glitchiest",8.87806159954261e-07
4,"glitchiest",5.26519310311492e-05
5,"glitchiest",9.22128742585246e-06
6,"glitchiest",9.00372033724334e-07
1,"jams",8.90819393494524e-07
2,"jams",8.80706538013056e-07
3,"jams",8.87806159954261e-07
4,"jams",8.63146410346709e-07
5,"jams",9.22128742585246e-06
6,"jams",6.39264143944278e-05
1,"habit",8.90819393494524e-07
2,"habit",8.80706538013056e-07
3,"habit",8.87806159954261e-07
4,"habit",3.53890028242151e-05
5,"habit",8.38298856895678e-07
6,"habit",5.49226940571845e-05
1,"subpar",8.90819393494524e-07
2,"subpar",8.80706538013056e-07
3,"subpar",8.07903605558377e-05
4,"subpar",8.63146410346709e-07
5,"subpar",8.38298856895678e-07
6,"subpar",1.8907812708211e-05
1,"loss",0.000179054698092399
2,"loss",9.68777191814362e-06
3,"loss",8.87806159954261e-07
4,"loss",8.63146410346709e-07
5,"loss",8.38298856895678e-07
6,"loss",9.00372033724334e-07
1,"1-2",8.10645648080017e-05
2,"1-2",8.80706538013056e-07
3,"1-2",8.87806159954261e-07
4,"1-2",8.63146410346709e-07
5,"1-2",8.38298856895678e-07
6,"1-2",3.69152533826978e-05
1,"bank",8.90819393494524e-07
2,"bank",0.000194636144900885
3,"bank",8.87806159954261e-07
4,"bank",8.63146410346709e-07
5,"bank",8.38298856895678e-07
6,"bank",9.00372033724334e-07
1,"prove",8.90819393494524e-07
2,"prove",8.80706538013056e-07
3,"prove",5.41561757572099e-05
4,"prove",8.63146410346709e-07
5,"prove",8.38298856895678e-07
6,"prove",9.00372033724334e-07
1,"expectations",8.90819393494524e-07
2,"expectations",8.80706538013056e-07
3,"expectations",3.64000525581247e-05
4,"expectations",4.40204669276821e-05
5,"expectations",8.38298856895678e-07
6,"expectations",1.8907812708211e-05
1,"busy",8.90819393494524e-07
2,"busy",8.80706538013056e-07
3,"busy",0.000196205161349891
4,"busy",8.63146410346709e-07
5,"busy",8.38298856895678e-07
6,"busy",9.00372033724334e-07
1,"attention",8.90819393494524e-07
2,"attention",8.80706538013056e-07
3,"attention",0.00029386383894486
4,"attention",8.63146410346709e-07
5,"attention",8.38298856895678e-07
6,"attention",9.00372033724334e-07
1,"proper",0.000526474261555264
2,"proper",8.80706538013056e-07
3,"proper",8.87806159954261e-07
4,"proper",8.63146410346709e-07
5,"proper",8.38298856895678e-07
6,"proper",9.00372033724334e-07
1,"feelings",8.90819393494524e-07
2,"feelings",8.80706538013056e-07
3,"feelings",8.87806159954261e-07
4,"feelings",4.40204669276821e-05
5,"feelings",8.38298856895678e-07
6,"feelings",1.8907812708211e-05
1,"replays",8.90819393494524e-07
2,"replays",8.80706538013056e-07
3,"replays",8.87806159954261e-07
4,"replays",6.99148592380834e-05
5,"replays",8.38298856895678e-07
6,"replays",3.69152533826978e-05
1,"john",8.90819393494524e-07
2,"john",8.80706538013056e-07
3,"john",8.87806159954261e-07
4,"john",4.40204669276821e-05
5,"john",8.38298856895678e-07
6,"john",9.00372033724334e-07
1,"hiccups",8.90819393494524e-07
2,"hiccups",8.80706538013056e-07
3,"hiccups",5.41561757572099e-05
4,"hiccups",8.63146410346709e-07
5,"hiccups",8.38298856895678e-07
6,"hiccups",9.00372033724334e-07
1,"shady",8.90819393494524e-07
2,"shady",8.80706538013056e-07
3,"shady",8.87806159954261e-07
4,"shady",6.12833951346163e-05
5,"shady",8.38298856895678e-07
6,"shady",9.00372033724334e-07
1,"spy",8.90819393494524e-07
2,"spy",3.61089680585353e-05
3,"spy",8.87806159954261e-07
4,"spy",8.63146410346709e-07
5,"spy",9.22128742585246e-06
6,"spy",9.00372033724334e-07
1,"likely",8.10645648080017e-05
2,"likely",0.000124179621859841
3,"likely",8.87806159954261e-07
4,"likely",8.63146410346709e-07
5,"likely",8.38298856895678e-07
6,"likely",7.29301347316712e-05
1,"e.g",8.10645648080017e-05
2,"e.g",9.68777191814362e-06
3,"e.g",8.87806159954261e-07
4,"e.g",9.4946105138138e-06
5,"e.g",8.38298856895678e-07
6,"e.g",8.19338550689144e-05
1,"acces",6.32481769381112e-05
2,"acces",8.80706538013056e-07
3,"acces",8.87806159954261e-07
4,"acces",8.63146410346709e-07
5,"acces",8.38298856895678e-07
6,"acces",9.00372033724334e-07
1,"forty-seven",8.90819393494524e-07
2,"forty-seven",4.49160334386658e-05
3,"forty-seven",8.87806159954261e-07
4,"forty-seven",8.63146410346709e-07
5,"forty-seven",1.76042759948093e-05
6,"forty-seven",9.00372033724334e-07
1,"faulty",8.90819393494524e-07
2,"faulty",1.84948372982742e-05
3,"faulty",8.87806159954261e-07
4,"faulty",7.85463233415505e-05
5,"faulty",8.38298856895678e-07
6,"faulty",9.00372033724334e-07
1,"vpn",6.32481769381112e-05
2,"vpn",8.80706538013056e-07
3,"vpn",8.87806159954261e-07
4,"vpn",9.4946105138138e-06
5,"vpn",5.95192188395932e-05
6,"vpn",9.00372033724334e-07
1,"fold",8.90819393494524e-07
2,"fold",8.80706538013056e-07
3,"fold",8.87806159954261e-07
4,"fold",0.000130335107962353
5,"fold",8.38298856895678e-07
6,"fold",9.00372033724334e-07
1,"spotifys",2.76154011983302e-05
2,"spotifys",0.00010656549109958
3,"spotifys",8.87806159954261e-07
4,"spotifys",9.4946105138138e-06
5,"spotifys",9.22128742585246e-06
6,"spotifys",9.00372033724334e-07
1,"audios",8.90819393494524e-07
2,"audios",8.80706538013056e-07
3,"audios",5.41561757572099e-05
4,"audios",8.63146410346709e-07
5,"audios",8.38298856895678e-07
6,"audios",1.8907812708211e-05
1,"eat",1.8707207263385e-05
2,"eat",8.89513603393186e-05
3,"eat",8.87806159954261e-07
4,"eat",8.63146410346709e-07
5,"eat",8.38298856895678e-07
6,"eat",9.00372033724334e-07
1,"butter",8.90819393494524e-07
2,"butter",2.73019026784047e-05
3,"butter",8.87806159954261e-07
4,"butter",8.63146410346709e-07
5,"butter",9.22128742585246e-06
6,"butter",9.90409237096768e-06
1,"places",0.000250320249571961
2,"places",8.80706538013056e-07
3,"places",2.75219909585821e-05
4,"places",8.63146410346709e-07
5,"places",8.38298856895678e-07
6,"places",9.00372033724334e-07
1,"icons",8.90819393494524e-07
2,"icons",8.80706538013056e-07
3,"icons",0.000178449038150806
4,"icons",8.63146410346709e-07
5,"icons",8.38298856895678e-07
6,"icons",9.00372033724334e-07
1,"operating",9.79901332843977e-06
2,"operating",8.80706538013056e-07
3,"operating",8.87806159954261e-07
4,"operating",9.58092515484846e-05
5,"operating",8.38298856895678e-07
6,"operating",9.00372033724334e-07
1,"non-premium",8.90819393494524e-07
2,"non-premium",8.80706538013056e-07
3,"non-premium",0.000125180668553551
4,"non-premium",8.63146410346709e-07
5,"non-premium",8.38298856895678e-07
6,"non-premium",9.00372033724334e-07
1,"unique",8.90819393494524e-07
2,"unique",8.80706538013056e-07
3,"unique",8.87806159954261e-07
4,"unique",8.63146410346709e-07
5,"unique",1.76042759948093e-05
6,"unique",0.000108945016080645
1,"tempting",8.90819393494524e-07
2,"tempting",8.80706538013056e-07
3,"tempting",8.87806159954261e-07
4,"tempting",4.40204669276821e-05
5,"tempting",8.38298856895678e-07
6,"tempting",9.00372033724334e-07
1,"tad",8.90819393494524e-07
2,"tad",8.80706538013056e-07
3,"tad",8.87806159954261e-07
4,"tad",1.81260746172809e-05
5,"tad",8.38298856895678e-07
6,"tad",3.69152533826978e-05
1,"posting",8.90819393494524e-07
2,"posting",8.80706538013056e-07
3,"posting",5.41561757572099e-05
4,"posting",3.53890028242151e-05
5,"posting",8.38298856895678e-07
6,"posting",9.00372033724334e-07
1,"pirating",8.90819393494524e-07
2,"pirating",8.80706538013056e-07
3,"pirating",8.87806159954261e-07
4,"pirating",3.53890028242151e-05
5,"pirating",9.22128742585246e-06
6,"pirating",9.00372033724334e-07
1,"lossless",8.90819393494524e-07
2,"lossless",8.80706538013056e-07
3,"lossless",8.87806159954261e-07
4,"lossless",8.63146410346709e-07
5,"lossless",8.38298856895678e-07
6,"lossless",0.000406067787209675
1,"dunno",7.21563708730564e-05
2,"dunno",8.80706538013056e-07
3,"dunno",2.75219909585821e-05
4,"dunno",8.63146410346709e-07
5,"dunno",8.38298856895678e-07
6,"dunno",9.90409237096768e-06
1,"informative",8.90819393494524e-07
2,"informative",8.80706538013056e-07
3,"informative",1.86439293590395e-05
4,"informative",8.63146410346709e-07
5,"informative",2.5987264563766e-05
6,"informative",1.8907812708211e-05
1,"dig",9.79901332843977e-06
2,"dig",8.80706538013056e-07
3,"dig",2.75219909585821e-05
4,"dig",5.26519310311492e-05
5,"dig",8.38298856895678e-07
6,"dig",9.00372033724334e-07
1,"pray",8.90819393494524e-07
2,"pray",8.80706538013056e-07
3,"pray",8.87806159954261e-07
4,"pray",8.63146410346709e-07
5,"pray",6.790220740855e-05
6,"pray",9.00372033724334e-07
1,"tapping",8.90819393494524e-07
2,"tapping",9.68777191814362e-06
3,"tapping",8.87806159954261e-07
4,"tapping",0.000208018284893557
5,"tapping",4.27532417016796e-05
6,"tapping",9.00372033724334e-07
1,"dot",9.79901332843977e-06
2,"dot",8.80706538013056e-07
3,"dot",0.000160692914951721
4,"dot",8.63146410346709e-07
5,"dot",8.38298856895678e-07
6,"dot",6.39264143944278e-05
1,"filtering",9.79901332843977e-06
2,"filtering",8.80706538013056e-07
3,"filtering",8.87806159954261e-07
4,"filtering",8.63146410346709e-07
5,"filtering",8.38298856895678e-07
6,"filtering",5.49226940571845e-05
1,"typing",8.90819393494524e-07
2,"typing",9.77584257194491e-05
3,"typing",8.87806159954261e-07
4,"typing",8.63146410346709e-07
5,"typing",8.38298856895678e-07
6,"typing",7.29301347316712e-05
1,"remotely",8.90819393494524e-07
2,"remotely",8.89513603393186e-05
3,"remotely",1.86439293590395e-05
4,"remotely",8.63146410346709e-07
5,"remotely",1.76042759948093e-05
6,"remotely",9.00372033724334e-07
1,"revert",2.76154011983302e-05
2,"revert",8.80706538013056e-07
3,"revert",8.87806159954261e-07
4,"revert",0.00046696220799757
5,"revert",8.38298856895678e-07
6,"revert",9.00372033724334e-07
1,"waze",0.000107789146612837
2,"waze",8.80706538013056e-07
3,"waze",8.87806159954261e-07
4,"waze",8.63146410346709e-07
5,"waze",8.38298856895678e-07
6,"waze",9.00372033724334e-07
1,"safely",9.79901332843977e-06
2,"safely",8.01442949591881e-05
3,"safely",8.87806159954261e-07
4,"safely",8.63146410346709e-07
5,"safely",8.38298856895678e-07
6,"safely",9.00372033724334e-07
1,"sane",8.90819393494524e-07
2,"sane",8.80706538013056e-07
3,"sane",8.87806159954261e-07
4,"sane",8.63146410346709e-07
5,"sane",9.22128742585246e-06
6,"sane",3.69152533826978e-05
1,"abt",8.90819393494524e-07
2,"abt",8.80706538013056e-07
3,"abt",8.87806159954261e-07
4,"abt",8.63146410346709e-07
5,"abt",8.46681845464636e-05
6,"abt",9.00372033724334e-07
1,"corporate",8.90819393494524e-07
2,"corporate",0.00010656549109958
3,"corporate",8.87806159954261e-07
4,"corporate",8.63146410346709e-07
5,"corporate",8.38298856895678e-07
6,"corporate",9.00372033724334e-07
1,"clowns",8.90819393494524e-07
2,"clowns",4.49160334386658e-05
3,"clowns",8.87806159954261e-07
4,"clowns",8.63146410346709e-07
5,"clowns",8.38298856895678e-07
6,"clowns",9.00372033724334e-07
1,"headache",8.90819393494524e-07
2,"headache",0.000132986687239971
3,"headache",8.87806159954261e-07
4,"headache",6.12833951346163e-05
5,"headache",8.38298856895678e-07
6,"headache",9.00372033724334e-07
1,"millions",8.90819393494524e-07
2,"millions",0.000326742125602843
3,"millions",8.87806159954261e-07
4,"millions",9.4946105138138e-06
5,"millions",8.38298856895678e-07
6,"millions",9.00372033724334e-07
1,"dollars",8.90819393494524e-07
2,"dollars",0.000291513864082322
3,"dollars",8.87806159954261e-07
4,"dollars",8.63146410346709e-07
5,"dollars",8.38298856895678e-07
6,"dollars",9.00372033724334e-07
1,"bloatware",9.79901332843977e-06
2,"bloatware",4.49160334386658e-05
3,"bloatware",8.87806159954261e-07
4,"bloatware",8.63146410346709e-07
5,"bloatware",8.38298856895678e-07
6,"bloatware",9.00372033724334e-07
1,"pushed",8.90819393494524e-07
2,"pushed",8.80706538013056e-07
3,"pushed",0.000151814853352178
4,"pushed",1.81260746172809e-05
5,"pushed",8.38298856895678e-07
6,"pushed",9.00372033724334e-07
1,"products",8.90819393494524e-07
2,"products",8.80706538013056e-07
3,"products",8.87806159954261e-07
4,"products",8.63146410346709e-07
5,"products",7.62851959775067e-05
6,"products",9.00372033724334e-07
1,"focused",8.90819393494524e-07
2,"focused",0.00010656549109958
3,"focused",8.87806159954261e-07
4,"focused",8.63146410346709e-07
5,"focused",8.38298856895678e-07
6,"focused",9.00372033724334e-07
1,"behaves",2.76154011983302e-05
2,"behaves",8.80706538013056e-07
3,"behaves",8.87806159954261e-07
4,"behaves",4.40204669276821e-05
5,"behaves",8.38298856895678e-07
6,"behaves",2.79115330454544e-05
1,"smaller",9.79901332843977e-06
2,"smaller",8.80706538013056e-07
3,"smaller",8.87806159954261e-07
4,"smaller",8.63146410346709e-07
5,"smaller",0.000151732093098118
6,"smaller",2.79115330454544e-05
1,"seventy",8.90819393494524e-07
2,"seventy",0.000185829079520755
3,"seventy",8.87806159954261e-07
4,"seventy",8.63146410346709e-07
5,"seventy",8.38298856895678e-07
6,"seventy",9.00372033724334e-07
1,"line",8.90819393494524e-07
2,"line",5.37230988187964e-05
3,"line",1.86439293590395e-05
4,"line",8.63146410346709e-07
5,"line",8.38298856895678e-07
6,"line",0.000604149634629029
1,"practically",8.90819393494524e-07
2,"practically",0.000229864406421408
3,"practically",8.87806159954261e-07
4,"practically",8.63146410346709e-07
5,"practically",8.38298856895678e-07
6,"practically",9.90409237096768e-06
1,"excited",8.90819393494524e-07
2,"excited",8.80706538013056e-07
3,"excited",8.87806159954261e-07
4,"excited",8.63146410346709e-07
5,"excited",8.38298856895678e-07
6,"excited",9.09375754061579e-05
1,"denies",3.65235951332755e-05
2,"denies",8.80706538013056e-07
3,"denies",9.76586775949687e-06
4,"denies",8.63146410346709e-07
5,"denies",8.38298856895678e-07
6,"denies",9.90409237096768e-06
1,"reverted",9.79901332843977e-06
2,"reverted",8.80706538013056e-07
3,"reverted",5.41561757572099e-05
4,"reverted",8.63146410346709e-07
5,"reverted",8.38298856895678e-07
6,"reverted",9.00372033724334e-07
1,"shutdowns",8.90819393494524e-07
2,"shutdowns",8.80706538013056e-07
3,"shutdowns",8.87806159954261e-07
4,"shutdowns",8.63146410346709e-07
5,"shutdowns",6.790220740855e-05
6,"shutdowns",9.00372033724334e-07
1,"shazam",8.90819393494524e-07
2,"shazam",8.80706538013056e-07
3,"shazam",0.000125180668553551
4,"shazam",8.63146410346709e-07
5,"shazam",8.38298856895678e-07
6,"shazam",0.000117948736417888
1,"erased",3.65235951332755e-05
2,"erased",1.84948372982742e-05
3,"erased",2.75219909585821e-05
4,"erased",6.12833951346163e-05
5,"erased",8.38298856895678e-07
6,"erased",9.00372033724334e-07
1,"ex",8.90819393494524e-07
2,"ex",8.80706538013056e-07
3,"ex",8.96684221553803e-05
4,"ex",5.26519310311492e-05
5,"ex",9.22128742585246e-06
6,"ex",9.00372033724334e-07
1,"thx",8.90819393494524e-07
2,"thx",8.80706538013056e-07
3,"thx",0.000107424545354466
4,"thx",9.4946105138138e-06
5,"thx",1.76042759948093e-05
6,"thx",9.00372033724334e-07
1,"dam",8.90819393494524e-07
2,"dam",8.80706538013056e-07
3,"dam",8.87806159954261e-07
4,"dam",3.53890028242151e-05
5,"dam",1.76042759948093e-05
6,"dam",9.00372033724334e-07
1,"spodify",8.90819393494524e-07
2,"spodify",8.80706538013056e-07
3,"spodify",8.87806159954261e-07
4,"spodify",8.63146410346709e-07
5,"spodify",5.95192188395932e-05
6,"spodify",9.00372033724334e-07
1,"con",8.90819393494524e-07
2,"con",9.68777191814362e-06
3,"con",8.87806159954261e-07
4,"con",1.81260746172809e-05
5,"con",8.38298856895678e-07
6,"con",3.69152533826978e-05
1,"silly",8.90819393494524e-07
2,"silly",2.73019026784047e-05
3,"silly",8.96684221553803e-05
4,"silly",8.63146410346709e-07
5,"silly",8.38298856895678e-07
6,"silly",9.00372033724334e-07
1,"import",8.90819393494524e-07
2,"import",8.80706538013056e-07
3,"import",4.52781141576672e-05
4,"import",7.85463233415505e-05
5,"import",9.22128742585246e-06
6,"import",9.00372033724334e-07
1,"irritated",0.00019687108596229
2,"irritated",8.80706538013056e-07
3,"irritated",4.52781141576672e-05
4,"irritated",8.63146410346709e-07
5,"irritated",8.38298856895678e-07
6,"irritated",9.00372033724334e-07
1,"selling",8.90819393494524e-07
2,"selling",9.68777191814362e-06
3,"selling",5.41561757572099e-05
4,"selling",9.4946105138138e-06
5,"selling",8.38298856895678e-07
6,"selling",9.00372033724334e-07
1,"daughter",8.90819393494524e-07
2,"daughter",0.000150600818000232
3,"daughter",8.87806159954261e-07
4,"daughter",8.63146410346709e-07
5,"daughter",8.38298856895678e-07
6,"daughter",9.00372033724334e-07
1,"cup",8.90819393494524e-07
2,"cup",8.80706538013056e-07
3,"cup",3.64000525581247e-05
4,"cup",8.63146410346709e-07
5,"cup",9.22128742585246e-06
6,"cup",9.00372033724334e-07
1,"bits",2.76154011983302e-05
2,"bits",8.80706538013056e-07
3,"bits",8.87806159954261e-07
4,"bits",8.63146410346709e-07
5,"bits",8.38298856895678e-07
6,"bits",2.79115330454544e-05
1,"calling",8.90819393494524e-07
2,"calling",5.37230988187964e-05
3,"calling",8.87806159954261e-07
4,"calling",1.81260746172809e-05
5,"calling",8.38298856895678e-07
6,"calling",4.59189737199411e-05
1,"choosing",9.79901332843977e-06
2,"choosing",8.80706538013056e-07
3,"choosing",8.87806159954261e-07
4,"choosing",8.63146410346709e-07
5,"choosing",0.000419987727304735
6,"choosing",9.00372033724334e-07
1,"handle",0.000268136637441852
2,"handle",9.68777191814362e-06
3,"handle",8.87806159954261e-07
4,"handle",8.63146410346709e-07
5,"handle",8.38298856895678e-07
6,"handle",9.00372033724334e-07
1,"anyways",4.54317890682208e-05
2,"anyways",8.80706538013056e-07
3,"anyways",0.000116302606954008
4,"anyways",8.63146410346709e-07
5,"anyways",0.000160115081667075
6,"anyways",9.00372033724334e-07
1,"gray",4.54317890682208e-05
2,"gray",2.73019026784047e-05
3,"gray",8.87806159954261e-07
4,"gray",8.63146410346709e-07
5,"gray",8.38298856895678e-07
6,"gray",9.00372033724334e-07
1,"nonstop",8.90819393494524e-07
2,"nonstop",0.000141793752620102
3,"nonstop",9.76586775949687e-06
4,"nonstop",1.81260746172809e-05
5,"nonstop",8.38298856895678e-07
6,"nonstop",9.00372033724334e-07
1,"boot",8.90819393494524e-07
2,"boot",8.80706538013056e-07
3,"boot",8.07903605558377e-05
4,"boot",8.63146410346709e-07
5,"boot",3.43702531327228e-05
6,"boot",9.00372033724334e-07
1,"disconnected",8.90819393494524e-07
2,"disconnected",8.80706538013056e-07
3,"disconnected",8.87806159954261e-07
4,"disconnected",0.000415173423376767
5,"disconnected",9.22128742585246e-06
6,"disconnected",9.00372033724334e-07
1,"discovering",8.90819393494524e-07
2,"discovering",8.80706538013056e-07
3,"discovering",9.76586775949687e-06
4,"discovering",8.63146410346709e-07
5,"discovering",8.38298856895678e-07
6,"discovering",0.000307026863499998
1,"releasing",8.90819393494524e-07
2,"releasing",8.80706538013056e-07
3,"releasing",1.86439293590395e-05
4,"releasing",9.4946105138138e-06
5,"releasing",8.38298856895678e-07
6,"releasing",9.09375754061579e-05
1,"popups",8.90819393494524e-07
2,"popups",9.68777191814362e-06
3,"popups",3.64000525581247e-05
4,"popups",8.63146410346709e-07
5,"popups",1.76042759948093e-05
6,"popups",9.00372033724334e-07
1,"apply",8.90819393494524e-07
2,"apply",8.89513603393186e-05
3,"apply",9.76586775949687e-06
4,"apply",1.81260746172809e-05
5,"apply",8.38298856895678e-07
6,"apply",3.69152533826978e-05
1,"relation",8.90819393494524e-07
2,"relation",1.84948372982742e-05
3,"relation",8.87806159954261e-07
4,"relation",8.63146410346709e-07
5,"relation",2.5987264563766e-05
6,"relation",9.00372033724334e-07
1,"supposedly",9.79901332843977e-06
2,"supposedly",8.80706538013056e-07
3,"supposedly",6.30342373567525e-05
4,"supposedly",8.63146410346709e-07
5,"supposedly",8.38298856895678e-07
6,"supposedly",1.8907812708211e-05
1,"app.it",8.90819393494524e-07
2,"app.it",8.80706538013056e-07
3,"app.it",8.87806159954261e-07
4,"app.it",8.63146410346709e-07
5,"app.it",1.76042759948093e-05
6,"app.it",2.79115330454544e-05
1,"injoy",8.90819393494524e-07
2,"injoy",8.80706538013056e-07
3,"injoy",9.76586775949687e-06
4,"injoy",8.63146410346709e-07
5,"injoy",8.38298856895678e-07
6,"injoy",3.69152533826978e-05
1,"dolby",8.90819393494524e-07
2,"dolby",8.80706538013056e-07
3,"dolby",8.87806159954261e-07
4,"dolby",8.63146410346709e-07
5,"dolby",8.38298856895678e-07
6,"dolby",0.000135956177092375
1,"atmos",8.90819393494524e-07
2,"atmos",0.000124179621859841
3,"atmos",8.87806159954261e-07
4,"atmos",8.63146410346709e-07
5,"atmos",8.38298856895678e-07
6,"atmos",9.90409237096768e-06
1,"assortment",8.90819393494524e-07
2,"assortment",8.80706538013056e-07
3,"assortment",8.87806159954261e-07
4,"assortment",8.63146410346709e-07
5,"assortment",8.38298856895678e-07
6,"assortment",5.49226940571845e-05
1,"hire",7.21563708730564e-05
2,"hire",8.80706538013056e-07
3,"hire",5.41561757572099e-05
4,"hire",8.63146410346709e-07
5,"hire",8.38298856895678e-07
6,"hire",9.00372033724334e-07
1,"gain",8.90819393494524e-07
2,"gain",5.37230988187964e-05
3,"gain",8.87806159954261e-07
4,"gain",8.63146410346709e-07
5,"gain",9.22128742585246e-06
6,"gain",9.00372033724334e-07
1,"expand",8.90819393494524e-07
2,"expand",8.80706538013056e-07
3,"expand",8.87806159954261e-07
4,"expand",8.63146410346709e-07
5,"expand",8.38298856895678e-07
6,"expand",9.09375754061579e-05
1,"listens",8.90819393494524e-07
2,"listens",8.01442949591881e-05
3,"listens",8.87806159954261e-07
4,"listens",8.63146410346709e-07
5,"listens",8.38298856895678e-07
6,"listens",6.39264143944278e-05
1,"charges",8.90819393494524e-07
2,"charges",0.00011537255647971
3,"charges",8.87806159954261e-07
4,"charges",8.63146410346709e-07
5,"charges",8.38298856895678e-07
6,"charges",9.00372033724334e-07
1,"remain",8.90819393494524e-07
2,"remain",8.80706538013056e-07
3,"remain",8.87806159954261e-07
4,"remain",0.000233912677203958
5,"remain",8.38298856895678e-07
6,"remain",9.00372033724334e-07
1,"c",8.90819393494524e-07
2,"c",0.00027389973332206
3,"c",8.87806159954261e-07
4,"c",8.63146410346709e-07
5,"c",9.22128742585246e-06
6,"c",9.00372033724334e-07
1,"prevent",0.00021468747383218
2,"prevent",8.80706538013056e-07
3,"prevent",9.76586775949687e-06
4,"prevent",1.81260746172809e-05
5,"prevent",8.38298856895678e-07
6,"prevent",9.00372033724334e-07
1,"event",8.90819393494524e-07
2,"event",5.37230988187964e-05
3,"event",8.87806159954261e-07
4,"event",8.63146410346709e-07
5,"event",8.38298856895678e-07
6,"event",9.00372033724334e-07
1,"cumbersome",9.79901332843977e-06
2,"cumbersome",0.00011537255647971
3,"cumbersome",8.87806159954261e-07
4,"cumbersome",8.63146410346709e-07
5,"cumbersome",8.38298856895678e-07
6,"cumbersome",9.00372033724334e-07
1,"bloated",8.90819393494524e-07
2,"bloated",8.01442949591881e-05
3,"bloated",1.86439293590395e-05
4,"bloated",8.63146410346709e-07
5,"bloated",8.38298856895678e-07
6,"bloated",9.00372033724334e-07
1,"hungry",9.79901332843977e-06
2,"hungry",2.73019026784047e-05
3,"hungry",1.86439293590395e-05
4,"hungry",8.63146410346709e-07
5,"hungry",8.38298856895678e-07
6,"hungry",4.59189737199411e-05
1,"childhood",8.90819393494524e-07
2,"childhood",8.80706538013056e-07
3,"childhood",8.87806159954261e-07
4,"childhood",8.63146410346709e-07
5,"childhood",8.38298856895678e-07
6,"childhood",6.39264143944278e-05
1,"drawback",8.90819393494524e-07
2,"drawback",8.80706538013056e-07
3,"drawback",7.19122989562951e-05
4,"drawback",8.63146410346709e-07
5,"drawback",2.5987264563766e-05
6,"drawback",9.00372033724334e-07
1,"fr",8.90819393494524e-07
2,"fr",6.25301641989269e-05
3,"fr",9.76586775949687e-06
4,"fr",9.4946105138138e-06
5,"fr",6.790220740855e-05
6,"fr",9.00372033724334e-07
1,"traditional",8.90819393494524e-07
2,"traditional",8.80706538013056e-07
3,"traditional",8.87806159954261e-07
4,"traditional",8.63146410346709e-07
5,"traditional",8.38298856895678e-07
6,"traditional",4.59189737199411e-05
1,"therapy",8.90819393494524e-07
2,"therapy",8.80706538013056e-07
3,"therapy",5.41561757572099e-05
4,"therapy",8.63146410346709e-07
5,"therapy",8.38298856895678e-07
6,"therapy",9.00372033724334e-07
1,"notif",8.90819393494524e-07
2,"notif",9.68777191814362e-06
3,"notif",8.87806159954261e-07
4,"notif",8.63146410346709e-07
5,"notif",3.43702531327228e-05
6,"notif",9.00372033724334e-07
1,"overrated",9.79901332843977e-06
2,"overrated",8.80706538013056e-07
3,"overrated",2.75219909585821e-05
4,"overrated",8.63146410346709e-07
5,"overrated",3.43702531327228e-05
6,"overrated",9.90409237096768e-06
1,"server",0.000125605534482728
2,"server",8.80706538013056e-07
3,"server",8.87806159954261e-07
4,"server",9.4946105138138e-06
5,"server",8.38298856895678e-07
6,"server",9.00372033724334e-07
1,"increased",8.90819393494524e-07
2,"increased",8.80706538013056e-07
3,"increased",8.87806159954261e-07
4,"increased",8.63146410346709e-07
5,"increased",8.38298856895678e-07
6,"increased",9.99412957434012e-05
1,"lovers",8.90819393494524e-07
2,"lovers",8.80706538013056e-07
3,"lovers",8.87806159954261e-07
4,"lovers",8.63146410346709e-07
5,"lovers",8.38298856895678e-07
6,"lovers",0.000352045465186215
1,"inconsistent",9.79901332843977e-06
2,"inconsistent",9.68777191814362e-06
3,"inconsistent",8.87806159954261e-07
4,"inconsistent",0.000182123892583156
5,"inconsistent",8.38298856895678e-07
6,"inconsistent",9.00372033724334e-07
1,"nevermind",8.90819393494524e-07
2,"nevermind",8.80706538013056e-07
3,"nevermind",3.64000525581247e-05
4,"nevermind",9.4946105138138e-06
5,"nevermind",8.38298856895678e-07
6,"nevermind",9.90409237096768e-06
1,"base",8.90819393494524e-07
2,"base",0.000168214948760494
3,"base",8.87806159954261e-07
4,"base",8.63146410346709e-07
5,"base",8.38298856895678e-07
6,"base",1.8907812708211e-05
1,"thirteen",8.90819393494524e-07
2,"thirteen",0.000141793752620102
3,"thirteen",8.87806159954261e-07
4,"thirteen",8.63146410346709e-07
5,"thirteen",8.38298856895678e-07
6,"thirteen",9.00372033724334e-07
1,"containing",8.90819393494524e-07
2,"containing",4.49160334386658e-05
3,"containing",8.87806159954261e-07
4,"containing",8.63146410346709e-07
5,"containing",8.38298856895678e-07
6,"containing",9.00372033724334e-07
1,"banned",8.90819393494524e-07
2,"banned",8.80706538013056e-07
3,"banned",1.86439293590395e-05
4,"banned",9.4946105138138e-06
5,"banned",8.38298856895678e-07
6,"banned",1.8907812708211e-05
1,"unfollow",9.79901332843977e-06
2,"unfollow",4.49160334386658e-05
3,"unfollow",8.87806159954261e-07
4,"unfollow",8.63146410346709e-07
5,"unfollow",8.38298856895678e-07
6,"unfollow",9.00372033724334e-07
1,"tvs",8.90819393494524e-07
2,"tvs",9.68777191814362e-06
3,"tvs",8.87806159954261e-07
4,"tvs",8.63146410346709e-07
5,"tvs",8.38298856895678e-07
6,"tvs",4.59189737199411e-05
1,"y",8.90819393494524e-07
2,"y",8.80706538013056e-07
3,"y",8.87806159954261e-07
4,"y",8.63146410346709e-07
5,"y",8.38298856895678e-07
6,"y",0.000253004541476538
1,"payer",3.65235951332755e-05
2,"payer",8.80706538013056e-07
3,"payer",9.76586775949687e-06
4,"payer",8.63146410346709e-07
5,"payer",8.38298856895678e-07
6,"payer",9.00372033724334e-07
1,"fell",8.90819393494524e-07
2,"fell",8.80706538013056e-07
3,"fell",8.87806159954261e-07
4,"fell",4.40204669276821e-05
5,"fell",8.38298856895678e-07
6,"fell",4.59189737199411e-05
1,"spammed",8.90819393494524e-07
2,"spammed",8.80706538013056e-07
3,"spammed",4.52781141576672e-05
4,"spammed",8.63146410346709e-07
5,"spammed",8.38298856895678e-07
6,"spammed",9.00372033724334e-07
1,"posted",8.90819393494524e-07
2,"posted",9.77584257194491e-05
3,"posted",8.87806159954261e-07
4,"posted",8.63146410346709e-07
5,"posted",8.38298856895678e-07
6,"posted",9.00372033724334e-07
1,"comments",8.90819393494524e-07
2,"comments",8.80706538013056e-07
3,"comments",0.000311619962143945
4,"comments",8.63146410346709e-07
5,"comments",8.38298856895678e-07
6,"comments",9.00372033724334e-07
1,"sucked",8.90819393494524e-07
2,"sucked",0.00010656549109958
3,"sucked",8.87806159954261e-07
4,"sucked",8.63146410346709e-07
5,"sucked",8.38298856895678e-07
6,"sucked",9.00372033724334e-07
1,"moves",8.90819393494524e-07
2,"moves",8.80706538013056e-07
3,"moves",8.87806159954261e-07
4,"moves",0.000182123892583156
5,"moves",8.38298856895678e-07
6,"moves",9.00372033724334e-07
1,"enables",8.90819393494524e-07
2,"enables",8.80706538013056e-07
3,"enables",8.87806159954261e-07
4,"enables",8.63146410346709e-07
5,"enables",8.38298856895678e-07
6,"enables",6.39264143944278e-05
1,"sticking",8.90819393494524e-07
2,"sticking",8.80706538013056e-07
3,"sticking",8.87806159954261e-07
4,"sticking",1.81260746172809e-05
5,"sticking",5.11362302706364e-05
6,"sticking",9.00372033724334e-07
1,"beats",8.90819393494524e-07
2,"beats",9.77584257194491e-05
3,"beats",5.41561757572099e-05
4,"beats",8.63146410346709e-07
5,"beats",8.38298856895678e-07
6,"beats",9.00372033724334e-07
1,"resources",8.90819393494524e-07
2,"resources",9.68777191814362e-06
3,"resources",8.87806159954261e-07
4,"resources",5.26519310311492e-05
5,"resources",8.38298856895678e-07
6,"resources",9.00372033724334e-07
1,"edition",1.8707207263385e-05
2,"edition",9.68777191814362e-06
3,"edition",8.87806159954261e-07
4,"edition",1.81260746172809e-05
5,"edition",8.38298856895678e-07
6,"edition",9.90409237096768e-06
1,"equal",9.79901332843977e-06
2,"equal",8.80706538013056e-07
3,"equal",9.76586775949687e-06
4,"equal",1.81260746172809e-05
5,"equal",8.38298856895678e-07
6,"equal",2.79115330454544e-05
1,"preference",8.90819393494524e-07
2,"preference",8.80706538013056e-07
3,"preference",8.07903605558377e-05
4,"preference",8.63146410346709e-07
5,"preference",8.38298856895678e-07
6,"preference",0.000171971058441348
1,"visuals",2.76154011983302e-05
2,"visuals",8.80706538013056e-07
3,"visuals",8.87806159954261e-07
4,"visuals",8.63146410346709e-07
5,"visuals",8.38298856895678e-07
6,"visuals",2.79115330454544e-05
1,"roughly",9.79901332843977e-06
2,"roughly",8.80706538013056e-07
3,"roughly",8.87806159954261e-07
4,"roughly",8.71777874450176e-05
5,"roughly",8.38298856895678e-07
6,"roughly",9.00372033724334e-07
1,"lg",9.79901332843977e-06
2,"lg",8.80706538013056e-07
3,"lg",8.87806159954261e-07
4,"lg",0.000104440715651952
5,"lg",8.38298856895678e-07
6,"lg",9.90409237096768e-06
1,"bent",1.8707207263385e-05
2,"bent",8.80706538013056e-07
3,"bent",8.87806159954261e-07
4,"bent",3.53890028242151e-05
5,"bent",8.38298856895678e-07
6,"bent",9.00372033724334e-07
1,"flat",9.79901332843977e-06
2,"flat",8.80706538013056e-07
3,"flat",8.87806159954261e-07
4,"flat",6.99148592380834e-05
5,"flat",9.22128742585246e-06
6,"flat",9.00372033724334e-07
1,"easiest",8.90819393494524e-07
2,"easiest",8.80706538013056e-07
3,"easiest",8.87806159954261e-07
4,"easiest",8.63146410346709e-07
5,"easiest",8.38298856895678e-07
6,"easiest",0.000117948736417888
1,"term",1.8707207263385e-05
2,"term",8.89513603393186e-05
3,"term",8.87806159954261e-07
4,"term",8.63146410346709e-07
5,"term",8.38298856895678e-07
6,"term",9.00372033724334e-07
1,"preventing",8.90819393494524e-07
2,"preventing",8.80706538013056e-07
3,"preventing",8.87806159954261e-07
4,"preventing",8.63146410346709e-07
5,"preventing",8.46681845464636e-05
6,"preventing",9.00372033724334e-07
1,"discographies",8.90819393494524e-07
2,"discographies",9.68777191814362e-06
3,"discographies",2.75219909585821e-05
4,"discographies",9.4946105138138e-06
5,"discographies",8.38298856895678e-07
6,"discographies",9.00372033724334e-07
1,"vinyl",2.76154011983302e-05
2,"vinyl",8.80706538013056e-07
3,"vinyl",8.87806159954261e-07
4,"vinyl",8.63146410346709e-07
5,"vinyl",8.38298856895678e-07
6,"vinyl",2.79115330454544e-05
1,"links",8.90819393494524e-07
2,"links",0.000441233975544541
3,"links",8.87806159954261e-07
4,"links",9.4946105138138e-06
5,"links",1.76042759948093e-05
6,"links",9.00372033724334e-07
1,"earphones",8.90819393494524e-07
2,"earphones",8.80706538013056e-07
3,"earphones",8.87806159954261e-07
4,"earphones",0.00019938682079009
5,"earphones",8.38298856895678e-07
6,"earphones",3.69152533826978e-05
1,"eventually",0.000464116904010647
2,"eventually",8.80706538013056e-07
3,"eventually",8.87806159954261e-07
4,"eventually",8.63146410346709e-07
5,"eventually",8.38298856895678e-07
6,"eventually",9.00372033724334e-07
1,"purely",8.90819393494524e-07
2,"purely",8.80706538013056e-07
3,"purely",8.87806159954261e-07
4,"purely",8.63146410346709e-07
5,"purely",9.22128742585246e-06
6,"purely",4.59189737199411e-05
1,"streamer",8.90819393494524e-07
2,"streamer",8.80706538013056e-07
3,"streamer",3.64000525581247e-05
4,"streamer",2.6757538720748e-05
5,"streamer",8.38298856895678e-07
6,"streamer",9.00372033724334e-07
1,"relaxing",8.90819393494524e-07
2,"relaxing",8.80706538013056e-07
3,"relaxing",7.19122989562951e-05
4,"relaxing",8.63146410346709e-07
5,"relaxing",8.38298856895678e-07
6,"relaxing",4.59189737199411e-05
1,"hopes",8.90819393494524e-07
2,"hopes",3.61089680585353e-05
3,"hopes",1.86439293590395e-05
4,"hopes",8.63146410346709e-07
5,"hopes",8.38298856895678e-07
6,"hopes",2.79115330454544e-05
1,"alive",8.90819393494524e-07
2,"alive",8.80706538013056e-07
3,"alive",8.87806159954261e-07
4,"alive",8.63146410346709e-07
5,"alive",7.62851959775067e-05
6,"alive",1.8907812708211e-05
1,"requests",0.000107789146612837
2,"requests",8.80706538013056e-07
3,"requests",7.19122989562951e-05
4,"requests",8.63146410346709e-07
5,"requests",8.38298856895678e-07
6,"requests",9.00372033724334e-07
1,"tge",8.90819393494524e-07
2,"tge",8.80706538013056e-07
3,"tge",8.87806159954261e-07
4,"tge",1.81260746172809e-05
5,"tge",9.30511731154204e-05
6,"tge",9.00372033724334e-07
1,"misleading",8.90819393494524e-07
2,"misleading",8.80706538013056e-07
3,"misleading",6.30342373567525e-05
4,"misleading",8.63146410346709e-07
5,"misleading",8.38298856895678e-07
6,"misleading",9.00372033724334e-07
1,"obsolete",1.8707207263385e-05
2,"obsolete",8.80706538013056e-07
3,"obsolete",8.87806159954261e-07
4,"obsolete",3.53890028242151e-05
5,"obsolete",8.38298856895678e-07
6,"obsolete",9.00372033724334e-07
1,"screwed",8.90819393494524e-07
2,"screwed",8.80706538013056e-07
3,"screwed",4.52781141576672e-05
4,"screwed",0.000294332925928228
5,"screwed",8.38298856895678e-07
6,"screwed",9.00372033724334e-07
1,"hasnt",0.000116697340547783
2,"hasnt",8.80706538013056e-07
3,"hasnt",8.87806159954261e-07
4,"hasnt",8.63146410346709e-07
5,"hasnt",1.76042759948093e-05
6,"hasnt",9.00372033724334e-07
1,"oneplus",8.90819393494524e-07
2,"oneplus",8.80706538013056e-07
3,"oneplus",8.96684221553803e-05
4,"oneplus",0.000121703643858886
5,"oneplus",8.38298856895678e-07
6,"oneplus",9.00372033724334e-07
1,"8t",4.54317890682208e-05
2,"8t",8.80706538013056e-07
3,"8t",8.87806159954261e-07
4,"8t",8.63146410346709e-07
5,"8t",8.38298856895678e-07
6,"8t",9.00372033724334e-07
1,"management",8.90819393494524e-07
2,"management",8.80706538013056e-07
3,"management",0.000160692914951721
4,"management",8.63146410346709e-07
5,"management",8.38298856895678e-07
6,"management",9.00372033724334e-07
1,"compensation",8.90819393494524e-07
2,"compensation",8.01442949591881e-05
3,"compensation",8.87806159954261e-07
4,"compensation",8.63146410346709e-07
5,"compensation",9.22128742585246e-06
6,"compensation",9.00372033724334e-07
1,"nine",8.90819393494524e-07
2,"nine",0.000960850832972244
3,"nine",8.87806159954261e-07
4,"nine",8.63146410346709e-07
5,"nine",8.38298856895678e-07
6,"nine",9.00372033724334e-07
1,"profit",8.90819393494524e-07
2,"profit",6.25301641989269e-05
3,"profit",8.87806159954261e-07
4,"profit",8.63146410346709e-07
5,"profit",8.38298856895678e-07
6,"profit",4.59189737199411e-05
1,"sites",8.90819393494524e-07
2,"sites",8.80706538013056e-07
3,"sites",8.87806159954261e-07
4,"sites",8.63146410346709e-07
5,"sites",5.95192188395932e-05
6,"sites",9.00372033724334e-07
1,"ya'll",8.90819393494524e-07
2,"ya'll",5.37230988187964e-05
3,"ya'll",8.87806159954261e-07
4,"ya'll",8.63146410346709e-07
5,"ya'll",8.38298856895678e-07
6,"ya'll",9.00372033724334e-07
1,"istg",1.8707207263385e-05
2,"istg",8.80706538013056e-07
3,"istg",8.87806159954261e-07
4,"istg",8.63146410346709e-07
5,"istg",1.76042759948093e-05
6,"istg",9.90409237096768e-06
1,"legit",8.90819393494524e-07
2,"legit",8.80706538013056e-07
3,"legit",9.85464837549228e-05
4,"legit",8.63146410346709e-07
5,"legit",8.38298856895678e-07
6,"legit",9.00372033724334e-07
1,"mental",8.90819393494524e-07
2,"mental",8.80706538013056e-07
3,"mental",8.96684221553803e-05
4,"mental",8.63146410346709e-07
5,"mental",8.38298856895678e-07
6,"mental",9.00372033724334e-07
1,"breakdown",8.90819393494524e-07
2,"breakdown",8.80706538013056e-07
3,"breakdown",4.52781141576672e-05
4,"breakdown",8.63146410346709e-07
5,"breakdown",8.38298856895678e-07
6,"breakdown",9.00372033724334e-07
1,"prior",8.90819393494524e-07
2,"prior",8.80706538013056e-07
3,"prior",8.87806159954261e-07
4,"prior",0.000251175605410892
5,"prior",8.38298856895678e-07
6,"prior",9.90409237096768e-06
1,"hid",8.90819393494524e-07
2,"hid",8.80706538013056e-07
3,"hid",8.87806159954261e-07
4,"hid",3.53890028242151e-05
5,"hid",8.38298856895678e-07
6,"hid",3.69152533826978e-05
1,"weather",8.90819393494524e-07
2,"weather",8.80706538013056e-07
3,"weather",9.85464837549228e-05
4,"weather",8.63146410346709e-07
5,"weather",8.38298856895678e-07
6,"weather",9.00372033724334e-07
1,"rap",8.90819393494524e-07
2,"rap",9.68777191814362e-06
3,"rap",8.87806159954261e-07
4,"rap",8.63146410346709e-07
5,"rap",8.38298856895678e-07
6,"rap",0.000334038024511728
1,"pocket",8.90819393494524e-07
2,"pocket",8.80706538013056e-07
3,"pocket",8.87806159954261e-07
4,"pocket",0.000216649748997024
5,"pocket",8.38298856895678e-07
6,"pocket",9.00372033724334e-07
1,"difficulty",0.000161238310222509
2,"difficulty",8.80706538013056e-07
3,"difficulty",8.87806159954261e-07
4,"difficulty",8.63146410346709e-07
5,"difficulty",9.22128742585246e-06
6,"difficulty",9.00372033724334e-07
1,"russian",8.90819393494524e-07
2,"russian",8.80706538013056e-07
3,"russian",8.87806159954261e-07
4,"russian",8.63146410346709e-07
5,"russian",8.38298856895678e-07
6,"russian",0.000144959897429618
1,"simplify",8.90819393494524e-07
2,"simplify",2.73019026784047e-05
3,"simplify",8.87806159954261e-07
4,"simplify",8.63146410346709e-07
5,"simplify",8.38298856895678e-07
6,"simplify",1.8907812708211e-05
1,"jumping",8.90819393494524e-07
2,"jumping",8.80706538013056e-07
3,"jumping",2.75219909585821e-05
4,"jumping",8.71777874450176e-05
5,"jumping",1.76042759948093e-05
6,"jumping",9.00372033724334e-07
1,"existent",8.90819393494524e-07
2,"existent",8.01442949591881e-05
3,"existent",8.87806159954261e-07
4,"existent",8.63146410346709e-07
5,"existent",8.38298856895678e-07
6,"existent",1.8907812708211e-05
1,"clumsy",8.90819393494524e-07
2,"clumsy",9.68777191814362e-06
3,"clumsy",2.75219909585821e-05
4,"clumsy",8.63146410346709e-07
5,"clumsy",8.38298856895678e-07
6,"clumsy",9.90409237096768e-06
1,"weirdly",8.90819393494524e-07
2,"weirdly",1.84948372982742e-05
3,"weirdly",4.52781141576672e-05
4,"weirdly",1.81260746172809e-05
5,"weirdly",8.38298856895678e-07
6,"weirdly",9.00372033724334e-07
1,"center",8.90819393494524e-07
2,"center",1.84948372982742e-05
3,"center",9.76586775949687e-06
4,"center",0.000173492428479689
5,"center",8.38298856895678e-07
6,"center",9.00372033724334e-07
1,"aka",8.90819393494524e-07
2,"aka",8.80706538013056e-07
3,"aka",8.07903605558377e-05
4,"aka",8.63146410346709e-07
5,"aka",8.38298856895678e-07
6,"aka",9.00372033724334e-07
1,"tiresome",9.79901332843977e-06
2,"tiresome",8.80706538013056e-07
3,"tiresome",2.75219909585821e-05
4,"tiresome",1.81260746172809e-05
5,"tiresome",8.38298856895678e-07
6,"tiresome",9.00372033724334e-07
1,"flagship",3.65235951332755e-05
2,"flagship",8.80706538013056e-07
3,"flagship",8.87806159954261e-07
4,"flagship",4.40204669276821e-05
5,"flagship",9.22128742585246e-06
6,"flagship",9.00372033724334e-07
1,"november",8.90819393494524e-07
2,"november",0.00010656549109958
3,"november",8.87806159954261e-07
4,"november",3.53890028242151e-05
5,"november",8.38298856895678e-07
6,"november",9.00372033724334e-07
1,"significant",9.79901332843977e-06
2,"significant",8.89513603393186e-05
3,"significant",8.87806159954261e-07
4,"significant",9.4946105138138e-06
5,"significant",8.38298856895678e-07
6,"significant",9.00372033724334e-07
1,"safety",9.79901332843977e-06
2,"safety",4.49160334386658e-05
3,"safety",8.87806159954261e-07
4,"safety",8.63146410346709e-07
5,"safety",8.38298856895678e-07
6,"safety",9.00372033724334e-07
1,"heaven",8.90819393494524e-07
2,"heaven",8.80706538013056e-07
3,"heaven",5.41561757572099e-05
4,"heaven",8.63146410346709e-07
5,"heaven",8.38298856895678e-07
6,"heaven",9.00372033724334e-07
1,"foot",8.90819393494524e-07
2,"foot",8.80706538013056e-07
3,"foot",8.87806159954261e-07
4,"foot",3.53890028242151e-05
5,"foot",9.22128742585246e-06
6,"foot",9.00372033724334e-07
1,"instances",1.8707207263385e-05
2,"instances",8.80706538013056e-07
3,"instances",8.87806159954261e-07
4,"instances",2.6757538720748e-05
5,"instances",8.38298856895678e-07
6,"instances",9.90409237096768e-06
1,"techno",8.90819393494524e-07
2,"techno",9.68777191814362e-06
3,"techno",8.87806159954261e-07
4,"techno",8.63146410346709e-07
5,"techno",8.38298856895678e-07
6,"techno",4.59189737199411e-05
1,"de",8.90819393494524e-07
2,"de",8.80706538013056e-07
3,"de",7.19122989562951e-05
4,"de",8.63146410346709e-07
5,"de",1.76042759948093e-05
6,"de",9.90409237096768e-06
1,"hacking",8.90819393494524e-07
2,"hacking",2.73019026784047e-05
3,"hacking",8.87806159954261e-07
4,"hacking",8.63146410346709e-07
5,"hacking",8.38298856895678e-07
6,"hacking",4.59189737199411e-05
1,"sonos",8.90819393494524e-07
2,"sonos",8.80706538013056e-07
3,"sonos",3.64000525581247e-05
4,"sonos",0.000225281213100491
5,"sonos",8.38298856895678e-07
6,"sonos",9.00372033724334e-07
1,"arrange",8.90819393494524e-07
2,"arrange",8.80706538013056e-07
3,"arrange",0.000249473530947147
4,"arrange",8.63146410346709e-07
5,"arrange",8.38298856895678e-07
6,"arrange",9.00372033724334e-07
1,"carefully",8.90819393494524e-07
2,"carefully",8.80706538013056e-07
3,"carefully",8.87806159954261e-07
4,"carefully",9.4946105138138e-06
5,"carefully",3.43702531327228e-05
6,"carefully",9.00372033724334e-07
1,"max",8.90819393494524e-07
2,"max",8.80706538013056e-07
3,"max",1.86439293590395e-05
4,"max",8.63146410346709e-07
5,"max",8.38298856895678e-07
6,"max",0.000144959897429618
1,"wit",8.90819393494524e-07
2,"wit",8.80706538013056e-07
3,"wit",7.19122989562951e-05
4,"wit",8.63146410346709e-07
5,"wit",8.38298856895678e-07
6,"wit",9.00372033724334e-07
1,"teach",7.21563708730564e-05
2,"teach",8.80706538013056e-07
3,"teach",8.87806159954261e-07
4,"teach",8.63146410346709e-07
5,"teach",8.38298856895678e-07
6,"teach",9.00372033724334e-07
1,"napster",8.90819393494524e-07
2,"napster",1.84948372982742e-05
3,"napster",8.87806159954261e-07
4,"napster",9.4946105138138e-06
5,"napster",8.38298856895678e-07
6,"napster",4.59189737199411e-05
1,"impressive",8.90819393494524e-07
2,"impressive",8.80706538013056e-07
3,"impressive",8.87806159954261e-07
4,"impressive",8.63146410346709e-07
5,"impressive",8.38298856895678e-07
6,"impressive",0.000207985939790321
1,"prevents",1.8707207263385e-05
2,"prevents",8.80706538013056e-07
3,"prevents",8.87806159954261e-07
4,"prevents",8.71777874450176e-05
5,"prevents",8.38298856895678e-07
6,"prevents",9.00372033724334e-07
1,"burning",8.90819393494524e-07
2,"burning",8.80706538013056e-07
3,"burning",8.87806159954261e-07
4,"burning",8.63146410346709e-07
5,"burning",8.38298856895678e-07
6,"burning",8.19338550689144e-05
1,"agree",8.90819393494524e-07
2,"agree",8.80706538013056e-07
3,"agree",0.00025835159254669
4,"agree",8.63146410346709e-07
5,"agree",8.38298856895678e-07
6,"agree",9.90409237096768e-06
1,"benefit",8.90819393494524e-07
2,"benefit",8.80706538013056e-07
3,"benefit",8.87806159954261e-07
4,"benefit",5.26519310311492e-05
5,"benefit",1.76042759948093e-05
6,"benefit",5.49226940571845e-05
1,"consumers",7.21563708730564e-05
2,"consumers",8.80706538013056e-07
3,"consumers",8.87806159954261e-07
4,"consumers",8.63146410346709e-07
5,"consumers",8.38298856895678e-07
6,"consumers",9.00372033724334e-07
1,"limitations",8.90819393494524e-07
2,"limitations",8.80706538013056e-07
3,"limitations",8.87806159954261e-07
4,"limitations",8.63146410346709e-07
5,"limitations",8.38298856895678e-07
6,"limitations",7.29301347316712e-05
1,"synced",8.90819393494524e-07
2,"synced",8.80706538013056e-07
3,"synced",8.87806159954261e-07
4,"synced",8.63146410346709e-07
5,"synced",8.38298856895678e-07
6,"synced",0.000171971058441348
1,"requires",0.000223595667767126
2,"requires",9.68777191814362e-06
3,"requires",8.87806159954261e-07
4,"requires",0.000484225136204504
5,"requires",8.38298856895678e-07
6,"requires",9.00372033724334e-07
1,"alarms",8.90819393494524e-07
2,"alarms",2.73019026784047e-05
3,"alarms",8.87806159954261e-07
4,"alarms",8.63146410346709e-07
5,"alarms",4.27532417016796e-05
6,"alarms",9.00372033724334e-07
1,"ps4",8.90819393494524e-07
2,"ps4",0.000282706798702191
3,"ps4",5.41561757572099e-05
4,"ps4",3.53890028242151e-05
5,"ps4",8.38298856895678e-07
6,"ps4",9.00372033724334e-07
1,"marketing",9.79901332843977e-06
2,"marketing",8.80706538013056e-07
3,"marketing",0.000151814853352178
4,"marketing",8.63146410346709e-07
5,"marketing",8.38298856895678e-07
6,"marketing",9.00372033724334e-07
1,"ditched",8.90819393494524e-07
2,"ditched",9.68777191814362e-06
3,"ditched",2.75219909585821e-05
4,"ditched",1.81260746172809e-05
5,"ditched",8.38298856895678e-07
6,"ditched",9.00372033724334e-07
1,"dumbest",2.76154011983302e-05
2,"dumbest",8.80706538013056e-07
3,"dumbest",8.87806159954261e-07
4,"dumbest",8.63146410346709e-07
5,"dumbest",4.27532417016796e-05
6,"dumbest",9.00372033724334e-07
1,"vast",8.90819393494524e-07
2,"vast",8.80706538013056e-07
3,"vast",8.87806159954261e-07
4,"vast",8.63146410346709e-07
5,"vast",8.38298856895678e-07
6,"vast",0.000271011982151025
1,"levels",8.90819393494524e-07
2,"levels",8.80706538013056e-07
3,"levels",8.96684221553803e-05
4,"levels",8.63146410346709e-07
5,"levels",8.38298856895678e-07
6,"levels",9.00372033724334e-07
1,"expired",8.90819393494524e-07
2,"expired",0.000467655171684932
3,"expired",8.87806159954261e-07
4,"expired",8.63146410346709e-07
5,"expired",4.27532417016796e-05
6,"expired",2.79115330454544e-05
1,"hurt",4.54317890682208e-05
2,"hurt",8.80706538013056e-07
3,"hurt",8.87806159954261e-07
4,"hurt",8.63146410346709e-07
5,"hurt",2.5987264563766e-05
6,"hurt",9.00372033724334e-07
1,"tends",3.65235951332755e-05
2,"tends",0.000132986687239971
3,"tends",8.87806159954261e-07
4,"tends",8.63146410346709e-07
5,"tends",9.22128742585246e-06
6,"tends",9.00372033724334e-07
1,"parties",3.65235951332755e-05
2,"parties",8.80706538013056e-07
3,"parties",8.87806159954261e-07
4,"parties",8.63146410346709e-07
5,"parties",8.38298856895678e-07
6,"parties",9.09375754061579e-05
1,"wynk",8.90819393494524e-07
2,"wynk",8.80706538013056e-07
3,"wynk",8.87806159954261e-07
4,"wynk",8.63146410346709e-07
5,"wynk",8.38298856895678e-07
6,"wynk",8.19338550689144e-05
1,"gaana",8.90819393494524e-07
2,"gaana",8.80706538013056e-07
3,"gaana",8.87806159954261e-07
4,"gaana",8.63146410346709e-07
5,"gaana",8.38298856895678e-07
6,"gaana",0.000280015702488268
1,"occurs",0.000134513728417673
2,"occurs",8.80706538013056e-07
3,"occurs",9.76586775949687e-06
4,"occurs",8.63146410346709e-07
5,"occurs",8.38298856895678e-07
6,"occurs",9.00372033724334e-07
1,"college",8.90819393494524e-07
2,"college",9.68777191814362e-06
3,"college",8.87806159954261e-07
4,"college",8.63146410346709e-07
5,"college",8.38298856895678e-07
6,"college",0.000126952456755131
1,"throws",0.000161238310222509
2,"throws",8.80706538013056e-07
3,"throws",8.87806159954261e-07
4,"throws",8.63146410346709e-07
5,"throws",8.38298856895678e-07
6,"throws",9.00372033724334e-07
1,"swapped",8.90819393494524e-07
2,"swapped",8.80706538013056e-07
3,"swapped",8.87806159954261e-07
4,"swapped",8.63146410346709e-07
5,"swapped",8.38298856895678e-07
6,"swapped",7.29301347316712e-05
1,"tbh",8.90819393494524e-07
2,"tbh",9.68777191814362e-06
3,"tbh",0.000142936791752636
4,"tbh",8.63146410346709e-07
5,"tbh",0.000218796001649772
6,"tbh",9.90409237096768e-06
1,"particularly",8.90819393494524e-07
2,"particularly",8.80706538013056e-07
3,"particularly",2.75219909585821e-05
4,"particularly",9.4946105138138e-06
5,"particularly",8.38298856895678e-07
6,"particularly",0.000117948736417888
1,"exercise",8.90819393494524e-07
2,"exercise",8.80706538013056e-07
3,"exercise",1.86439293590395e-05
4,"exercise",8.63146410346709e-07
5,"exercise",8.38298856895678e-07
6,"exercise",4.59189737199411e-05
1,"amounts",2.76154011983302e-05
2,"amounts",8.80706538013056e-07
3,"amounts",8.87806159954261e-07
4,"amounts",9.58092515484846e-05
5,"amounts",9.22128742585246e-06
6,"amounts",9.00372033724334e-07
1,"tracking",8.90819393494524e-07
2,"tracking",5.37230988187964e-05
3,"tracking",1.86439293590395e-05
4,"tracking",8.63146410346709e-07
5,"tracking",8.38298856895678e-07
6,"tracking",9.00372033724334e-07
1,"outstanding",8.90819393494524e-07
2,"outstanding",9.68777191814362e-06
3,"outstanding",8.87806159954261e-07
4,"outstanding",8.63146410346709e-07
5,"outstanding",8.38298856895678e-07
6,"outstanding",0.000198982219453078
1,"rank",1.8707207263385e-05
2,"rank",1.84948372982742e-05
3,"rank",8.87806159954261e-07
4,"rank",8.63146410346709e-07
5,"rank",9.22128742585246e-06
6,"rank",9.00372033724334e-07
1,"builds",8.90819393494524e-07
2,"builds",8.80706538013056e-07
3,"builds",8.87806159954261e-07
4,"builds",1.81260746172809e-05
5,"builds",8.38298856895678e-07
6,"builds",3.69152533826978e-05
1,"atheist",8.90819393494524e-07
2,"atheist",8.80706538013056e-07
3,"atheist",8.87806159954261e-07
4,"atheist",8.63146410346709e-07
5,"atheist",8.38298856895678e-07
6,"atheist",5.49226940571845e-05
1,"optimisation",2.76154011983302e-05
2,"optimisation",8.80706538013056e-07
3,"optimisation",8.87806159954261e-07
4,"optimisation",3.53890028242151e-05
5,"optimisation",8.38298856895678e-07
6,"optimisation",9.00372033724334e-07
1,"minimized",4.54317890682208e-05
2,"minimized",8.80706538013056e-07
3,"minimized",8.87806159954261e-07
4,"minimized",8.63146410346709e-07
5,"minimized",8.38298856895678e-07
6,"minimized",9.00372033724334e-07
1,"optimized",8.90819393494524e-07
2,"optimized",8.80706538013056e-07
3,"optimized",8.87806159954261e-07
4,"optimized",0.000104440715651952
5,"optimized",8.38298856895678e-07
6,"optimized",9.00372033724334e-07
1,"eighteen",0.000107789146612837
2,"eighteen",8.80706538013056e-07
3,"eighteen",8.87806159954261e-07
4,"eighteen",0.000104440715651952
5,"eighteen",8.38298856895678e-07
6,"eighteen",9.00372033724334e-07
1,"machine",8.90819393494524e-07
2,"machine",8.80706538013056e-07
3,"machine",8.87806159954261e-07
4,"machine",8.63146410346709e-07
5,"machine",8.38298856895678e-07
6,"machine",8.19338550689144e-05
1,"flawlessly",9.79901332843977e-06
2,"flawlessly",8.80706538013056e-07
3,"flawlessly",8.87806159954261e-07
4,"flawlessly",0.000216649748997024
5,"flawlessly",8.38298856895678e-07
6,"flawlessly",7.29301347316712e-05
1,"nuts",8.90819393494524e-07
2,"nuts",8.80706538013056e-07
3,"nuts",1.86439293590395e-05
4,"nuts",0.000156229500272754
5,"nuts",8.38298856895678e-07
6,"nuts",9.00372033724334e-07
1,"forwarding",8.90819393494524e-07
2,"forwarding",9.68777191814362e-06
3,"forwarding",8.87806159954261e-07
4,"forwarding",4.40204669276821e-05
5,"forwarding",8.38298856895678e-07
6,"forwarding",9.00372033724334e-07
1,"news",8.90819393494524e-07
2,"news",5.37230988187964e-05
3,"news",0.000249473530947147
4,"news",8.63146410346709e-07
5,"news",8.38298856895678e-07
6,"news",9.00372033724334e-07
1,"industry",8.90819393494524e-07
2,"industry",8.80706538013056e-07
3,"industry",5.41561757572099e-05
4,"industry",8.63146410346709e-07
5,"industry",8.38298856895678e-07
6,"industry",3.69152533826978e-05
1,"pic",8.90819393494524e-07
2,"pic",8.80706538013056e-07
3,"pic",0.000116302606954008
4,"pic",8.63146410346709e-07
5,"pic",8.38298856895678e-07
6,"pic",1.8907812708211e-05
1,"andriod",8.90819393494524e-07
2,"andriod",9.68777191814362e-06
3,"andriod",8.87806159954261e-07
4,"andriod",8.63146410346709e-07
5,"andriod",3.43702531327228e-05
6,"andriod",9.00372033724334e-07
1,"enormous",8.90819393494524e-07
2,"enormous",8.80706538013056e-07
3,"enormous",8.87806159954261e-07
4,"enormous",9.4946105138138e-06
5,"enormous",1.76042759948093e-05
6,"enormous",3.69152533826978e-05
1,"recomend",8.90819393494524e-07
2,"recomend",8.80706538013056e-07
3,"recomend",8.87806159954261e-07
4,"recomend",8.63146410346709e-07
5,"recomend",8.38298856895678e-07
6,"recomend",0.000207985939790321
1,"gear",9.79901332843977e-06
2,"gear",8.80706538013056e-07
3,"gear",4.52781141576672e-05
4,"gear",8.63146410346709e-07
5,"gear",8.38298856895678e-07
6,"gear",9.00372033724334e-07
1,"plugged",8.90819393494524e-07
2,"plugged",8.80706538013056e-07
3,"plugged",8.87806159954261e-07
4,"plugged",6.99148592380834e-05
5,"plugged",9.22128742585246e-06
6,"plugged",9.00372033724334e-07
1,"silent",8.90819393494524e-07
2,"silent",8.80706538013056e-07
3,"silent",8.87806159954261e-07
4,"silent",9.58092515484846e-05
5,"silent",8.38298856895678e-07
6,"silent",9.00372033724334e-07
1,"kenwood",8.90819393494524e-07
2,"kenwood",0.000511690498585585
3,"kenwood",8.87806159954261e-07
4,"kenwood",8.63146410346709e-07
5,"kenwood",8.38298856895678e-07
6,"kenwood",9.00372033724334e-07
1,"opportunity",8.90819393494524e-07
2,"opportunity",8.80706538013056e-07
3,"opportunity",8.87806159954261e-07
4,"opportunity",8.63146410346709e-07
5,"opportunity",8.38298856895678e-07
6,"opportunity",0.000126952456755131
1,"hi-fi",8.90819393494524e-07
2,"hi-fi",8.80706538013056e-07
3,"hi-fi",8.87806159954261e-07
4,"hi-fi",9.4946105138138e-06
5,"hi-fi",8.38298856895678e-07
6,"hi-fi",9.99412957434012e-05
1,"journey",8.90819393494524e-07
2,"journey",8.80706538013056e-07
3,"journey",8.87806159954261e-07
4,"journey",8.63146410346709e-07
5,"journey",8.38298856895678e-07
6,"journey",8.19338550689144e-05
1,"van",4.54317890682208e-05
2,"van",8.80706538013056e-07
3,"van",8.87806159954261e-07
4,"van",8.63146410346709e-07
5,"van",8.38298856895678e-07
6,"van",9.00372033724334e-07
1,"hub",5.43399830031659e-05
2,"hub",8.80706538013056e-07
3,"hub",8.87806159954261e-07
4,"hub",8.63146410346709e-07
5,"hub",8.38298856895678e-07
6,"hub",9.90409237096768e-06
1,"array",8.90819393494524e-07
2,"array",8.80706538013056e-07
3,"array",8.87806159954261e-07
4,"array",8.63146410346709e-07
5,"array",8.38298856895678e-07
6,"array",9.99412957434012e-05
1,"wastes",5.43399830031659e-05
2,"wastes",4.49160334386658e-05
3,"wastes",8.87806159954261e-07
4,"wastes",1.81260746172809e-05
5,"wastes",8.38298856895678e-07
6,"wastes",9.00372033724334e-07
1,"scam",8.90819393494524e-07
2,"scam",0.000203443210281016
3,"scam",8.87806159954261e-07
4,"scam",8.63146410346709e-07
5,"scam",8.38298856895678e-07
6,"scam",9.00372033724334e-07
1,"realised",8.90819393494524e-07
2,"realised",8.80706538013056e-07
3,"realised",8.87806159954261e-07
4,"realised",8.63146410346709e-07
5,"realised",8.38298856895678e-07
6,"realised",9.09375754061579e-05
1,"upgrading",8.90819393494524e-07
2,"upgrading",8.80706538013056e-07
3,"upgrading",8.87806159954261e-07
4,"upgrading",0.000156229500272754
5,"upgrading",8.38298856895678e-07
6,"upgrading",3.69152533826978e-05
1,"h",8.90819393494524e-07
2,"h",8.80706538013056e-07
3,"h",9.76586775949687e-06
4,"h",8.63146410346709e-07
5,"h",4.27532417016796e-05
6,"h",9.00372033724334e-07
1,"sight",8.90819393494524e-07
2,"sight",8.80706538013056e-07
3,"sight",8.87806159954261e-07
4,"sight",5.26519310311492e-05
5,"sight",8.38298856895678e-07
6,"sight",9.90409237096768e-06
1,"aside",8.90819393494524e-07
2,"aside",8.80706538013056e-07
3,"aside",8.87806159954261e-07
4,"aside",8.63146410346709e-07
5,"aside",0.000218796001649772
6,"aside",9.90409237096768e-06
1,"seemless",4.54317890682208e-05
2,"seemless",8.80706538013056e-07
3,"seemless",8.87806159954261e-07
4,"seemless",8.63146410346709e-07
5,"seemless",8.38298856895678e-07
6,"seemless",9.90409237096768e-06
1,"spanish",8.90819393494524e-07
2,"spanish",8.80706538013056e-07
3,"spanish",8.87806159954261e-07
4,"spanish",6.12833951346163e-05
5,"spanish",8.38298856895678e-07
6,"spanish",6.39264143944278e-05
1,"tough",8.90819393494524e-07
2,"tough",0.00010656549109958
3,"tough",8.87806159954261e-07
4,"tough",8.63146410346709e-07
5,"tough",8.38298856895678e-07
6,"tough",9.00372033724334e-07
1,"office",5.43399830031659e-05
2,"office",3.61089680585353e-05
3,"office",8.87806159954261e-07
4,"office",5.26519310311492e-05
5,"office",8.38298856895678e-07
6,"office",9.00372033724334e-07
1,"visual",8.90819393494524e-07
2,"visual",8.80706538013056e-07
3,"visual",8.07903605558377e-05
4,"visual",8.63146410346709e-07
5,"visual",3.43702531327228e-05
6,"visual",9.00372033724334e-07
1,"user's",8.90819393494524e-07
2,"user's",8.80706538013056e-07
3,"user's",8.87806159954261e-07
4,"user's",8.63146410346709e-07
5,"user's",8.46681845464636e-05
6,"user's",9.00372033724334e-07
1,"til",8.90819393494524e-07
2,"til",5.37230988187964e-05
3,"til",8.87806159954261e-07
4,"til",8.63146410346709e-07
5,"til",9.22128742585246e-06
6,"til",9.00372033724334e-07
1,"mr",8.90819393494524e-07
2,"mr",8.80706538013056e-07
3,"mr",1.86439293590395e-05
4,"mr",8.63146410346709e-07
5,"mr",8.38298856895678e-07
6,"mr",3.69152533826978e-05
1,"african",8.90819393494524e-07
2,"african",8.80706538013056e-07
3,"african",8.87806159954261e-07
4,"african",8.63146410346709e-07
5,"african",8.38298856895678e-07
6,"african",7.29301347316712e-05
1,"encourage",8.90819393494524e-07
2,"encourage",8.80706538013056e-07
3,"encourage",0.000151814853352178
4,"encourage",8.63146410346709e-07
5,"encourage",8.38298856895678e-07
6,"encourage",9.00372033724334e-07
1,"pet",8.90819393494524e-07
2,"pet",8.80706538013056e-07
3,"pet",8.87806159954261e-07
4,"pet",8.63146410346709e-07
5,"pet",5.95192188395932e-05
6,"pet",9.00372033724334e-07
1,"chosen",8.90819393494524e-07
2,"chosen",8.80706538013056e-07
3,"chosen",8.87806159954261e-07
4,"chosen",8.63146410346709e-07
5,"chosen",0.000461902670149519
6,"chosen",9.00372033724334e-07
1,"shifted",4.54317890682208e-05
2,"shifted",8.80706538013056e-07
3,"shifted",8.87806159954261e-07
4,"shifted",8.63146410346709e-07
5,"shifted",8.38298856895678e-07
6,"shifted",9.00372033724334e-07
1,"passed",8.90819393494524e-07
2,"passed",8.80706538013056e-07
3,"passed",9.76586775949687e-06
4,"passed",0.000104440715651952
5,"passed",9.22128742585246e-06
6,"passed",9.00372033724334e-07
1,"discord",8.90819393494524e-07
2,"discord",8.80706538013056e-07
3,"discord",8.07903605558377e-05
4,"discord",8.63146410346709e-07
5,"discord",8.38298856895678e-07
6,"discord",9.00372033724334e-07
1,"tutorial",3.65235951332755e-05
2,"tutorial",2.73019026784047e-05
3,"tutorial",8.87806159954261e-07
4,"tutorial",8.63146410346709e-07
5,"tutorial",8.38298856895678e-07
6,"tutorial",9.00372033724334e-07
1,"addressed",8.90819393494524e-07
2,"addressed",0.000247478537181669
3,"addressed",8.87806159954261e-07
4,"addressed",8.63146410346709e-07
5,"addressed",8.38298856895678e-07
6,"addressed",9.90409237096768e-06
1,"prompts",8.90819393494524e-07
2,"prompts",7.13372295790575e-05
3,"prompts",8.87806159954261e-07
4,"prompts",8.63146410346709e-07
5,"prompts",8.38298856895678e-07
6,"prompts",9.90409237096768e-06
1,"woke",8.90819393494524e-07
2,"woke",0.000212250275661146
3,"woke",8.87806159954261e-07
4,"woke",8.63146410346709e-07
5,"woke",8.38298856895678e-07
6,"woke",9.00372033724334e-07
1,"recorded",8.90819393494524e-07
2,"recorded",1.84948372982742e-05
3,"recorded",8.87806159954261e-07
4,"recorded",8.63146410346709e-07
5,"recorded",9.22128742585246e-06
6,"recorded",6.39264143944278e-05
1,"gay",2.76154011983302e-05
2,"gay",9.68777191814362e-06
3,"gay",8.87806159954261e-07
4,"gay",8.63146410346709e-07
5,"gay",2.5987264563766e-05
6,"gay",9.00372033724334e-07
1,"christ",8.90819393494524e-07
2,"christ",8.80706538013056e-07
3,"christ",8.07903605558377e-05
4,"christ",8.63146410346709e-07
5,"christ",8.38298856895678e-07
6,"christ",9.00372033724334e-07
1,"scrolling",8.90819393494524e-07
2,"scrolling",8.80706538013056e-07
3,"scrolling",0.000728888857322448
4,"scrolling",8.63146410346709e-07
5,"scrolling",8.38298856895678e-07
6,"scrolling",9.00372033724334e-07
1,"sounded",8.90819393494524e-07
2,"sounded",8.80706538013056e-07
3,"sounded",9.76586775949687e-06
4,"sounded",8.63146410346709e-07
5,"sounded",8.38298856895678e-07
6,"sounded",8.19338550689144e-05
1,"adjustments",8.90819393494524e-07
2,"adjustments",8.80706538013056e-07
3,"adjustments",8.87806159954261e-07
4,"adjustments",8.63146410346709e-07
5,"adjustments",8.38298856895678e-07
6,"adjustments",4.59189737199411e-05
1,"annoyance",8.90819393494524e-07
2,"annoyance",0.000247478537181669
3,"annoyance",8.87806159954261e-07
4,"annoyance",8.63146410346709e-07
5,"annoyance",8.38298856895678e-07
6,"annoyance",9.00372033724334e-07
1,"noticing",5.43399830031659e-05
2,"noticing",8.80706538013056e-07
3,"noticing",9.76586775949687e-06
4,"noticing",8.63146410346709e-07
5,"noticing",8.38298856895678e-07
6,"noticing",9.00372033724334e-07
1,"matters",1.8707207263385e-05
2,"matters",8.80706538013056e-07
3,"matters",8.87806159954261e-07
4,"matters",8.63146410346709e-07
5,"matters",1.76042759948093e-05
6,"matters",1.8907812708211e-05
1,"depends",0.000107789146612837
2,"depends",8.80706538013056e-07
3,"depends",8.87806159954261e-07
4,"depends",8.63146410346709e-07
5,"depends",8.38298856895678e-07
6,"depends",9.00372033724334e-07
1,"receiver",9.79901332843977e-06
2,"receiver",8.80706538013056e-07
3,"receiver",8.87806159954261e-07
4,"receiver",3.53890028242151e-05
5,"receiver",9.22128742585246e-06
6,"receiver",9.00372033724334e-07
1,"provider",8.90819393494524e-07
2,"provider",0.000256285602561799
3,"provider",8.87806159954261e-07
4,"provider",4.40204669276821e-05
5,"provider",8.38298856895678e-07
6,"provider",9.00372033724334e-07
1,"world's",8.90819393494524e-07
2,"world's",8.80706538013056e-07
3,"world's",8.87806159954261e-07
4,"world's",6.12833951346163e-05
5,"world's",8.38298856895678e-07
6,"world's",9.00372033724334e-07
1,"develop",6.32481769381112e-05
2,"develop",8.80706538013056e-07
3,"develop",3.64000525581247e-05
4,"develop",1.81260746172809e-05
5,"develop",8.38298856895678e-07
6,"develop",1.8907812708211e-05
1,"playlist's",8.90819393494524e-07
2,"playlist's",8.80706538013056e-07
3,"playlist's",9.85464837549228e-05
4,"playlist's",8.63146410346709e-07
5,"playlist's",8.38298856895678e-07
6,"playlist's",9.00372033724334e-07
1,"sole",8.90819393494524e-07
2,"sole",3.61089680585353e-05
3,"sole",1.86439293590395e-05
4,"sole",8.63146410346709e-07
5,"sole",8.38298856895678e-07
6,"sole",9.00372033724334e-07
1,"medium",8.90819393494524e-07
2,"medium",8.80706538013056e-07
3,"medium",8.87806159954261e-07
4,"medium",8.63146410346709e-07
5,"medium",8.38298856895678e-07
6,"medium",6.39264143944278e-05
1,"dosen't",8.90819393494524e-07
2,"dosen't",8.80706538013056e-07
3,"dosen't",8.87806159954261e-07
4,"dosen't",8.63146410346709e-07
5,"dosen't",7.62851959775067e-05
6,"dosen't",9.00372033724334e-07
1,"choppy",8.99727587429469e-05
2,"choppy",8.80706538013056e-07
3,"choppy",8.87806159954261e-07
4,"choppy",8.63146410346709e-07
5,"choppy",9.22128742585246e-06
6,"choppy",9.00372033724334e-07
1,"lawsuit",4.54317890682208e-05
2,"lawsuit",8.80706538013056e-07
3,"lawsuit",8.87806159954261e-07
4,"lawsuit",8.63146410346709e-07
5,"lawsuit",8.38298856895678e-07
6,"lawsuit",1.8907812708211e-05
1,"heos",8.90819393494524e-07
2,"heos",3.61089680585353e-05
3,"heos",8.87806159954261e-07
4,"heos",9.4946105138138e-06
5,"heos",8.38298856895678e-07
6,"heos",9.00372033724334e-07
1,"gladly",8.10645648080017e-05
2,"gladly",8.80706538013056e-07
3,"gladly",8.87806159954261e-07
4,"gladly",4.40204669276821e-05
5,"gladly",8.38298856895678e-07
6,"gladly",9.00372033724334e-07
1,"insist",5.43399830031659e-05
2,"insist",9.68777191814362e-06
3,"insist",8.87806159954261e-07
4,"insist",8.63146410346709e-07
5,"insist",8.38298856895678e-07
6,"insist",9.00372033724334e-07
1,"punjabi",8.90819393494524e-07
2,"punjabi",8.80706538013056e-07
3,"punjabi",5.41561757572099e-05
4,"punjabi",8.63146410346709e-07
5,"punjabi",8.38298856895678e-07
6,"punjabi",0.000198982219453078
1,"concentrate",8.90819393494524e-07
2,"concentrate",8.80706538013056e-07
3,"concentrate",8.87806159954261e-07
4,"concentrate",8.63146410346709e-07
5,"concentrate",8.38298856895678e-07
6,"concentrate",6.39264143944278e-05
1,"author",8.90819393494524e-07
2,"author",8.80706538013056e-07
3,"author",8.87806159954261e-07
4,"author",8.63146410346709e-07
5,"author",5.11362302706364e-05
6,"author",9.00372033724334e-07
1,"fresh",0.000205779279897235
2,"fresh",8.80706538013056e-07
3,"fresh",8.87806159954261e-07
4,"fresh",4.40204669276821e-05
5,"fresh",8.38298856895678e-07
6,"fresh",3.69152533826978e-05
1,"startup",8.90819393494524e-07
2,"startup",1.84948372982742e-05
3,"startup",8.87806159954261e-07
4,"startup",0.000104440715651952
5,"startup",8.38298856895678e-07
6,"startup",9.00372033724334e-07
1,"whatsoever",8.90819393494524e-07
2,"whatsoever",8.80706538013056e-07
3,"whatsoever",8.87806159954261e-07
4,"whatsoever",0.000277069997721294
5,"whatsoever",8.38298856895678e-07
6,"whatsoever",9.00372033724334e-07
1,"viewing",8.90819393494524e-07
2,"viewing",1.84948372982742e-05
3,"viewing",9.85464837549228e-05
4,"viewing",9.4946105138138e-06
5,"viewing",1.76042759948093e-05
6,"viewing",9.00372033724334e-07
1,"ratio",8.90819393494524e-07
2,"ratio",1.84948372982742e-05
3,"ratio",1.86439293590395e-05
4,"ratio",8.63146410346709e-07
5,"ratio",8.38298856895678e-07
6,"ratio",1.8907812708211e-05
1,"disappointment",0.000107789146612837
2,"disappointment",6.25301641989269e-05
3,"disappointment",8.87806159954261e-07
4,"disappointment",8.63146410346709e-07
5,"disappointment",8.38298856895678e-07
6,"disappointment",9.00372033724334e-07
1,"presented",8.90819393494524e-07
2,"presented",4.49160334386658e-05
3,"presented",8.87806159954261e-07
4,"presented",8.63146410346709e-07
5,"presented",8.38298856895678e-07
6,"presented",9.00372033724334e-07
1,"greatest",8.90819393494524e-07
2,"greatest",8.80706538013056e-07
3,"greatest",8.87806159954261e-07
4,"greatest",8.63146410346709e-07
5,"greatest",8.38298856895678e-07
6,"greatest",0.000325034304174485
1,"begins",8.90819393494524e-07
2,"begins",8.80706538013056e-07
3,"begins",8.87806159954261e-07
4,"begins",9.58092515484846e-05
5,"begins",1.76042759948093e-05
6,"begins",9.00372033724334e-07
1,"distance",8.90819393494524e-07
2,"distance",8.80706538013056e-07
3,"distance",3.64000525581247e-05
4,"distance",8.63146410346709e-07
5,"distance",8.38298856895678e-07
6,"distance",9.90409237096768e-06
1,"widgets",8.90819393494524e-07
2,"widgets",8.80706538013056e-07
3,"widgets",0.000187327099750349
4,"widgets",8.63146410346709e-07
5,"widgets",8.38298856895678e-07
6,"widgets",1.8907812708211e-05
1,"gym",8.90819393494524e-07
2,"gym",8.80706538013056e-07
3,"gym",8.87806159954261e-07
4,"gym",8.63146410346709e-07
5,"gym",8.38298856895678e-07
6,"gym",0.000216989660127565
1,"accidently",8.90819393494524e-07
2,"accidently",9.68777191814362e-06
3,"accidently",1.86439293590395e-05
4,"accidently",8.63146410346709e-07
5,"accidently",8.38298856895678e-07
6,"accidently",1.8907812708211e-05
1,"fastforward",5.43399830031659e-05
2,"fastforward",8.80706538013056e-07
3,"fastforward",8.87806159954261e-07
4,"fastforward",8.63146410346709e-07
5,"fastforward",9.22128742585246e-06
6,"fastforward",9.00372033724334e-07
1,"teams",1.8707207263385e-05
2,"teams",8.80706538013056e-07
3,"teams",8.87806159954261e-07
4,"teams",9.4946105138138e-06
5,"teams",9.22128742585246e-06
6,"teams",2.79115330454544e-05
1,"spread",1.8707207263385e-05
2,"spread",0.000177022014140624
3,"spread",8.87806159954261e-07
4,"spread",8.63146410346709e-07
5,"spread",8.38298856895678e-07
6,"spread",2.79115330454544e-05
1,"caused",6.32481769381112e-05
2,"caused",8.80706538013056e-07
3,"caused",8.87806159954261e-07
4,"caused",0.000501488064411438
5,"caused",8.38298856895678e-07
6,"caused",9.00372033724334e-07
1,"jack",3.65235951332755e-05
2,"jack",8.80706538013056e-07
3,"jack",8.87806159954261e-07
4,"jack",4.40204669276821e-05
5,"jack",8.38298856895678e-07
6,"jack",9.00372033724334e-07
1,"issued",4.54317890682208e-05
2,"issued",8.80706538013056e-07
3,"issued",8.87806159954261e-07
4,"issued",8.63146410346709e-07
5,"issued",8.38298856895678e-07
6,"issued",9.00372033724334e-07
1,"kid",8.90819393494524e-07
2,"kid",8.80706538013056e-07
3,"kid",9.85464837549228e-05
4,"kid",8.63146410346709e-07
5,"kid",9.22128742585246e-06
6,"kid",9.00372033724334e-07
1,"launching",8.90819393494524e-07
2,"launching",8.80706538013056e-07
3,"launching",8.96684221553803e-05
4,"launching",8.63146410346709e-07
5,"launching",8.38298856895678e-07
6,"launching",9.00372033724334e-07
1,"username",8.90819393494524e-07
2,"username",0.00043242691016441
3,"username",8.87806159954261e-07
4,"username",8.63146410346709e-07
5,"username",8.38298856895678e-07
6,"username",9.00372033724334e-07
1,"failure",8.90819393494524e-07
2,"failure",6.25301641989269e-05
3,"failure",8.87806159954261e-07
4,"failure",8.63146410346709e-07
5,"failure",8.38298856895678e-07
6,"failure",6.39264143944278e-05
1,"fits",8.90819393494524e-07
2,"fits",8.80706538013056e-07
3,"fits",4.52781141576672e-05
4,"fits",8.63146410346709e-07
5,"fits",9.22128742585246e-06
6,"fits",7.29301347316712e-05
1,"topics",8.90819393494524e-07
2,"topics",8.80706538013056e-07
3,"topics",9.76586775949687e-06
4,"topics",8.63146410346709e-07
5,"topics",8.38298856895678e-07
6,"topics",0.000126952456755131
1,"blutooth",5.43399830031659e-05
2,"blutooth",8.80706538013056e-07
3,"blutooth",9.76586775949687e-06
4,"blutooth",9.4946105138138e-06
5,"blutooth",8.38298856895678e-07
6,"blutooth",9.00372033724334e-07
1,"definetly",8.90819393494524e-07
2,"definetly",9.68777191814362e-06
3,"definetly",1.86439293590395e-05
4,"definetly",2.6757538720748e-05
5,"definetly",8.38298856895678e-07
6,"definetly",9.00372033724334e-07
1,"lovely",8.90819393494524e-07
2,"lovely",8.80706538013056e-07
3,"lovely",8.87806159954261e-07
4,"lovely",8.63146410346709e-07
5,"lovely",8.38298856895678e-07
6,"lovely",0.000207985939790321
1,"exhausting",8.90819393494524e-07
2,"exhausting",8.80706538013056e-07
3,"exhausting",8.87806159954261e-07
4,"exhausting",8.63146410346709e-07
5,"exhausting",8.38298856895678e-07
6,"exhausting",5.49226940571845e-05
1,"recording",8.90819393494524e-07
2,"recording",2.73019026784047e-05
3,"recording",8.87806159954261e-07
4,"recording",8.63146410346709e-07
5,"recording",8.38298856895678e-07
6,"recording",9.99412957434012e-05
1,"bravo",8.90819393494524e-07
2,"bravo",8.89513603393186e-05
3,"bravo",8.87806159954261e-07
4,"bravo",8.63146410346709e-07
5,"bravo",8.38298856895678e-07
6,"bravo",9.00372033724334e-07
1,"playable",8.90819393494524e-07
2,"playable",8.80706538013056e-07
3,"playable",8.87806159954261e-07
4,"playable",0.000156229500272754
5,"playable",1.76042759948093e-05
6,"playable",9.90409237096768e-06
1,"verify",8.90819393494524e-07
2,"verify",2.73019026784047e-05
3,"verify",1.86439293590395e-05
4,"verify",8.63146410346709e-07
5,"verify",8.38298856895678e-07
6,"verify",9.00372033724334e-07
1,"label",8.90819393494524e-07
2,"label",8.80706538013056e-07
3,"label",3.64000525581247e-05
4,"label",8.63146410346709e-07
5,"label",4.27532417016796e-05
6,"label",9.00372033724334e-07
1,"duplicate",8.90819393494524e-07
2,"duplicate",8.80706538013056e-07
3,"duplicate",5.41561757572099e-05
4,"duplicate",8.63146410346709e-07
5,"duplicate",8.38298856895678e-07
6,"duplicate",9.00372033724334e-07
1,"w",8.90819393494524e-07
2,"w",0.000141793752620102
3,"w",8.87806159954261e-07
4,"w",8.63146410346709e-07
5,"w",9.30511731154204e-05
6,"w",9.00372033724334e-07
1,"tablets",7.21563708730564e-05
2,"tablets",8.80706538013056e-07
3,"tablets",8.87806159954261e-07
4,"tablets",8.63146410346709e-07
5,"tablets",9.22128742585246e-06
6,"tablets",3.69152533826978e-05
1,"shortcut",8.90819393494524e-07
2,"shortcut",8.80706538013056e-07
3,"shortcut",8.87806159954261e-07
4,"shortcut",7.85463233415505e-05
5,"shortcut",8.38298856895678e-07
6,"shortcut",9.00372033724334e-07
1,"chill",9.79901332843977e-06
2,"chill",8.80706538013056e-07
3,"chill",8.87806159954261e-07
4,"chill",5.26519310311492e-05
5,"chill",8.38298856895678e-07
6,"chill",7.29301347316712e-05
1,"critical",8.90819393494524e-07
2,"critical",7.13372295790575e-05
3,"critical",8.87806159954261e-07
4,"critical",8.63146410346709e-07
5,"critical",8.38298856895678e-07
6,"critical",9.00372033724334e-07
1,"disturbing",4.54317890682208e-05
2,"disturbing",8.80706538013056e-07
3,"disturbing",3.64000525581247e-05
4,"disturbing",8.63146410346709e-07
5,"disturbing",8.38298856895678e-07
6,"disturbing",9.00372033724334e-07
1,"commands",8.90819393494524e-07
2,"commands",8.80706538013056e-07
3,"commands",8.87806159954261e-07
4,"commands",0.000147598036169287
5,"commands",8.38298856895678e-07
6,"commands",9.00372033724334e-07
1,"scummy",8.90819393494524e-07
2,"scummy",4.49160334386658e-05
3,"scummy",8.87806159954261e-07
4,"scummy",8.63146410346709e-07
5,"scummy",8.38298856895678e-07
6,"scummy",3.69152533826978e-05
1,"resulted",4.54317890682208e-05
2,"resulted",8.80706538013056e-07
3,"resulted",9.76586775949687e-06
4,"resulted",8.63146410346709e-07
5,"resulted",8.38298856895678e-07
6,"resulted",9.00372033724334e-07
1,"wider",8.90819393494524e-07
2,"wider",8.80706538013056e-07
3,"wider",8.87806159954261e-07
4,"wider",8.63146410346709e-07
5,"wider",8.38298856895678e-07
6,"wider",6.39264143944278e-05
1,"grabbing",8.90819393494524e-07
2,"grabbing",4.49160334386658e-05
3,"grabbing",8.87806159954261e-07
4,"grabbing",8.63146410346709e-07
5,"grabbing",8.38298856895678e-07
6,"grabbing",9.00372033724334e-07
1,"useing",8.90819393494524e-07
2,"useing",8.80706538013056e-07
3,"useing",8.87806159954261e-07
4,"useing",1.81260746172809e-05
5,"useing",2.5987264563766e-05
6,"useing",9.00372033724334e-07
1,"yk",9.79901332843977e-06
2,"yk",3.61089680585353e-05
3,"yk",9.76586775949687e-06
4,"yk",8.63146410346709e-07
5,"yk",8.38298856895678e-07
6,"yk",9.00372033724334e-07
1,"unpause",9.79901332843977e-06
2,"unpause",8.80706538013056e-07
3,"unpause",8.87806159954261e-07
4,"unpause",0.000113072179755419
5,"unpause",8.38298856895678e-07
6,"unpause",9.00372033724334e-07
1,"interests",8.90819393494524e-07
2,"interests",8.80706538013056e-07
3,"interests",8.87806159954261e-07
4,"interests",9.4946105138138e-06
5,"interests",8.38298856895678e-07
6,"interests",0.000135956177092375
1,"forty-nine",2.76154011983302e-05
2,"forty-nine",9.68777191814362e-06
3,"forty-nine",8.87806159954261e-07
4,"forty-nine",8.63146410346709e-07
5,"forty-nine",8.38298856895678e-07
6,"forty-nine",9.90409237096768e-06
1,"chilling",8.90819393494524e-07
2,"chilling",8.80706538013056e-07
3,"chilling",8.87806159954261e-07
4,"chilling",8.63146410346709e-07
5,"chilling",8.38298856895678e-07
6,"chilling",7.29301347316712e-05
1,"questionable",8.90819393494524e-07
2,"questionable",5.37230988187964e-05
3,"questionable",1.86439293590395e-05
4,"questionable",8.63146410346709e-07
5,"questionable",8.38298856895678e-07
6,"questionable",9.00372033724334e-07
1,"staying",8.90819393494524e-07
2,"staying",8.80706538013056e-07
3,"staying",0.000213961284548977
4,"staying",9.4946105138138e-06
5,"staying",8.38298856895678e-07
6,"staying",9.00372033724334e-07
1,"facilities",8.90819393494524e-07
2,"facilities",5.37230988187964e-05
3,"facilities",8.87806159954261e-07
4,"facilities",8.63146410346709e-07
5,"facilities",8.38298856895678e-07
6,"facilities",9.00372033724334e-07
1,"weekend",8.90819393494524e-07
2,"weekend",8.80706538013056e-07
3,"weekend",8.87806159954261e-07
4,"weekend",8.63146410346709e-07
5,"weekend",8.38298856895678e-07
6,"weekend",8.19338550689144e-05
1,"rip",8.90819393494524e-07
2,"rip",0.000132986687239971
3,"rip",8.87806159954261e-07
4,"rip",8.63146410346709e-07
5,"rip",8.38298856895678e-07
6,"rip",9.00372033724334e-07
1,"wrap",9.79901332843977e-06
2,"wrap",8.80706538013056e-07
3,"wrap",8.87806159954261e-07
4,"wrap",8.63146410346709e-07
5,"wrap",8.38298856895678e-07
6,"wrap",6.39264143944278e-05
1,"tooth",0.000152330116287564
2,"tooth",3.61089680585353e-05
3,"tooth",8.87806159954261e-07
4,"tooth",8.63146410346709e-07
5,"tooth",9.22128742585246e-06
6,"tooth",9.00372033724334e-07
1,"subscribers",4.54317890682208e-05
2,"subscribers",0.000168214948760494
3,"subscribers",8.87806159954261e-07
4,"subscribers",8.63146410346709e-07
5,"subscribers",8.38298856895678e-07
6,"subscribers",9.00372033724334e-07
1,"research",8.90819393494524e-07
2,"research",1.84948372982742e-05
3,"research",8.07903605558377e-05
4,"research",8.63146410346709e-07
5,"research",8.38298856895678e-07
6,"research",9.00372033724334e-07
1,"cute",8.90819393494524e-07
2,"cute",8.80706538013056e-07
3,"cute",8.87806159954261e-07
4,"cute",6.99148592380834e-05
5,"cute",8.38298856895678e-07
6,"cute",9.00372033724334e-07
1,"styles",8.90819393494524e-07
2,"styles",8.80706538013056e-07
3,"styles",8.87806159954261e-07
4,"styles",8.63146410346709e-07
5,"styles",5.11362302706364e-05
6,"styles",9.99412957434012e-05
1,"opt",8.90819393494524e-07
2,"opt",0.00010656549109958
3,"opt",9.76586775949687e-06
4,"opt",8.63146410346709e-07
5,"opt",8.38298856895678e-07
6,"opt",9.00372033724334e-07
1,"comment",8.90819393494524e-07
2,"comment",8.80706538013056e-07
3,"comment",0.000169570976551264
4,"comment",8.63146410346709e-07
5,"comment",8.38298856895678e-07
6,"comment",0.000189978499115835
1,"wiped",8.90819393494524e-07
2,"wiped",0.00010656549109958
3,"wiped",8.87806159954261e-07
4,"wiped",8.63146410346709e-07
5,"wiped",8.38298856895678e-07
6,"wiped",9.00372033724334e-07
1,"imo",8.90819393494524e-07
2,"imo",8.80706538013056e-07
3,"imo",0.000134058730153093
4,"imo",8.63146410346709e-07
5,"imo",9.22128742585246e-06
6,"imo",9.00372033724334e-07
1,"repetitive",8.90819393494524e-07
2,"repetitive",8.80706538013056e-07
3,"repetitive",0.00025835159254669
4,"repetitive",8.63146410346709e-07
5,"repetitive",8.38298856895678e-07
6,"repetitive",9.00372033724334e-07
1,"pandemic",8.90819393494524e-07
2,"pandemic",8.80706538013056e-07
3,"pandemic",8.87806159954261e-07
4,"pandemic",8.63146410346709e-07
5,"pandemic",3.43702531327228e-05
6,"pandemic",2.79115330454544e-05
1,"whichever",8.90819393494524e-07
2,"whichever",8.80706538013056e-07
3,"whichever",8.87806159954261e-07
4,"whichever",2.6757538720748e-05
5,"whichever",8.38298856895678e-07
6,"whichever",5.49226940571845e-05
1,"practical",8.90819393494524e-07
2,"practical",8.80706538013056e-07
3,"practical",4.52781141576672e-05
4,"practical",8.63146410346709e-07
5,"practical",8.38298856895678e-07
6,"practical",7.29301347316712e-05
1,"sucky",8.90819393494524e-07
2,"sucky",8.80706538013056e-07
3,"sucky",8.87806159954261e-07
4,"sucky",8.63146410346709e-07
5,"sucky",8.38298856895678e-07
6,"sucky",4.59189737199411e-05
1,"homescreen",8.90819393494524e-07
2,"homescreen",8.80706538013056e-07
3,"homescreen",8.87806159954261e-07
4,"homescreen",9.4946105138138e-06
5,"homescreen",8.38298856895678e-07
6,"homescreen",0.000234997100802052
1,"lockscreen",8.90819393494524e-07
2,"lockscreen",8.80706538013056e-07
3,"lockscreen",8.87806159954261e-07
4,"lockscreen",0.000277069997721294
5,"lockscreen",8.38298856895678e-07
6,"lockscreen",9.00372033724334e-07
1,"efficiently",8.90819393494524e-07
2,"efficiently",8.80706538013056e-07
3,"efficiently",8.87806159954261e-07
4,"efficiently",8.63146410346709e-07
5,"efficiently",3.43702531327228e-05
6,"efficiently",2.79115330454544e-05
1,"gigs",8.90819393494524e-07
2,"gigs",6.25301641989269e-05
3,"gigs",4.52781141576672e-05
4,"gigs",8.63146410346709e-07
5,"gigs",8.38298856895678e-07
6,"gigs",9.00372033724334e-07
1,"independent",8.90819393494524e-07
2,"independent",9.68777191814362e-06
3,"independent",8.87806159954261e-07
4,"independent",8.63146410346709e-07
5,"independent",8.38298856895678e-07
6,"independent",8.19338550689144e-05
1,"singular",2.76154011983302e-05
2,"singular",8.80706538013056e-07
3,"singular",5.41561757572099e-05
4,"singular",9.4946105138138e-06
5,"singular",8.38298856895678e-07
6,"singular",9.00372033724334e-07
1,"improves",8.90819393494524e-07
2,"improves",6.25301641989269e-05
3,"improves",8.87806159954261e-07
4,"improves",8.63146410346709e-07
5,"improves",8.38298856895678e-07
6,"improves",9.90409237096768e-06
1,"owned",8.90819393494524e-07
2,"owned",8.80706538013056e-07
3,"owned",5.41561757572099e-05
4,"owned",8.63146410346709e-07
5,"owned",8.38298856895678e-07
6,"owned",9.00372033724334e-07
1,"hulu",1.8707207263385e-05
2,"hulu",5.37230988187964e-05
3,"hulu",8.87806159954261e-07
4,"hulu",9.4946105138138e-06
5,"hulu",8.38298856895678e-07
6,"hulu",9.90409237096768e-06
1,"written",8.90819393494524e-07
2,"written",7.13372295790575e-05
3,"written",8.87806159954261e-07
4,"written",8.63146410346709e-07
5,"written",8.38298856895678e-07
6,"written",0.000153963617766861
1,"soundtracks",8.90819393494524e-07
2,"soundtracks",8.80706538013056e-07
3,"soundtracks",8.87806159954261e-07
4,"soundtracks",8.63146410346709e-07
5,"soundtracks",8.38298856895678e-07
6,"soundtracks",0.000162967338104105
1,"suspect",8.90819393494524e-07
2,"suspect",8.80706538013056e-07
3,"suspect",4.52781141576672e-05
4,"suspect",8.63146410346709e-07
5,"suspect",8.38298856895678e-07
6,"suspect",9.00372033724334e-07
1,"forty-five",8.90819393494524e-07
2,"forty-five",9.68777191814362e-06
3,"forty-five",8.87806159954261e-07
4,"forty-five",8.63146410346709e-07
5,"forty-five",0.000109817150253334
6,"forty-five",9.00372033724334e-07
1,"musician",8.90819393494524e-07
2,"musician",8.80706538013056e-07
3,"musician",0.000134058730153093
4,"musician",8.63146410346709e-07
5,"musician",8.38298856895678e-07
6,"musician",9.00372033724334e-07
1,"luxury",8.90819393494524e-07
2,"luxury",8.80706538013056e-07
3,"luxury",8.87806159954261e-07
4,"luxury",8.63146410346709e-07
5,"luxury",8.38298856895678e-07
6,"luxury",4.59189737199411e-05
1,"entirety",8.90819393494524e-07
2,"entirety",1.84948372982742e-05
3,"entirety",8.87806159954261e-07
4,"entirety",1.81260746172809e-05
5,"entirety",1.76042759948093e-05
6,"entirety",9.00372033724334e-07
1,"suit",8.90819393494524e-07
2,"suit",8.80706538013056e-07
3,"suit",9.76586775949687e-06
4,"suit",8.63146410346709e-07
5,"suit",8.38298856895678e-07
6,"suit",0.000126952456755131
1,"anxiety",8.90819393494524e-07
2,"anxiety",9.77584257194491e-05
3,"anxiety",4.52781141576672e-05
4,"anxiety",8.63146410346709e-07
5,"anxiety",8.38298856895678e-07
6,"anxiety",9.00372033724334e-07
1,"jump",8.90819393494524e-07
2,"jump",8.80706538013056e-07
3,"jump",0.00025835159254669
4,"jump",0.000156229500272754
5,"jump",9.22128742585246e-06
6,"jump",9.00372033724334e-07
1,"insanely",3.65235951332755e-05
2,"insanely",8.80706538013056e-07
3,"insanely",8.87806159954261e-07
4,"insanely",8.63146410346709e-07
5,"insanely",4.27532417016796e-05
6,"insanely",4.59189737199411e-05
1,"efficient",8.90819393494524e-07
2,"efficient",8.80706538013056e-07
3,"efficient",8.87806159954261e-07
4,"efficient",8.63146410346709e-07
5,"efficient",8.38298856895678e-07
6,"efficient",0.000189978499115835
1,"slowed",8.90819393494524e-07
2,"slowed",8.80706538013056e-07
3,"slowed",8.87806159954261e-07
4,"slowed",8.63146410346709e-07
5,"slowed",8.38298856895678e-07
6,"slowed",8.19338550689144e-05
1,"rethink",8.90819393494524e-07
2,"rethink",2.73019026784047e-05
3,"rethink",6.30342373567525e-05
4,"rethink",8.63146410346709e-07
5,"rethink",8.38298856895678e-07
6,"rethink",9.00372033724334e-07
1,"somthing",8.90819393494524e-07
2,"somthing",8.01442949591881e-05
3,"somthing",3.64000525581247e-05
4,"somthing",8.63146410346709e-07
5,"somthing",8.38298856895678e-07
6,"somthing",9.00372033724334e-07
1,"detail",8.90819393494524e-07
2,"detail",9.68777191814362e-06
3,"detail",8.87806159954261e-07
4,"detail",5.26519310311492e-05
5,"detail",8.38298856895678e-07
6,"detail",9.00372033724334e-07
1,"reload",9.88809526778921e-05
2,"reload",8.80706538013056e-07
3,"reload",8.87806159954261e-07
4,"reload",7.85463233415505e-05
5,"reload",8.38298856895678e-07
6,"reload",9.00372033724334e-07
1,"underground",8.90819393494524e-07
2,"underground",8.80706538013056e-07
3,"underground",8.87806159954261e-07
4,"underground",8.63146410346709e-07
5,"underground",8.38298856895678e-07
6,"underground",0.000189978499115835
1,"thst",8.90819393494524e-07
2,"thst",8.80706538013056e-07
3,"thst",8.87806159954261e-07
4,"thst",5.26519310311492e-05
5,"thst",8.38298856895678e-07
6,"thst",9.00372033724334e-07
1,"taylor",8.90819393494524e-07
2,"taylor",8.80706538013056e-07
3,"taylor",8.87806159954261e-07
4,"taylor",8.63146410346709e-07
5,"taylor",5.11362302706364e-05
6,"taylor",9.00372033724334e-07
1,"swift",3.65235951332755e-05
2,"swift",8.80706538013056e-07
3,"swift",8.87806159954261e-07
4,"swift",8.63146410346709e-07
5,"swift",8.38298856895678e-07
6,"swift",2.79115330454544e-05
1,"surprisingly",8.90819393494524e-07
2,"surprisingly",8.80706538013056e-07
3,"surprisingly",0.000116302606954008
4,"surprisingly",8.63146410346709e-07
5,"surprisingly",8.38298856895678e-07
6,"surprisingly",9.00372033724334e-07
1,"existence",8.90819393494524e-07
2,"existence",8.80706538013056e-07
3,"existence",4.52781141576672e-05
4,"existence",2.6757538720748e-05
5,"existence",8.38298856895678e-07
6,"existence",9.00372033724334e-07
1,"lisen",8.90819393494524e-07
2,"lisen",8.80706538013056e-07
3,"lisen",8.87806159954261e-07
4,"lisen",9.4946105138138e-06
5,"lisen",8.38298856895678e-07
6,"lisen",5.49226940571845e-05
1,"ut",8.90819393494524e-07
2,"ut",8.80706538013056e-07
3,"ut",8.87806159954261e-07
4,"ut",8.63146410346709e-07
5,"ut",7.62851959775067e-05
6,"ut",9.00372033724334e-07
1,"cos",8.90819393494524e-07
2,"cos",8.80706538013056e-07
3,"cos",8.87806159954261e-07
4,"cos",9.4946105138138e-06
5,"cos",6.790220740855e-05
6,"cos",9.90409237096768e-06
1,"crazy",0.000107789146612837
2,"crazy",0.000450041040924671
3,"crazy",8.87806159954261e-07
4,"crazy",8.63146410346709e-07
5,"crazy",1.76042759948093e-05
6,"crazy",9.00372033724334e-07
1,"aspect",8.90819393494524e-07
2,"aspect",8.80706538013056e-07
3,"aspect",0.000169570976551264
4,"aspect",9.4946105138138e-06
5,"aspect",8.38298856895678e-07
6,"aspect",9.90409237096768e-06
1,"problematic",0.00021468747383218
2,"problematic",8.80706538013056e-07
3,"problematic",8.87806159954261e-07
4,"problematic",8.63146410346709e-07
5,"problematic",8.38298856895678e-07
6,"problematic",9.00372033724334e-07
1,"unfortunate",8.90819393494524e-07
2,"unfortunate",8.89513603393186e-05
3,"unfortunate",4.52781141576672e-05
4,"unfortunate",8.63146410346709e-07
5,"unfortunate",8.38298856895678e-07
6,"unfortunate",9.90409237096768e-06
1,"exposed",9.79901332843977e-06
2,"exposed",9.68777191814362e-06
3,"exposed",8.87806159954261e-07
4,"exposed",8.63146410346709e-07
5,"exposed",3.43702531327228e-05
6,"exposed",9.00372033724334e-07
1,"versatile",8.90819393494524e-07
2,"versatile",8.80706538013056e-07
3,"versatile",4.52781141576672e-05
4,"versatile",8.63146410346709e-07
5,"versatile",8.38298856895678e-07
6,"versatile",9.00372033724334e-07
1,"outage",9.79901332843977e-06
2,"outage",8.80706538013056e-07
3,"outage",1.86439293590395e-05
4,"outage",9.4946105138138e-06
5,"outage",8.38298856895678e-07
6,"outage",1.8907812708211e-05
1,"wireless",2.76154011983302e-05
2,"wireless",8.80706538013056e-07
3,"wireless",8.87806159954261e-07
4,"wireless",0.00019938682079009
5,"wireless",8.38298856895678e-07
6,"wireless",9.00372033724334e-07
1,"pakistan",8.99727587429469e-05
2,"pakistan",8.80706538013056e-07
3,"pakistan",8.87806159954261e-07
4,"pakistan",8.63146410346709e-07
5,"pakistan",8.38298856895678e-07
6,"pakistan",9.00372033724334e-07
1,"thrilled",5.43399830031659e-05
2,"thrilled",8.80706538013056e-07
3,"thrilled",8.87806159954261e-07
4,"thrilled",8.63146410346709e-07
5,"thrilled",8.38298856895678e-07
6,"thrilled",9.00372033724334e-07
1,"simultaneously",6.32481769381112e-05
2,"simultaneously",8.80706538013056e-07
3,"simultaneously",8.87806159954261e-07
4,"simultaneously",8.63146410346709e-07
5,"simultaneously",8.38298856895678e-07
6,"simultaneously",9.00372033724334e-07
1,"minimise",8.90819393494524e-07
2,"minimise",8.80706538013056e-07
3,"minimise",8.87806159954261e-07
4,"minimise",8.63146410346709e-07
5,"minimise",2.5987264563766e-05
6,"minimise",3.69152533826978e-05
1,"carry",8.90819393494524e-07
2,"carry",8.80706538013056e-07
3,"carry",8.87806159954261e-07
4,"carry",3.53890028242151e-05
5,"carry",7.62851959775067e-05
6,"carry",9.00372033724334e-07
1,"hr",8.90819393494524e-07
2,"hr",3.61089680585353e-05
3,"hr",8.87806159954261e-07
4,"hr",8.63146410346709e-07
5,"hr",4.27532417016796e-05
6,"hr",9.00372033724334e-07
1,"honesty",8.90819393494524e-07
2,"honesty",8.80706538013056e-07
3,"honesty",5.41561757572099e-05
4,"honesty",1.81260746172809e-05
5,"honesty",8.38298856895678e-07
6,"honesty",9.00372033724334e-07
1,"speaking",8.90819393494524e-07
2,"speaking",8.80706538013056e-07
3,"speaking",8.87806159954261e-07
4,"speaking",8.63146410346709e-07
5,"speaking",6.790220740855e-05
6,"speaking",3.69152533826978e-05
1,"singles",8.90819393494524e-07
2,"singles",8.80706538013056e-07
3,"singles",8.07903605558377e-05
4,"singles",8.63146410346709e-07
5,"singles",8.38298856895678e-07
6,"singles",1.8907812708211e-05
1,"joined",8.90819393494524e-07
2,"joined",0.000124179621859841
3,"joined",4.52781141576672e-05
4,"joined",9.4946105138138e-06
5,"joined",9.22128742585246e-06
6,"joined",9.00372033724334e-07
1,"points",1.8707207263385e-05
2,"points",0.000132986687239971
3,"points",8.87806159954261e-07
4,"points",8.63146410346709e-07
5,"points",8.38298856895678e-07
6,"points",6.39264143944278e-05
1,"raised",6.32481769381112e-05
2,"raised",8.80706538013056e-07
3,"raised",8.87806159954261e-07
4,"raised",8.63146410346709e-07
5,"raised",8.38298856895678e-07
6,"raised",9.00372033724334e-07
1,"replaced",8.90819393494524e-07
2,"replaced",0.000361970387123366
3,"replaced",8.87806159954261e-07
4,"replaced",8.63146410346709e-07
5,"replaced",8.38298856895678e-07
6,"replaced",9.00372033724334e-07
1,"usa",6.32481769381112e-05
2,"usa",2.73019026784047e-05
3,"usa",8.87806159954261e-07
4,"usa",8.63146410346709e-07
5,"usa",8.38298856895678e-07
6,"usa",9.00372033724334e-07
1,"invite",8.90819393494524e-07
2,"invite",0.00010656549109958
3,"invite",8.87806159954261e-07
4,"invite",8.63146410346709e-07
5,"invite",8.38298856895678e-07
6,"invite",5.49226940571845e-05
1,"decision",8.90819393494524e-07
2,"decision",8.80706538013056e-07
3,"decision",0.000276107715745775
4,"decision",8.63146410346709e-07
5,"decision",1.76042759948093e-05
6,"decision",9.00372033724334e-07
1,"policy",9.79901332843977e-06
2,"policy",5.37230988187964e-05
3,"policy",8.87806159954261e-07
4,"policy",8.63146410346709e-07
5,"policy",8.38298856895678e-07
6,"policy",1.8907812708211e-05
1,"animation",6.32481769381112e-05
2,"animation",8.80706538013056e-07
3,"animation",8.87806159954261e-07
4,"animation",8.63146410346709e-07
5,"animation",8.38298856895678e-07
6,"animation",9.00372033724334e-07
1,"hopeless",2.76154011983302e-05
2,"hopeless",8.80706538013056e-07
3,"hopeless",8.87806159954261e-07
4,"hopeless",1.81260746172809e-05
5,"hopeless",1.76042759948093e-05
6,"hopeless",9.00372033724334e-07
1,"vanished",8.90819393494524e-07
2,"vanished",8.80706538013056e-07
3,"vanished",8.87806159954261e-07
4,"vanished",0.000225281213100491
5,"vanished",8.38298856895678e-07
6,"vanished",9.00372033724334e-07
1,"notifs",1.8707207263385e-05
2,"notifs",8.80706538013056e-07
3,"notifs",8.87806159954261e-07
4,"notifs",8.63146410346709e-07
5,"notifs",4.27532417016796e-05
6,"notifs",9.00372033724334e-07
1,"usability",8.90819393494524e-07
2,"usability",8.80706538013056e-07
3,"usability",4.52781141576672e-05
4,"usability",0.000104440715651952
5,"usability",8.38298856895678e-07
6,"usability",9.00372033724334e-07
1,"continued",1.8707207263385e-05
2,"continued",0.000141793752620102
3,"continued",9.76586775949687e-06
4,"continued",8.63146410346709e-07
5,"continued",8.38298856895678e-07
6,"continued",9.00372033724334e-07
1,"frustrates",1.8707207263385e-05
2,"frustrates",9.68777191814362e-06
3,"frustrates",8.87806159954261e-07
4,"frustrates",8.63146410346709e-07
5,"frustrates",5.95192188395932e-05
6,"frustrates",9.00372033724334e-07
1,"rogan's",8.90819393494524e-07
2,"rogan's",8.80706538013056e-07
3,"rogan's",0.000240595469347605
4,"rogan's",8.63146410346709e-07
5,"rogan's",8.38298856895678e-07
6,"rogan's",9.00372033724334e-07
1,"pisses",8.90819393494524e-07
2,"pisses",8.80706538013056e-07
3,"pisses",8.87806159954261e-07
4,"pisses",8.63146410346709e-07
5,"pisses",0.000160115081667075
6,"pisses",9.00372033724334e-07
1,"reads",8.90819393494524e-07
2,"reads",8.89513603393186e-05
3,"reads",8.87806159954261e-07
4,"reads",8.63146410346709e-07
5,"reads",8.38298856895678e-07
6,"reads",9.00372033724334e-07
1,"sm",4.54317890682208e-05
2,"sm",8.80706538013056e-07
3,"sm",9.76586775949687e-06
4,"sm",8.63146410346709e-07
5,"sm",8.38298856895678e-07
6,"sm",9.00372033724334e-07
1,"helping",8.90819393494524e-07
2,"helping",8.80706538013056e-07
3,"helping",9.76586775949687e-06
4,"helping",1.81260746172809e-05
5,"helping",8.38298856895678e-07
6,"helping",0.000153963617766861
1,"systems",8.90819393494524e-07
2,"systems",8.80706538013056e-07
3,"systems",8.87806159954261e-07
4,"systems",0.000121703643858886
5,"systems",8.38298856895678e-07
6,"systems",9.00372033724334e-07
1,"sucking",8.90819393494524e-07
2,"sucking",8.80706538013056e-07
3,"sucking",8.87806159954261e-07
4,"sucking",4.40204669276821e-05
5,"sucking",9.22128742585246e-06
6,"sucking",2.79115330454544e-05
1,"upcoming",8.90819393494524e-07
2,"upcoming",8.80706538013056e-07
3,"upcoming",0.000116302606954008
4,"upcoming",8.63146410346709e-07
5,"upcoming",8.38298856895678e-07
6,"upcoming",9.00372033724334e-07
1,"hint",1.8707207263385e-05
2,"hint",2.73019026784047e-05
3,"hint",8.87806159954261e-07
4,"hint",8.63146410346709e-07
5,"hint",8.38298856895678e-07
6,"hint",9.00372033724334e-07
1,"malfunctioning",0.000170146504157454
2,"malfunctioning",8.80706538013056e-07
3,"malfunctioning",9.76586775949687e-06
4,"malfunctioning",8.63146410346709e-07
5,"malfunctioning",8.38298856895678e-07
6,"malfunctioning",9.00372033724334e-07
1,"ep",5.43399830031659e-05
2,"ep",8.80706538013056e-07
3,"ep",8.87806159954261e-07
4,"ep",8.63146410346709e-07
5,"ep",8.38298856895678e-07
6,"ep",9.00372033724334e-07
1,"atrocious",8.90819393494524e-07
2,"atrocious",0.00011537255647971
3,"atrocious",8.87806159954261e-07
4,"atrocious",8.63146410346709e-07
5,"atrocious",1.76042759948093e-05
6,"atrocious",9.00372033724334e-07
1,"detect",9.79901332843977e-06
2,"detect",8.80706538013056e-07
3,"detect",3.64000525581247e-05
4,"detect",9.58092515484846e-05
5,"detect",8.38298856895678e-07
6,"detect",9.00372033724334e-07
1,"momentarily",9.79901332843977e-06
2,"momentarily",8.80706538013056e-07
3,"momentarily",8.87806159954261e-07
4,"momentarily",8.63146410346709e-07
5,"momentarily",8.38298856895678e-07
6,"momentarily",3.69152533826978e-05
1,"downloadable",8.90819393494524e-07
2,"downloadable",8.89513603393186e-05
3,"downloadable",8.87806159954261e-07
4,"downloadable",8.63146410346709e-07
5,"downloadable",8.38298856895678e-07
6,"downloadable",9.00372033724334e-07
1,"treat",8.90819393494524e-07
2,"treat",7.13372295790575e-05
3,"treat",8.87806159954261e-07
4,"treat",8.63146410346709e-07
5,"treat",8.38298856895678e-07
6,"treat",9.00372033724334e-07
1,"operates",4.54317890682208e-05
2,"operates",8.80706538013056e-07
3,"operates",8.87806159954261e-07
4,"operates",8.63146410346709e-07
5,"operates",8.38298856895678e-07
6,"operates",9.00372033724334e-07
1,"concerned",8.90819393494524e-07
2,"concerned",7.13372295790575e-05
3,"concerned",8.87806159954261e-07
4,"concerned",9.4946105138138e-06
5,"concerned",8.38298856895678e-07
6,"concerned",9.00372033724334e-07
1,"brands",3.65235951332755e-05
2,"brands",1.84948372982742e-05
3,"brands",8.87806159954261e-07
4,"brands",8.63146410346709e-07
5,"brands",9.22128742585246e-06
6,"brands",9.00372033724334e-07
1,"greedy",8.90819393494524e-07
2,"greedy",8.80706538013056e-07
3,"greedy",8.87806159954261e-07
4,"greedy",8.63146410346709e-07
5,"greedy",0.000243944967356643
6,"greedy",9.90409237096768e-06
1,"threw",8.90819393494524e-07
2,"threw",8.80706538013056e-07
3,"threw",8.87806159954261e-07
4,"threw",8.63146410346709e-07
5,"threw",0.000118200138822291
6,"threw",9.00372033724334e-07
1,"length",8.90819393494524e-07
2,"length",8.80706538013056e-07
3,"length",0.000134058730153093
4,"length",9.4946105138138e-06
5,"length",2.5987264563766e-05
6,"length",9.00372033724334e-07
1,"comparison",8.90819393494524e-07
2,"comparison",8.80706538013056e-07
3,"comparison",8.87806159954261e-07
4,"comparison",8.63146410346709e-07
5,"comparison",5.11362302706364e-05
6,"comparison",9.00372033724334e-07
1,"privacy",8.90819393494524e-07
2,"privacy",8.80706538013056e-07
3,"privacy",0.000196205161349891
4,"privacy",8.63146410346709e-07
5,"privacy",8.38298856895678e-07
6,"privacy",9.00372033724334e-07
1,"sportify",0.000116697340547783
2,"sportify",8.80706538013056e-07
3,"sportify",8.87806159954261e-07
4,"sportify",8.63146410346709e-07
5,"sportify",8.38298856895678e-07
6,"sportify",9.00372033724334e-07
1,"shocked",8.90819393494524e-07
2,"shocked",3.61089680585353e-05
3,"shocked",8.87806159954261e-07
4,"shocked",3.53890028242151e-05
5,"shocked",8.38298856895678e-07
6,"shocked",9.00372033724334e-07
1,"realise",8.90819393494524e-07
2,"realise",9.77584257194491e-05
3,"realise",8.87806159954261e-07
4,"realise",9.4946105138138e-06
5,"realise",8.38298856895678e-07
6,"realise",9.00372033724334e-07
1,"vs",8.90819393494524e-07
2,"vs",8.80706538013056e-07
3,"vs",8.87806159954261e-07
4,"vs",8.63146410346709e-07
5,"vs",7.62851959775067e-05
6,"vs",1.8907812708211e-05
1,"patchy",8.90819393494524e-07
2,"patchy",3.61089680585353e-05
3,"patchy",9.76586775949687e-06
4,"patchy",8.63146410346709e-07
5,"patchy",8.38298856895678e-07
6,"patchy",9.00372033724334e-07
1,"rough",1.8707207263385e-05
2,"rough",8.80706538013056e-07
3,"rough",1.86439293590395e-05
4,"rough",5.26519310311492e-05
5,"rough",8.38298856895678e-07
6,"rough",9.00372033724334e-07
1,"disconnecting",8.90819393494524e-07
2,"disconnecting",9.68777191814362e-06
3,"disconnecting",8.87806159954261e-07
4,"disconnecting",0.000363384638755964
5,"disconnecting",8.38298856895678e-07
6,"disconnecting",9.00372033724334e-07
1,"horror",8.90819393494524e-07
2,"horror",8.80706538013056e-07
3,"horror",7.19122989562951e-05
4,"horror",8.63146410346709e-07
5,"horror",9.22128742585246e-06
6,"horror",9.90409237096768e-06
1,"story",8.90819393494524e-07
2,"story",2.73019026784047e-05
3,"story",0.000320498023743488
4,"story",8.63146410346709e-07
5,"story",4.27532417016796e-05
6,"story",9.00372033724334e-07
1,"covers",8.90819393494524e-07
2,"covers",8.80706538013056e-07
3,"covers",8.87806159954261e-07
4,"covers",8.63146410346709e-07
5,"covers",8.38298856895678e-07
6,"covers",0.000460090109233135
1,"3-5",2.76154011983302e-05
2,"3-5",8.80706538013056e-07
3,"3-5",8.87806159954261e-07
4,"3-5",4.40204669276821e-05
5,"3-5",8.38298856895678e-07
6,"3-5",9.00372033724334e-07
1,"airtel",7.21563708730564e-05
2,"airtel",8.80706538013056e-07
3,"airtel",8.87806159954261e-07
4,"airtel",8.63146410346709e-07
5,"airtel",8.38298856895678e-07
6,"airtel",9.00372033724334e-07
1,"walkman",8.90819393494524e-07
2,"walkman",4.49160334386658e-05
3,"walkman",8.87806159954261e-07
4,"walkman",8.63146410346709e-07
5,"walkman",8.38298856895678e-07
6,"walkman",9.90409237096768e-06
1,"booted",8.90819393494524e-07
2,"booted",6.25301641989269e-05
3,"booted",8.87806159954261e-07
4,"booted",9.4946105138138e-06
5,"booted",8.38298856895678e-07
6,"booted",9.00372033724334e-07
1,"sh",1.8707207263385e-05
2,"sh",8.80706538013056e-07
3,"sh",8.87806159954261e-07
4,"sh",8.63146410346709e-07
5,"sh",5.11362302706364e-05
6,"sh",9.00372033724334e-07
1,"pleas",8.90819393494524e-07
2,"pleas",8.80706538013056e-07
3,"pleas",6.30342373567525e-05
4,"pleas",8.63146410346709e-07
5,"pleas",8.38298856895678e-07
6,"pleas",9.00372033724334e-07
1,"covid-19",9.79901332843977e-06
2,"covid-19",8.80706538013056e-07
3,"covid-19",6.30342373567525e-05
4,"covid-19",8.63146410346709e-07
5,"covid-19",8.38298856895678e-07
6,"covid-19",9.00372033724334e-07
1,"talks",8.90819393494524e-07
2,"talks",8.80706538013056e-07
3,"talks",2.75219909585821e-05
4,"talks",9.4946105138138e-06
5,"talks",8.38298856895678e-07
6,"talks",9.90409237096768e-06
1,"fingers",8.90819393494524e-07
2,"fingers",2.73019026784047e-05
3,"fingers",8.87806159954261e-07
4,"fingers",8.63146410346709e-07
5,"fingers",3.43702531327228e-05
6,"fingers",9.00372033724334e-07
1,"swiping",9.79901332843977e-06
2,"swiping",8.80706538013056e-07
3,"swiping",0.00032937608534303
4,"swiping",8.63146410346709e-07
5,"swiping",8.38298856895678e-07
6,"swiping",9.00372033724334e-07
1,"downsides",8.90819393494524e-07
2,"downsides",8.80706538013056e-07
3,"downsides",8.87806159954261e-07
4,"downsides",8.63146410346709e-07
5,"downsides",8.38298856895678e-07
6,"downsides",4.59189737199411e-05
1,"digital",8.90819393494524e-07
2,"digital",6.25301641989269e-05
3,"digital",8.87806159954261e-07
4,"digital",2.6757538720748e-05
5,"digital",8.38298856895678e-07
6,"digital",9.00372033724334e-07
1,"freemium",8.90819393494524e-07
2,"freemium",8.80706538013056e-07
3,"freemium",3.64000525581247e-05
4,"freemium",8.63146410346709e-07
5,"freemium",9.22128742585246e-06
6,"freemium",9.90409237096768e-06
1,"audiobook",8.90819393494524e-07
2,"audiobook",8.80706538013056e-07
3,"audiobook",4.52781141576672e-05
4,"audiobook",8.63146410346709e-07
5,"audiobook",8.38298856895678e-07
6,"audiobook",9.00372033724334e-07
1,"troublesome",8.90819393494524e-07
2,"troublesome",8.80706538013056e-07
3,"troublesome",8.87806159954261e-07
4,"troublesome",4.40204669276821e-05
5,"troublesome",8.38298856895678e-07
6,"troublesome",9.00372033724334e-07
1,"undownloading",0.000116697340547783
2,"undownloading",8.80706538013056e-07
3,"undownloading",8.87806159954261e-07
4,"undownloading",8.63146410346709e-07
5,"undownloading",8.38298856895678e-07
6,"undownloading",9.00372033724334e-07
1,"touched",6.32481769381112e-05
2,"touched",8.80706538013056e-07
3,"touched",8.87806159954261e-07
4,"touched",1.81260746172809e-05
5,"touched",8.38298856895678e-07
6,"touched",9.00372033724334e-07
1,"employees",8.90819393494524e-07
2,"employees",8.80706538013056e-07
3,"employees",1.86439293590395e-05
4,"employees",1.81260746172809e-05
5,"employees",3.43702531327228e-05
6,"employees",9.00372033724334e-07
1,"accessibility",8.90819393494524e-07
2,"accessibility",8.80706538013056e-07
3,"accessibility",8.87806159954261e-07
4,"accessibility",8.63146410346709e-07
5,"accessibility",8.38298856895678e-07
6,"accessibility",0.000117948736417888
1,"logical",8.90819393494524e-07
2,"logical",8.80706538013056e-07
3,"logical",8.87806159954261e-07
4,"logical",8.63146410346709e-07
5,"logical",1.76042759948093e-05
6,"logical",2.79115330454544e-05
1,"romantic",8.90819393494524e-07
2,"romantic",8.80706538013056e-07
3,"romantic",8.87806159954261e-07
4,"romantic",5.26519310311492e-05
5,"romantic",8.38298856895678e-07
6,"romantic",9.00372033724334e-07
1,"perks",8.90819393494524e-07
2,"perks",8.80706538013056e-07
3,"perks",4.52781141576672e-05
4,"perks",8.63146410346709e-07
5,"perks",8.38298856895678e-07
6,"perks",9.00372033724334e-07
1,"blessed",8.90819393494524e-07
2,"blessed",8.80706538013056e-07
3,"blessed",8.87806159954261e-07
4,"blessed",6.12833951346163e-05
5,"blessed",8.38298856895678e-07
6,"blessed",9.00372033724334e-07
1,"unknown",9.79901332843977e-06
2,"unknown",8.80706538013056e-07
3,"unknown",8.87806159954261e-07
4,"unknown",8.63146410346709e-07
5,"unknown",8.38298856895678e-07
6,"unknown",0.000216989660127565
1,"usless",8.90819393494524e-07
2,"usless",4.49160334386658e-05
3,"usless",8.87806159954261e-07
4,"usless",8.63146410346709e-07
5,"usless",8.38298856895678e-07
6,"usless",9.00372033724334e-07
1,"deliberately",8.90819393494524e-07
2,"deliberately",8.80706538013056e-07
3,"deliberately",8.87806159954261e-07
4,"deliberately",5.26519310311492e-05
5,"deliberately",8.38298856895678e-07
6,"deliberately",9.00372033724334e-07
1,"cooking",8.90819393494524e-07
2,"cooking",8.80706538013056e-07
3,"cooking",8.87806159954261e-07
4,"cooking",9.4946105138138e-06
5,"cooking",8.38298856895678e-07
6,"cooking",4.59189737199411e-05
1,"cleaning",7.21563708730564e-05
2,"cleaning",4.49160334386658e-05
3,"cleaning",8.87806159954261e-07
4,"cleaning",3.53890028242151e-05
5,"cleaning",8.38298856895678e-07
6,"cleaning",9.00372033724334e-07
1,"jam",0.000125605534482728
2,"jam",8.80706538013056e-07
3,"jam",8.87806159954261e-07
4,"jam",9.4946105138138e-06
5,"jam",8.38298856895678e-07
6,"jam",9.00372033724334e-07
1,"driver",9.79901332843977e-06
2,"driver",8.80706538013056e-07
3,"driver",8.87806159954261e-07
4,"driver",7.85463233415505e-05
5,"driver",8.38298856895678e-07
6,"driver",9.00372033724334e-07
1,"score",9.79901332843977e-06
2,"score",9.68777191814362e-06
3,"score",0.000107424545354466
4,"score",1.81260746172809e-05
5,"score",8.38298856895678e-07
6,"score",9.00372033724334e-07
1,"port",1.8707207263385e-05
2,"port",9.68777191814362e-06
3,"port",2.75219909585821e-05
4,"port",8.63146410346709e-07
5,"port",8.38298856895678e-07
6,"port",9.90409237096768e-06
1,"recognition",8.90819393494524e-07
2,"recognition",8.80706538013056e-07
3,"recognition",6.30342373567525e-05
4,"recognition",8.63146410346709e-07
5,"recognition",8.38298856895678e-07
6,"recognition",9.00372033724334e-07
1,"pannel",8.90819393494524e-07
2,"pannel",9.68777191814362e-06
3,"pannel",8.87806159954261e-07
4,"pannel",8.63146410346709e-07
5,"pannel",8.38298856895678e-07
6,"pannel",3.69152533826978e-05
1,"successful",8.90819393494524e-07
2,"successful",5.37230988187964e-05
3,"successful",8.87806159954261e-07
4,"successful",8.63146410346709e-07
5,"successful",8.38298856895678e-07
6,"successful",9.00372033724334e-07
1,"begin",0.000241412055637016
2,"begin",8.80706538013056e-07
3,"begin",2.75219909585821e-05
4,"begin",8.63146410346709e-07
5,"begin",8.38298856895678e-07
6,"begin",9.00372033724334e-07
1,"motivation",9.79901332843977e-06
2,"motivation",8.80706538013056e-07
3,"motivation",8.87806159954261e-07
4,"motivation",3.53890028242151e-05
5,"motivation",8.38298856895678e-07
6,"motivation",9.00372033724334e-07
1,"reception",0.000268136637441852
2,"reception",8.80706538013056e-07
3,"reception",8.87806159954261e-07
4,"reception",8.63146410346709e-07
5,"reception",8.38298856895678e-07
6,"reception",9.00372033724334e-07
1,"compatibility",3.65235951332755e-05
2,"compatibility",8.80706538013056e-07
3,"compatibility",8.87806159954261e-07
4,"compatibility",8.63146410346709e-07
5,"compatibility",8.38298856895678e-07
6,"compatibility",9.09375754061579e-05
1,"youre",0.000152330116287564
2,"youre",8.80706538013056e-07
3,"youre",8.87806159954261e-07
4,"youre",8.63146410346709e-07
5,"youre",8.38298856895678e-07
6,"youre",2.79115330454544e-05
1,"um",8.90819393494524e-07
2,"um",8.80706538013056e-07
3,"um",8.87806159954261e-07
4,"um",9.4946105138138e-06
5,"um",8.46681845464636e-05
6,"um",9.00372033724334e-07
1,"gigabytes",5.43399830031659e-05
2,"gigabytes",8.80706538013056e-07
3,"gigabytes",8.87806159954261e-07
4,"gigabytes",8.63146410346709e-07
5,"gigabytes",8.38298856895678e-07
6,"gigabytes",9.00372033724334e-07
1,"al",8.90819393494524e-07
2,"al",5.37230988187964e-05
3,"al",9.76586775949687e-06
4,"al",8.63146410346709e-07
5,"al",1.76042759948093e-05
6,"al",9.00372033724334e-07
1,"curious",8.90819393494524e-07
2,"curious",8.80706538013056e-07
3,"curious",9.85464837549228e-05
4,"curious",8.63146410346709e-07
5,"curious",8.38298856895678e-07
6,"curious",9.00372033724334e-07
1,"sees",8.90819393494524e-07
2,"sees",8.80706538013056e-07
3,"sees",8.87806159954261e-07
4,"sees",6.12833951346163e-05
5,"sees",8.38298856895678e-07
6,"sees",9.00372033724334e-07
1,"other's",8.90819393494524e-07
2,"other's",8.80706538013056e-07
3,"other's",8.87806159954261e-07
4,"other's",8.63146410346709e-07
5,"other's",8.38298856895678e-07
6,"other's",4.59189737199411e-05
1,"involved",8.90819393494524e-07
2,"involved",9.68777191814362e-06
3,"involved",8.87806159954261e-07
4,"involved",8.63146410346709e-07
5,"involved",8.38298856895678e-07
6,"involved",6.39264143944278e-05
1,"age",8.90819393494524e-07
2,"age",1.84948372982742e-05
3,"age",8.87806159954261e-07
4,"age",3.53890028242151e-05
5,"age",8.38298856895678e-07
6,"age",0.000171971058441348
1,"idiotic",8.90819393494524e-07
2,"idiotic",8.80706538013056e-07
3,"idiotic",8.87806159954261e-07
4,"idiotic",8.63146410346709e-07
5,"idiotic",9.22128742585246e-06
6,"idiotic",6.39264143944278e-05
1,"interuptions",8.90819393494524e-07
2,"interuptions",8.80706538013056e-07
3,"interuptions",5.41561757572099e-05
4,"interuptions",8.63146410346709e-07
5,"interuptions",8.38298856895678e-07
6,"interuptions",9.00372033724334e-07
1,"duck",8.90819393494524e-07
2,"duck",8.80706538013056e-07
3,"duck",8.87806159954261e-07
4,"duck",4.40204669276821e-05
5,"duck",9.22128742585246e-06
6,"duck",9.00372033724334e-07
1,"savage",8.90819393494524e-07
2,"savage",8.80706538013056e-07
3,"savage",8.87806159954261e-07
4,"savage",2.6757538720748e-05
5,"savage",1.76042759948093e-05
6,"savage",9.00372033724334e-07
1,"screw",2.76154011983302e-05
2,"screw",8.80706538013056e-07
3,"screw",0.000222839346148519
4,"screw",8.63146410346709e-07
5,"screw",8.38298856895678e-07
6,"screw",9.90409237096768e-06
1,"fly",8.90819393494524e-07
2,"fly",8.80706538013056e-07
3,"fly",6.30342373567525e-05
4,"fly",8.63146410346709e-07
5,"fly",8.38298856895678e-07
6,"fly",9.00372033724334e-07
1,"xl",8.90819393494524e-07
2,"xl",2.73019026784047e-05
3,"xl",8.87806159954261e-07
4,"xl",1.81260746172809e-05
5,"xl",8.38298856895678e-07
6,"xl",9.00372033724334e-07
1,"feb",0.000107789146612837
2,"feb",8.80706538013056e-07
3,"feb",8.87806159954261e-07
4,"feb",8.63146410346709e-07
5,"feb",8.38298856895678e-07
6,"feb",9.00372033724334e-07
1,"shop",3.65235951332755e-05
2,"shop",8.01442949591881e-05
3,"shop",8.87806159954261e-07
4,"shop",8.63146410346709e-07
5,"shop",8.38298856895678e-07
6,"shop",9.00372033724334e-07
1,"inbuilt",8.90819393494524e-07
2,"inbuilt",8.80706538013056e-07
3,"inbuilt",8.87806159954261e-07
4,"inbuilt",8.63146410346709e-07
5,"inbuilt",4.27532417016796e-05
6,"inbuilt",9.00372033724334e-07
1,"toward",1.8707207263385e-05
2,"toward",2.73019026784047e-05
3,"toward",8.87806159954261e-07
4,"toward",8.63146410346709e-07
5,"toward",8.38298856895678e-07
6,"toward",9.00372033724334e-07
1,"phenomenal",0.000134513728417673
2,"phenomenal",8.80706538013056e-07
3,"phenomenal",8.87806159954261e-07
4,"phenomenal",9.4946105138138e-06
5,"phenomenal",8.38298856895678e-07
6,"phenomenal",1.8907812708211e-05
1,"contract",8.90819393494524e-07
2,"contract",4.49160334386658e-05
3,"contract",9.76586775949687e-06
4,"contract",9.4946105138138e-06
5,"contract",8.38298856895678e-07
6,"contract",9.00372033724334e-07
1,"wonky",0.000116697340547783
2,"wonky",8.80706538013056e-07
3,"wonky",8.87806159954261e-07
4,"wonky",9.4946105138138e-06
5,"wonky",8.38298856895678e-07
6,"wonky",9.00372033724334e-07
1,"kannada",8.90819393494524e-07
2,"kannada",8.80706538013056e-07
3,"kannada",8.87806159954261e-07
4,"kannada",8.63146410346709e-07
5,"kannada",8.38298856895678e-07
6,"kannada",0.000280015702488268
1,"smartphone",8.90819393494524e-07
2,"smartphone",3.61089680585353e-05
3,"smartphone",0.000107424545354466
4,"smartphone",8.63146410346709e-07
5,"smartphone",8.38298856895678e-07
6,"smartphone",9.00372033724334e-07
1,"10-15",9.79901332843977e-06
2,"10-15",8.80706538013056e-07
3,"10-15",8.87806159954261e-07
4,"10-15",9.58092515484846e-05
5,"10-15",8.38298856895678e-07
6,"10-15",9.00372033724334e-07
1,"directions",8.90819393494524e-07
2,"directions",3.61089680585353e-05
3,"directions",8.87806159954261e-07
4,"directions",8.63146410346709e-07
5,"directions",8.38298856895678e-07
6,"directions",9.90409237096768e-06
1,"holding",5.43399830031659e-05
2,"holding",2.73019026784047e-05
3,"holding",8.87806159954261e-07
4,"holding",8.63146410346709e-07
5,"holding",8.38298856895678e-07
6,"holding",9.00372033724334e-07
1,"consoles",8.90819393494524e-07
2,"consoles",8.80706538013056e-07
3,"consoles",8.87806159954261e-07
4,"consoles",8.63146410346709e-07
5,"consoles",5.11362302706364e-05
6,"consoles",9.00372033724334e-07
1,"standards",8.90819393494524e-07
2,"standards",8.80706538013056e-07
3,"standards",3.64000525581247e-05
4,"standards",8.63146410346709e-07
5,"standards",9.22128742585246e-06
6,"standards",9.00372033724334e-07
1,"slip",8.90819393494524e-07
2,"slip",1.84948372982742e-05
3,"slip",8.87806159954261e-07
4,"slip",3.53890028242151e-05
5,"slip",9.22128742585246e-06
6,"slip",9.00372033724334e-07
1,"enabled",8.90819393494524e-07
2,"enabled",0.000247478537181669
3,"enabled",8.87806159954261e-07
4,"enabled",1.81260746172809e-05
5,"enabled",8.38298856895678e-07
6,"enabled",9.00372033724334e-07
1,"box",8.90819393494524e-07
2,"box",8.80706538013056e-07
3,"box",0.000364888331741201
4,"box",8.63146410346709e-07
5,"box",8.38298856895678e-07
6,"box",9.00372033724334e-07
1,"collaborate",8.90819393494524e-07
2,"collaborate",8.80706538013056e-07
3,"collaborate",8.87806159954261e-07
4,"collaborate",8.63146410346709e-07
5,"collaborate",8.38298856895678e-07
6,"collaborate",6.39264143944278e-05
1,"ceo",8.90819393494524e-07
2,"ceo",8.80706538013056e-07
3,"ceo",8.87806159954261e-07
4,"ceo",8.63146410346709e-07
5,"ceo",8.38298856895678e-07
6,"ceo",7.29301347316712e-05
1,"war",8.90819393494524e-07
2,"war",1.84948372982742e-05
3,"war",4.52781141576672e-05
4,"war",8.63146410346709e-07
5,"war",9.22128742585246e-06
6,"war",9.00372033724334e-07
1,"populate",8.90819393494524e-07
2,"populate",9.68777191814362e-06
3,"populate",8.87806159954261e-07
4,"populate",8.63146410346709e-07
5,"populate",8.38298856895678e-07
6,"populate",5.49226940571845e-05
1,"classical",8.90819393494524e-07
2,"classical",8.80706538013056e-07
3,"classical",8.87806159954261e-07
4,"classical",8.63146410346709e-07
5,"classical",8.38298856895678e-07
6,"classical",0.000262008261813782
1,"lowered",8.90819393494524e-07
2,"lowered",6.25301641989269e-05
3,"lowered",8.87806159954261e-07
4,"lowered",8.63146410346709e-07
5,"lowered",8.38298856895678e-07
6,"lowered",1.8907812708211e-05
1,"album's",8.90819393494524e-07
2,"album's",4.49160334386658e-05
3,"album's",8.87806159954261e-07
4,"album's",8.63146410346709e-07
5,"album's",8.38298856895678e-07
6,"album's",9.00372033724334e-07
1,"secondly",9.79901332843977e-06
2,"secondly",8.80706538013056e-07
3,"secondly",8.87806159954261e-07
4,"secondly",8.63146410346709e-07
5,"secondly",8.38298856895678e-07
6,"secondly",0.000171971058441348
1,"lastly",8.90819393494524e-07
2,"lastly",8.80706538013056e-07
3,"lastly",8.87806159954261e-07
4,"lastly",8.63146410346709e-07
5,"lastly",0.000118200138822291
6,"lastly",9.00372033724334e-07
1,"suits",8.90819393494524e-07
2,"suits",8.80706538013056e-07
3,"suits",8.87806159954261e-07
4,"suits",8.63146410346709e-07
5,"suits",8.38298856895678e-07
6,"suits",4.59189737199411e-05
1,"downright",8.90819393494524e-07
2,"downright",8.80706538013056e-07
3,"downright",8.87806159954261e-07
4,"downright",8.63146410346709e-07
5,"downright",8.38298856895678e-07
6,"downright",4.59189737199411e-05
1,"xiaomi",8.90819393494524e-07
2,"xiaomi",8.80706538013056e-07
3,"xiaomi",3.64000525581247e-05
4,"xiaomi",0.000121703643858886
5,"xiaomi",8.38298856895678e-07
6,"xiaomi",9.00372033724334e-07
1,"caters",8.90819393494524e-07
2,"caters",8.80706538013056e-07
3,"caters",1.86439293590395e-05
4,"caters",8.63146410346709e-07
5,"caters",9.22128742585246e-06
6,"caters",1.8907812708211e-05
1,"relatively",0.000107789146612837
2,"relatively",8.80706538013056e-07
3,"relatively",8.87806159954261e-07
4,"relatively",8.63146410346709e-07
5,"relatively",8.38298856895678e-07
6,"relatively",9.00372033724334e-07
1,"heads",8.90819393494524e-07
2,"heads",8.80706538013056e-07
3,"heads",8.87806159954261e-07
4,"heads",1.81260746172809e-05
5,"heads",8.38298856895678e-07
6,"heads",5.49226940571845e-05
1,"dum",8.90819393494524e-07
2,"dum",8.80706538013056e-07
3,"dum",1.86439293590395e-05
4,"dum",4.40204669276821e-05
5,"dum",8.38298856895678e-07
6,"dum",9.00372033724334e-07
1,"afraid",8.90819393494524e-07
2,"afraid",5.37230988187964e-05
3,"afraid",8.87806159954261e-07
4,"afraid",8.63146410346709e-07
5,"afraid",8.38298856895678e-07
6,"afraid",9.00372033724334e-07
1,"subtitles",8.90819393494524e-07
2,"subtitles",8.80706538013056e-07
3,"subtitles",9.85464837549228e-05
4,"subtitles",8.63146410346709e-07
5,"subtitles",8.38298856895678e-07
6,"subtitles",9.00372033724334e-07
1,"thankful",8.90819393494524e-07
2,"thankful",8.01442949591881e-05
3,"thankful",8.87806159954261e-07
4,"thankful",8.63146410346709e-07
5,"thankful",8.38298856895678e-07
6,"thankful",9.00372033724334e-07
1,"mid-song",8.90819393494524e-07
2,"mid-song",5.37230988187964e-05
3,"mid-song",8.87806159954261e-07
4,"mid-song",0.000113072179755419
5,"mid-song",8.38298856895678e-07
6,"mid-song",9.00372033724334e-07
1,"jvc",8.90819393494524e-07
2,"jvc",0.000185829079520755
3,"jvc",8.87806159954261e-07
4,"jvc",8.63146410346709e-07
5,"jvc",8.38298856895678e-07
6,"jvc",9.00372033724334e-07
1,"units",8.90819393494524e-07
2,"units",0.000141793752620102
3,"units",9.76586775949687e-06
4,"units",8.63146410346709e-07
5,"units",8.38298856895678e-07
6,"units",9.00372033724334e-07
1,"syncs",8.90819393494524e-07
2,"syncs",8.80706538013056e-07
3,"syncs",8.87806159954261e-07
4,"syncs",8.63146410346709e-07
5,"syncs",8.38298856895678e-07
6,"syncs",0.000126952456755131
1,"terribly",8.90819393494524e-07
2,"terribly",8.80706538013056e-07
3,"terribly",3.64000525581247e-05
4,"terribly",0.000130335107962353
5,"terribly",8.38298856895678e-07
6,"terribly",9.00372033724334e-07
1,"seeking",8.90819393494524e-07
2,"seeking",8.80706538013056e-07
3,"seeking",8.87806159954261e-07
4,"seeking",6.12833951346163e-05
5,"seeking",8.38298856895678e-07
6,"seeking",9.90409237096768e-06
1,"cons",8.90819393494524e-07
2,"cons",8.80706538013056e-07
3,"cons",8.87806159954261e-07
4,"cons",8.63146410346709e-07
5,"cons",8.38298856895678e-07
6,"cons",0.000135956177092375
1,"compares",8.90819393494524e-07
2,"compares",8.80706538013056e-07
3,"compares",8.87806159954261e-07
4,"compares",8.63146410346709e-07
5,"compares",8.38298856895678e-07
6,"compares",4.59189737199411e-05
1,"implemented",8.90819393494524e-07
2,"implemented",8.80706538013056e-07
3,"implemented",8.87806159954261e-07
4,"implemented",2.6757538720748e-05
5,"implemented",8.38298856895678e-07
6,"implemented",9.09375754061579e-05
1,"mega",9.79901332843977e-06
2,"mega",8.80706538013056e-07
3,"mega",3.64000525581247e-05
4,"mega",8.63146410346709e-07
5,"mega",8.38298856895678e-07
6,"mega",9.00372033724334e-07
1,"increasing",8.90819393494524e-07
2,"increasing",8.89513603393186e-05
3,"increasing",6.30342373567525e-05
4,"increasing",8.63146410346709e-07
5,"increasing",8.38298856895678e-07
6,"increasing",9.00372033724334e-07
1,"mbps",3.65235951332755e-05
2,"mbps",8.80706538013056e-07
3,"mbps",8.87806159954261e-07
4,"mbps",1.81260746172809e-05
5,"mbps",8.38298856895678e-07
6,"mbps",9.00372033724334e-07
1,"play's",8.90819393494524e-07
2,"play's",8.80706538013056e-07
3,"play's",8.87806159954261e-07
4,"play's",2.6757538720748e-05
5,"play's",2.5987264563766e-05
6,"play's",9.00372033724334e-07
1,"couldnt",9.79901332843977e-06
2,"couldnt",8.80706538013056e-07
3,"couldnt",8.87806159954261e-07
4,"couldnt",8.63146410346709e-07
5,"couldnt",0.000202030024511858
6,"couldnt",9.00372033724334e-07
1,"interactions",8.90819393494524e-07
2,"interactions",8.80706538013056e-07
3,"interactions",8.87806159954261e-07
4,"interactions",2.6757538720748e-05
5,"interactions",8.38298856895678e-07
6,"interactions",3.69152533826978e-05
1,"favorable",8.90819393494524e-07
2,"favorable",8.80706538013056e-07
3,"favorable",8.87806159954261e-07
4,"favorable",8.63146410346709e-07
5,"favorable",8.38298856895678e-07
6,"favorable",4.59189737199411e-05
1,"automix",8.90819393494524e-07
2,"automix",2.73019026784047e-05
3,"automix",3.64000525581247e-05
4,"automix",8.63146410346709e-07
5,"automix",8.38298856895678e-07
6,"automix",9.00372033724334e-07
1,"confuse",8.90819393494524e-07
2,"confuse",8.80706538013056e-07
3,"confuse",8.07903605558377e-05
4,"confuse",8.63146410346709e-07
5,"confuse",8.38298856895678e-07
6,"confuse",9.00372033724334e-07
1,"clarity",8.90819393494524e-07
2,"clarity",8.80706538013056e-07
3,"clarity",5.41561757572099e-05
4,"clarity",8.63146410346709e-07
5,"clarity",8.38298856895678e-07
6,"clarity",7.29301347316712e-05
1,"professional",8.90819393494524e-07
2,"professional",7.13372295790575e-05
3,"professional",8.87806159954261e-07
4,"professional",8.63146410346709e-07
5,"professional",8.38298856895678e-07
6,"professional",9.00372033724334e-07
1,"dowloaded",9.79901332843977e-06
2,"dowloaded",5.37230988187964e-05
3,"dowloaded",8.87806159954261e-07
4,"dowloaded",8.63146410346709e-07
5,"dowloaded",8.38298856895678e-07
6,"dowloaded",9.90409237096768e-06
1,"soptify",8.90819393494524e-07
2,"soptify",4.49160334386658e-05
3,"soptify",8.87806159954261e-07
4,"soptify",9.4946105138138e-06
5,"soptify",8.38298856895678e-07
6,"soptify",9.00372033724334e-07
1,"clunky",8.90819393494524e-07
2,"clunky",0.000124179621859841
3,"clunky",0.000240595469347605
4,"clunky",8.63146410346709e-07
5,"clunky",8.38298856895678e-07
6,"clunky",9.00372033724334e-07
1,"inappropriate",8.90819393494524e-07
2,"inappropriate",8.80706538013056e-07
3,"inappropriate",4.52781141576672e-05
4,"inappropriate",8.63146410346709e-07
5,"inappropriate",8.46681845464636e-05
6,"inappropriate",3.69152533826978e-05
1,"uploading",8.90819393494524e-07
2,"uploading",8.80706538013056e-07
3,"uploading",8.87806159954261e-07
4,"uploading",8.63146410346709e-07
5,"uploading",8.38298856895678e-07
6,"uploading",8.19338550689144e-05
1,"coverage",0.000125605534482728
2,"coverage",8.80706538013056e-07
3,"coverage",8.87806159954261e-07
4,"coverage",1.81260746172809e-05
5,"coverage",8.38298856895678e-07
6,"coverage",2.79115330454544e-05
1,"ideas",8.90819393494524e-07
2,"ideas",8.80706538013056e-07
3,"ideas",8.87806159954261e-07
4,"ideas",4.40204669276821e-05
5,"ideas",8.38298856895678e-07
6,"ideas",0.000180974778778591
1,"answered",2.76154011983302e-05
2,"answered",8.80706538013056e-07
3,"answered",8.87806159954261e-07
4,"answered",1.81260746172809e-05
5,"answered",8.38298856895678e-07
6,"answered",9.00372033724334e-07
1,"depend",8.90819393494524e-07
2,"depend",8.80706538013056e-07
3,"depend",9.85464837549228e-05
4,"depend",8.63146410346709e-07
5,"depend",8.38298856895678e-07
6,"depend",9.00372033724334e-07
1,"aware",8.90819393494524e-07
2,"aware",0.000141793752620102
3,"aware",8.87806159954261e-07
4,"aware",8.63146410346709e-07
5,"aware",9.22128742585246e-06
6,"aware",9.00372033724334e-07
1,"workout",8.90819393494524e-07
2,"workout",8.80706538013056e-07
3,"workout",8.87806159954261e-07
4,"workout",8.63146410346709e-07
5,"workout",8.38298856895678e-07
6,"workout",0.000244000821139295
1,"stalling",4.54317890682208e-05
2,"stalling",9.68777191814362e-06
3,"stalling",8.87806159954261e-07
4,"stalling",8.63146410346709e-07
5,"stalling",8.38298856895678e-07
6,"stalling",9.00372033724334e-07
1,"unistall",8.90819393494524e-07
2,"unistall",8.80706538013056e-07
3,"unistall",9.76586775949687e-06
4,"unistall",3.53890028242151e-05
5,"unistall",8.38298856895678e-07
6,"unistall",9.00372033724334e-07
1,"inputs",8.90819393494524e-07
2,"inputs",5.37230988187964e-05
3,"inputs",8.87806159954261e-07
4,"inputs",8.63146410346709e-07
5,"inputs",8.38298856895678e-07
6,"inputs",9.00372033724334e-07
1,"blocking",8.90819393494524e-07
2,"blocking",8.01442949591881e-05
3,"blocking",8.87806159954261e-07
4,"blocking",1.81260746172809e-05
5,"blocking",8.38298856895678e-07
6,"blocking",5.49226940571845e-05
1,"scrub",8.90819393494524e-07
2,"scrub",8.80706538013056e-07
3,"scrub",8.87806159954261e-07
4,"scrub",0.000121703643858886
5,"scrub",8.38298856895678e-07
6,"scrub",9.90409237096768e-06
1,"copies",8.90819393494524e-07
2,"copies",8.80706538013056e-07
3,"copies",5.41561757572099e-05
4,"copies",8.63146410346709e-07
5,"copies",8.38298856895678e-07
6,"copies",9.00372033724334e-07
1,"parents",8.90819393494524e-07
2,"parents",4.49160334386658e-05
3,"parents",3.64000525581247e-05
4,"parents",8.63146410346709e-07
5,"parents",8.38298856895678e-07
6,"parents",9.00372033724334e-07
1,"attack",3.65235951332755e-05
2,"attack",8.80706538013056e-07
3,"attack",8.87806159954261e-07
4,"attack",1.81260746172809e-05
5,"attack",8.38298856895678e-07
6,"attack",9.00372033724334e-07
1,"originally",8.90819393494524e-07
2,"originally",0.000229864406421408
3,"originally",8.87806159954261e-07
4,"originally",8.63146410346709e-07
5,"originally",8.38298856895678e-07
6,"originally",9.00372033724334e-07
1,"res",8.90819393494524e-07
2,"res",8.80706538013056e-07
3,"res",8.87806159954261e-07
4,"res",8.63146410346709e-07
5,"res",8.38298856895678e-07
6,"res",7.29301347316712e-05
1,"highest",9.79901332843977e-06
2,"highest",0.000132986687239971
3,"highest",8.87806159954261e-07
4,"highest",8.63146410346709e-07
5,"highest",8.38298856895678e-07
6,"highest",9.90409237096768e-06
1,"buggiest",8.90819393494524e-07
2,"buggiest",8.80706538013056e-07
3,"buggiest",4.52781141576672e-05
4,"buggiest",8.63146410346709e-07
5,"buggiest",8.38298856895678e-07
6,"buggiest",9.90409237096768e-06
1,"sources",8.90819393494524e-07
2,"sources",9.68777191814362e-06
3,"sources",8.87806159954261e-07
4,"sources",9.58092515484846e-05
5,"sources",8.38298856895678e-07
6,"sources",9.00372033724334e-07
1,"cars",8.90819393494524e-07
2,"cars",8.80706538013056e-07
3,"cars",8.87806159954261e-07
4,"cars",0.000285701461824761
5,"cars",8.38298856895678e-07
6,"cars",9.00372033724334e-07
1,"workouts",8.90819393494524e-07
2,"workouts",4.49160334386658e-05
3,"workouts",8.87806159954261e-07
4,"workouts",8.63146410346709e-07
5,"workouts",8.38298856895678e-07
6,"workouts",9.00372033724334e-07
1,"twenty-three",8.90819393494524e-07
2,"twenty-three",4.49160334386658e-05
3,"twenty-three",1.86439293590395e-05
4,"twenty-three",8.63146410346709e-07
5,"twenty-three",9.22128742585246e-06
6,"twenty-three",9.00372033724334e-07
1,"s20",8.90819393494524e-07
2,"s20",8.80706538013056e-07
3,"s20",8.87806159954261e-07
4,"s20",0.000423804887480234
5,"s20",9.22128742585246e-06
6,"s20",9.00372033724334e-07
1,"disappoints",8.90819393494524e-07
2,"disappoints",8.80706538013056e-07
3,"disappoints",8.87806159954261e-07
4,"disappoints",8.63146410346709e-07
5,"disappoints",8.38298856895678e-07
6,"disappoints",6.39264143944278e-05
1,"developed",9.79901332843977e-06
2,"developed",7.13372295790575e-05
3,"developed",8.87806159954261e-07
4,"developed",8.63146410346709e-07
5,"developed",8.38298856895678e-07
6,"developed",5.49226940571845e-05
1,"ideal",2.76154011983302e-05
2,"ideal",8.01442949591881e-05
3,"ideal",8.87806159954261e-07
4,"ideal",8.63146410346709e-07
5,"ideal",8.38298856895678e-07
6,"ideal",9.00372033724334e-07
1,"gb",0.000232503861702071
2,"gb",3.61089680585353e-05
3,"gb",5.41561757572099e-05
4,"gb",8.63146410346709e-07
5,"gb",8.38298856895678e-07
6,"gb",9.00372033724334e-07
1,"else's",8.90819393494524e-07
2,"else's",9.68777191814362e-06
3,"else's",0.000134058730153093
4,"else's",8.63146410346709e-07
5,"else's",8.38298856895678e-07
6,"else's",9.90409237096768e-06
1,"playtime",9.79901332843977e-06
2,"playtime",8.80706538013056e-07
3,"playtime",8.87806159954261e-07
4,"playtime",3.53890028242151e-05
5,"playtime",8.38298856895678e-07
6,"playtime",9.00372033724334e-07
1,"bcoz",8.90819393494524e-07
2,"bcoz",6.25301641989269e-05
3,"bcoz",8.87806159954261e-07
4,"bcoz",8.63146410346709e-07
5,"bcoz",8.38298856895678e-07
6,"bcoz",9.00372033724334e-07
1,"muted",9.79901332843977e-06
2,"muted",2.73019026784047e-05
3,"muted",3.64000525581247e-05
4,"muted",8.63146410346709e-07
5,"muted",8.38298856895678e-07
6,"muted",9.90409237096768e-06
1,"beware",8.90819393494524e-07
2,"beware",5.37230988187964e-05
3,"beware",8.87806159954261e-07
4,"beware",8.63146410346709e-07
5,"beware",8.38298856895678e-07
6,"beware",1.8907812708211e-05
1,"begun",2.76154011983302e-05
2,"begun",8.80706538013056e-07
3,"begun",8.87806159954261e-07
4,"begun",5.26519310311492e-05
5,"begun",8.38298856895678e-07
6,"begun",9.00372033724334e-07
1,"welcome",8.90819393494524e-07
2,"welcome",8.80706538013056e-07
3,"welcome",0.000134058730153093
4,"welcome",8.63146410346709e-07
5,"welcome",8.38298856895678e-07
6,"welcome",9.00372033724334e-07
1,"erases",8.90819393494524e-07
2,"erases",8.80706538013056e-07
3,"erases",8.87806159954261e-07
4,"erases",8.63146410346709e-07
5,"erases",8.38298856895678e-07
6,"erases",5.49226940571845e-05
1,"plethora",8.90819393494524e-07
2,"plethora",8.80706538013056e-07
3,"plethora",8.87806159954261e-07
4,"plethora",8.63146410346709e-07
5,"plethora",8.38298856895678e-07
6,"plethora",5.49226940571845e-05
1,"headphone",5.43399830031659e-05
2,"headphone",2.73019026784047e-05
3,"headphone",8.87806159954261e-07
4,"headphone",9.58092515484846e-05
5,"headphone",8.38298856895678e-07
6,"headphone",9.00372033724334e-07
1,"reverting",8.90819393494524e-07
2,"reverting",8.80706538013056e-07
3,"reverting",6.30342373567525e-05
4,"reverting",8.63146410346709e-07
5,"reverting",8.38298856895678e-07
6,"reverting",9.00372033724334e-07
1,"struggle",6.32481769381112e-05
2,"struggle",8.80706538013056e-07
3,"struggle",8.87806159954261e-07
4,"struggle",8.63146410346709e-07
5,"struggle",0.000101434161684377
6,"struggle",9.00372033724334e-07
1,"statement",8.90819393494524e-07
2,"statement",8.80706538013056e-07
3,"statement",8.87806159954261e-07
4,"statement",8.63146410346709e-07
5,"statement",8.38298856895678e-07
6,"statement",5.49226940571845e-05
1,"redmi",0.000134513728417673
2,"redmi",8.80706538013056e-07
3,"redmi",8.87806159954261e-07
4,"redmi",8.63146410346709e-07
5,"redmi",8.38298856895678e-07
6,"redmi",9.00372033724334e-07
1,"regional",8.90819393494524e-07
2,"regional",5.37230988187964e-05
3,"regional",1.86439293590395e-05
4,"regional",8.63146410346709e-07
5,"regional",8.38298856895678e-07
6,"regional",3.69152533826978e-05
1,"facts",3.65235951332755e-05
2,"facts",3.61089680585353e-05
3,"facts",9.76586775949687e-06
4,"facts",9.4946105138138e-06
5,"facts",8.38298856895678e-07
6,"facts",9.00372033724334e-07
1,"received",9.79901332843977e-06
2,"received",0.000185829079520755
3,"received",8.87806159954261e-07
4,"received",8.63146410346709e-07
5,"received",8.38298856895678e-07
6,"received",9.00372033724334e-07
1,"pressure",8.90819393494524e-07
2,"pressure",0.000124179621859841
3,"pressure",8.87806159954261e-07
4,"pressure",8.63146410346709e-07
5,"pressure",8.38298856895678e-07
6,"pressure",9.00372033724334e-07
1,"multi",8.90819393494524e-07
2,"multi",8.80706538013056e-07
3,"multi",0.000142936791752636
4,"multi",8.63146410346709e-07
5,"multi",8.38298856895678e-07
6,"multi",9.00372033724334e-07
1,"insted",8.90819393494524e-07
2,"insted",8.80706538013056e-07
3,"insted",8.87806159954261e-07
4,"insted",8.63146410346709e-07
5,"insted",5.11362302706364e-05
6,"insted",9.00372033724334e-07
1,"midway",8.90819393494524e-07
2,"midway",8.80706538013056e-07
3,"midway",8.87806159954261e-07
4,"midway",0.000277069997721294
5,"midway",8.38298856895678e-07
6,"midway",9.00372033724334e-07
1,"family's",8.90819393494524e-07
2,"family's",4.49160334386658e-05
3,"family's",8.87806159954261e-07
4,"family's",8.63146410346709e-07
5,"family's",8.38298856895678e-07
6,"family's",9.00372033724334e-07
1,"hype",8.90819393494524e-07
2,"hype",8.80706538013056e-07
3,"hype",8.87806159954261e-07
4,"hype",8.63146410346709e-07
5,"hype",9.22128742585246e-06
6,"hype",9.09375754061579e-05
1,"students",8.90819393494524e-07
2,"students",8.80706538013056e-07
3,"students",8.87806159954261e-07
4,"students",8.63146410346709e-07
5,"students",8.38298856895678e-07
6,"students",0.000153963617766861
1,"eclectic",9.79901332843977e-06
2,"eclectic",8.80706538013056e-07
3,"eclectic",8.87806159954261e-07
4,"eclectic",8.63146410346709e-07
5,"eclectic",8.38298856895678e-07
6,"eclectic",0.000144959897429618
1,"viable",4.54317890682208e-05
2,"viable",1.84948372982742e-05
3,"viable",8.87806159954261e-07
4,"viable",8.63146410346709e-07
5,"viable",8.38298856895678e-07
6,"viable",9.00372033724334e-07
1,"dang",8.90819393494524e-07
2,"dang",5.37230988187964e-05
3,"dang",8.87806159954261e-07
4,"dang",3.53890028242151e-05
5,"dang",8.38298856895678e-07
6,"dang",9.00372033724334e-07
1,"poof",9.79901332843977e-06
2,"poof",8.80706538013056e-07
3,"poof",8.87806159954261e-07
4,"poof",8.63146410346709e-07
5,"poof",8.38298856895678e-07
6,"poof",3.69152533826978e-05
1,"jamming",3.65235951332755e-05
2,"jamming",3.61089680585353e-05
3,"jamming",8.87806159954261e-07
4,"jamming",8.63146410346709e-07
5,"jamming",8.38298856895678e-07
6,"jamming",9.00372033724334e-07
1,"crossfade",8.90819393494524e-07
2,"crossfade",8.80706538013056e-07
3,"crossfade",8.87806159954261e-07
4,"crossfade",8.63146410346709e-07
5,"crossfade",8.38298856895678e-07
6,"crossfade",0.000135956177092375
1,"mixing",8.90819393494524e-07
2,"mixing",8.80706538013056e-07
3,"mixing",8.87806159954261e-07
4,"mixing",7.85463233415505e-05
5,"mixing",9.22128742585246e-06
6,"mixing",8.19338550689144e-05
1,"dashboard",8.90819393494524e-07
2,"dashboard",1.84948372982742e-05
3,"dashboard",8.87806159954261e-07
4,"dashboard",5.26519310311492e-05
5,"dashboard",9.22128742585246e-06
6,"dashboard",9.00372033724334e-07
1,"controlls",8.90819393494524e-07
2,"controlls",8.80706538013056e-07
3,"controlls",8.87806159954261e-07
4,"controlls",5.26519310311492e-05
5,"controlls",8.38298856895678e-07
6,"controlls",9.00372033724334e-07
1,"myriad",8.90819393494524e-07
2,"myriad",8.80706538013056e-07
3,"myriad",8.87806159954261e-07
4,"myriad",4.40204669276821e-05
5,"myriad",8.38298856895678e-07
6,"myriad",9.00372033724334e-07
1,"differently",8.90819393494524e-07
2,"differently",3.61089680585353e-05
3,"differently",8.87806159954261e-07
4,"differently",9.4946105138138e-06
5,"differently",8.38298856895678e-07
6,"differently",9.00372033724334e-07
1,"dodgy",2.76154011983302e-05
2,"dodgy",1.84948372982742e-05
3,"dodgy",8.87806159954261e-07
4,"dodgy",8.63146410346709e-07
5,"dodgy",8.38298856895678e-07
6,"dodgy",9.00372033724334e-07
1,"ps5",8.90819393494524e-07
2,"ps5",8.01442949591881e-05
3,"ps5",8.87806159954261e-07
4,"ps5",8.63146410346709e-07
5,"ps5",8.38298856895678e-07
6,"ps5",9.00372033724334e-07
1,"froze",8.90819393494524e-07
2,"froze",8.80706538013056e-07
3,"froze",8.87806159954261e-07
4,"froze",5.26519310311492e-05
5,"froze",8.38298856895678e-07
6,"froze",9.00372033724334e-07
1,"manageable",8.90819393494524e-07
2,"manageable",6.25301641989269e-05
3,"manageable",8.87806159954261e-07
4,"manageable",9.4946105138138e-06
5,"manageable",8.38298856895678e-07
6,"manageable",9.00372033724334e-07
1,"wedding",8.90819393494524e-07
2,"wedding",4.49160334386658e-05
3,"wedding",1.86439293590395e-05
4,"wedding",9.4946105138138e-06
5,"wedding",8.38298856895678e-07
6,"wedding",9.00372033724334e-07
1,"combined",8.90819393494524e-07
2,"combined",8.01442949591881e-05
3,"combined",8.87806159954261e-07
4,"combined",9.4946105138138e-06
5,"combined",8.38298856895678e-07
6,"combined",9.00372033724334e-07
1,"nest",8.90819393494524e-07
2,"nest",8.80706538013056e-07
3,"nest",8.87806159954261e-07
4,"nest",8.63146410346709e-07
5,"nest",8.38298856895678e-07
6,"nest",0.000162967338104105
1,"billed",8.90819393494524e-07
2,"billed",7.13372295790575e-05
3,"billed",9.76586775949687e-06
4,"billed",8.63146410346709e-07
5,"billed",8.38298856895678e-07
6,"billed",9.00372033724334e-07
1,"yay",8.90819393494524e-07
2,"yay",4.49160334386658e-05
3,"yay",8.87806159954261e-07
4,"yay",8.63146410346709e-07
5,"yay",1.76042759948093e-05
6,"yay",9.00372033724334e-07
1,"alternate",8.90819393494524e-07
2,"alternate",8.80706538013056e-07
3,"alternate",8.87806159954261e-07
4,"alternate",8.63146410346709e-07
5,"alternate",8.38298856895678e-07
6,"alternate",5.49226940571845e-05
1,"pins",2.76154011983302e-05
2,"pins",1.84948372982742e-05
3,"pins",9.76586775949687e-06
4,"pins",8.63146410346709e-07
5,"pins",8.38298856895678e-07
6,"pins",9.00372033724334e-07
1,"letter",9.79901332843977e-06
2,"letter",8.80706538013056e-07
3,"letter",0.000178449038150806
4,"letter",8.63146410346709e-07
5,"letter",8.38298856895678e-07
6,"letter",9.00372033724334e-07
1,"incompetent",3.65235951332755e-05
2,"incompetent",3.61089680585353e-05
3,"incompetent",8.87806159954261e-07
4,"incompetent",9.4946105138138e-06
5,"incompetent",8.38298856895678e-07
6,"incompetent",9.00372033724334e-07
1,"nicer",8.90819393494524e-07
2,"nicer",8.80706538013056e-07
3,"nicer",8.87806159954261e-07
4,"nicer",8.63146410346709e-07
5,"nicer",8.38298856895678e-07
6,"nicer",4.59189737199411e-05
1,"determine",8.90819393494524e-07
2,"determine",8.80706538013056e-07
3,"determine",5.41561757572099e-05
4,"determine",8.63146410346709e-07
5,"determine",8.38298856895678e-07
6,"determine",9.00372033724334e-07
1,"diff",4.54317890682208e-05
2,"diff",8.80706538013056e-07
3,"diff",9.76586775949687e-06
4,"diff",8.63146410346709e-07
5,"diff",8.38298856895678e-07
6,"diff",9.00372033724334e-07
1,"shittiest",8.90819393494524e-07
2,"shittiest",8.80706538013056e-07
3,"shittiest",6.30342373567525e-05
4,"shittiest",8.63146410346709e-07
5,"shittiest",8.38298856895678e-07
6,"shittiest",9.00372033724334e-07
1,"killed",8.90819393494524e-07
2,"killed",8.80706538013056e-07
3,"killed",8.87806159954261e-07
4,"killed",0.000233912677203958
5,"killed",8.38298856895678e-07
6,"killed",9.00372033724334e-07
1,"deprecated",8.90819393494524e-07
2,"deprecated",6.25301641989269e-05
3,"deprecated",8.87806159954261e-07
4,"deprecated",8.63146410346709e-07
5,"deprecated",8.38298856895678e-07
6,"deprecated",9.00372033724334e-07
1,"looses",8.90819393494524e-07
2,"looses",2.73019026784047e-05
3,"looses",8.87806159954261e-07
4,"looses",9.58092515484846e-05
5,"looses",8.38298856895678e-07
6,"looses",9.00372033724334e-07
1,"vivo",0.000250320249571961
2,"vivo",8.80706538013056e-07
3,"vivo",8.87806159954261e-07
4,"vivo",6.12833951346163e-05
5,"vivo",8.38298856895678e-07
6,"vivo",9.00372033724334e-07
1,"beautifully",6.32481769381112e-05
2,"beautifully",8.80706538013056e-07
3,"beautifully",8.87806159954261e-07
4,"beautifully",8.63146410346709e-07
5,"beautifully",8.38298856895678e-07
6,"beautifully",9.00372033724334e-07
1,"7th",8.90819393494524e-07
2,"7th",8.80706538013056e-07
3,"7th",8.87806159954261e-07
4,"7th",2.6757538720748e-05
5,"7th",8.38298856895678e-07
6,"7th",2.79115330454544e-05
1,"21st",8.90819393494524e-07
2,"21st",8.80706538013056e-07
3,"21st",3.64000525581247e-05
4,"21st",8.63146410346709e-07
5,"21st",8.38298856895678e-07
6,"21st",9.90409237096768e-06
1,"routinely",9.79901332843977e-06
2,"routinely",8.80706538013056e-07
3,"routinely",8.87806159954261e-07
4,"routinely",2.6757538720748e-05
5,"routinely",8.38298856895678e-07
6,"routinely",1.8907812708211e-05
1,"innovative",8.90819393494524e-07
2,"innovative",8.80706538013056e-07
3,"innovative",2.75219909585821e-05
4,"innovative",8.63146410346709e-07
5,"innovative",1.76042759948093e-05
6,"innovative",9.00372033724334e-07
1,"comfortable",8.90819393494524e-07
2,"comfortable",3.61089680585353e-05
3,"comfortable",9.76586775949687e-06
4,"comfortable",8.63146410346709e-07
5,"comfortable",8.38298856895678e-07
6,"comfortable",4.59189737199411e-05
1,"experiance",8.90819393494524e-07
2,"experiance",8.80706538013056e-07
3,"experiance",8.87806159954261e-07
4,"experiance",4.40204669276821e-05
5,"experiance",8.38298856895678e-07
6,"experiance",9.90409237096768e-06
1,"ofc",1.8707207263385e-05
2,"ofc",4.49160334386658e-05
3,"ofc",8.87806159954261e-07
4,"ofc",8.63146410346709e-07
5,"ofc",8.38298856895678e-07
6,"ofc",9.00372033724334e-07
1,"possibility",6.32481769381112e-05
2,"possibility",1.84948372982742e-05
3,"possibility",8.87806159954261e-07
4,"possibility",9.4946105138138e-06
5,"possibility",8.38298856895678e-07
6,"possibility",9.00372033724334e-07
1,"crystal",8.90819393494524e-07
2,"crystal",8.80706538013056e-07
3,"crystal",8.87806159954261e-07
4,"crystal",8.63146410346709e-07
5,"crystal",8.38298856895678e-07
6,"crystal",5.49226940571845e-05
1,"peoples",8.90819393494524e-07
2,"peoples",9.68777191814362e-06
3,"peoples",8.87806159954261e-07
4,"peoples",8.63146410346709e-07
5,"peoples",9.30511731154204e-05
6,"peoples",9.00372033724334e-07
1,"meh",8.10645648080017e-05
2,"meh",8.80706538013056e-07
3,"meh",8.87806159954261e-07
4,"meh",8.63146410346709e-07
5,"meh",8.38298856895678e-07
6,"meh",4.59189737199411e-05
1,"abilities",8.90819393494524e-07
2,"abilities",8.80706538013056e-07
3,"abilities",1.86439293590395e-05
4,"abilities",5.26519310311492e-05
5,"abilities",8.38298856895678e-07
6,"abilities",9.00372033724334e-07
1,"highlight",8.90819393494524e-07
2,"highlight",8.80706538013056e-07
3,"highlight",8.87806159954261e-07
4,"highlight",0.000130335107962353
5,"highlight",8.38298856895678e-07
6,"highlight",9.00372033724334e-07
1,"promise",8.90819393494524e-07
2,"promise",8.80706538013056e-07
3,"promise",0.000125180668553551
4,"promise",1.81260746172809e-05
5,"promise",8.38298856895678e-07
6,"promise",9.00372033724334e-07
1,"mail",8.90819393494524e-07
2,"mail",0.000238671471801538
3,"mail",8.87806159954261e-07
4,"mail",8.63146410346709e-07
5,"mail",8.38298856895678e-07
6,"mail",9.00372033724334e-07
1,"unuseable",8.90819393494524e-07
2,"unuseable",8.80706538013056e-07
3,"unuseable",9.76586775949687e-06
4,"unuseable",8.71777874450176e-05
5,"unuseable",8.38298856895678e-07
6,"unuseable",9.00372033724334e-07
1,"registers",4.54317890682208e-05
2,"registers",8.80706538013056e-07
3,"registers",8.87806159954261e-07
4,"registers",8.63146410346709e-07
5,"registers",8.38298856895678e-07
6,"registers",9.00372033724334e-07
1,"physically",8.90819393494524e-07
2,"physically",8.80706538013056e-07
3,"physically",0.000142936791752636
4,"physically",8.63146410346709e-07
5,"physically",8.38298856895678e-07
6,"physically",9.00372033724334e-07
1,"kicked",8.90819393494524e-07
2,"kicked",0.000643796479287544
3,"kicked",8.87806159954261e-07
4,"kicked",9.4946105138138e-06
5,"kicked",8.38298856895678e-07
6,"kicked",9.00372033724334e-07
1,"keyboard",8.90819393494524e-07
2,"keyboard",2.73019026784047e-05
3,"keyboard",8.87806159954261e-07
4,"keyboard",9.4946105138138e-06
5,"keyboard",9.22128742585246e-06
6,"keyboard",9.00372033724334e-07
1,"typed",8.90819393494524e-07
2,"typed",8.80706538013056e-07
3,"typed",8.87806159954261e-07
4,"typed",8.63146410346709e-07
5,"typed",4.27532417016796e-05
6,"typed",9.00372033724334e-07
1,"aswell",8.90819393494524e-07
2,"aswell",8.80706538013056e-07
3,"aswell",9.76586775949687e-06
4,"aswell",8.63146410346709e-07
5,"aswell",0.000143349104529161
6,"aswell",9.00372033724334e-07
1,"ver",8.90819393494524e-07
2,"ver",8.01442949591881e-05
3,"ver",2.75219909585821e-05
4,"ver",8.63146410346709e-07
5,"ver",8.38298856895678e-07
6,"ver",9.00372033724334e-07
1,"absurd",8.90819393494524e-07
2,"absurd",8.80706538013056e-07
3,"absurd",8.87806159954261e-07
4,"absurd",6.99148592380834e-05
5,"absurd",0.000109817150253334
6,"absurd",9.00372033724334e-07
1,"west",5.43399830031659e-05
2,"west",8.80706538013056e-07
3,"west",8.87806159954261e-07
4,"west",8.63146410346709e-07
5,"west",8.38298856895678e-07
6,"west",9.00372033724334e-07
1,"finds",8.90819393494524e-07
2,"finds",8.80706538013056e-07
3,"finds",0.000240595469347605
4,"finds",8.63146410346709e-07
5,"finds",8.38298856895678e-07
6,"finds",9.00372033724334e-07
1,"6th",3.65235951332755e-05
2,"6th",8.80706538013056e-07
3,"6th",2.75219909585821e-05
4,"6th",8.63146410346709e-07
5,"6th",8.38298856895678e-07
6,"6th",9.00372033724334e-07
1,"dosnt",8.90819393494524e-07
2,"dosnt",8.80706538013056e-07
3,"dosnt",6.30342373567525e-05
4,"dosnt",4.40204669276821e-05
5,"dosnt",8.38298856895678e-07
6,"dosnt",9.00372033724334e-07
1,"production",8.90819393494524e-07
2,"production",8.80706538013056e-07
3,"production",8.87806159954261e-07
4,"production",8.63146410346709e-07
5,"production",4.27532417016796e-05
6,"production",9.00372033724334e-07
1,"granted",8.90819393494524e-07
2,"granted",8.89513603393186e-05
3,"granted",8.87806159954261e-07
4,"granted",8.63146410346709e-07
5,"granted",8.38298856895678e-07
6,"granted",9.90409237096768e-06
1,"images",8.90819393494524e-07
2,"images",8.80706538013056e-07
3,"images",8.87806159954261e-07
4,"images",5.26519310311492e-05
5,"images",7.62851959775067e-05
6,"images",9.00372033724334e-07
1,"environment",1.8707207263385e-05
2,"environment",8.80706538013056e-07
3,"environment",8.87806159954261e-07
4,"environment",8.63146410346709e-07
5,"environment",8.38298856895678e-07
6,"environment",7.29301347316712e-05
1,"fe",8.90819393494524e-07
2,"fe",8.80706538013056e-07
3,"fe",8.87806159954261e-07
4,"fe",0.000104440715651952
5,"fe",8.38298856895678e-07
6,"fe",9.00372033724334e-07
1,"ford",8.90819393494524e-07
2,"ford",8.80706538013056e-07
3,"ford",8.87806159954261e-07
4,"ford",5.26519310311492e-05
5,"ford",1.76042759948093e-05
6,"ford",9.00372033724334e-07
1,"recomended",9.79901332843977e-06
2,"recomended",8.80706538013056e-07
3,"recomended",6.30342373567525e-05
4,"recomended",4.40204669276821e-05
5,"recomended",8.38298856895678e-07
6,"recomended",9.00372033724334e-07
1,"homework",8.90819393494524e-07
2,"homework",8.80706538013056e-07
3,"homework",8.87806159954261e-07
4,"homework",8.63146410346709e-07
5,"homework",8.38298856895678e-07
6,"homework",0.000126952456755131
1,"photos",6.32481769381112e-05
2,"photos",8.80706538013056e-07
3,"photos",8.87806159954261e-07
4,"photos",8.63146410346709e-07
5,"photos",8.38298856895678e-07
6,"photos",1.8907812708211e-05
1,"quicker",8.90819393494524e-07
2,"quicker",8.80706538013056e-07
3,"quicker",9.85464837549228e-05
4,"quicker",8.63146410346709e-07
5,"quicker",8.38298856895678e-07
6,"quicker",9.00372033724334e-07
1,"father",8.90819393494524e-07
2,"father",9.68777191814362e-06
3,"father",3.64000525581247e-05
4,"father",8.63146410346709e-07
5,"father",8.38298856895678e-07
6,"father",9.00372033724334e-07
1,"knowledge",8.90819393494524e-07
2,"knowledge",8.80706538013056e-07
3,"knowledge",8.87806159954261e-07
4,"knowledge",8.63146410346709e-07
5,"knowledge",8.38298856895678e-07
6,"knowledge",0.000144959897429618
1,"lord",8.90819393494524e-07
2,"lord",8.80706538013056e-07
3,"lord",2.75219909585821e-05
4,"lord",8.63146410346709e-07
5,"lord",8.38298856895678e-07
6,"lord",2.79115330454544e-05
1,"cheaper",8.90819393494524e-07
2,"cheaper",8.80706538013056e-07
3,"cheaper",8.87806159954261e-07
4,"cheaper",8.63146410346709e-07
5,"cheaper",8.38298856895678e-07
6,"cheaper",0.000325034304174485
1,"backwards",8.90819393494524e-07
2,"backwards",1.84948372982742e-05
3,"backwards",0.000320498023743488
4,"backwards",8.63146410346709e-07
5,"backwards",8.38298856895678e-07
6,"backwards",9.00372033724334e-07
1,"realy",8.90819393494524e-07
2,"realy",8.80706538013056e-07
3,"realy",0.000134058730153093
4,"realy",1.81260746172809e-05
5,"realy",9.22128742585246e-06
6,"realy",9.00372033724334e-07
1,"cds",8.90819393494524e-07
2,"cds",8.80706538013056e-07
3,"cds",8.87806159954261e-07
4,"cds",8.63146410346709e-07
5,"cds",8.38298856895678e-07
6,"cds",0.000244000821139295
1,"applied",8.90819393494524e-07
2,"applied",8.80706538013056e-07
3,"applied",8.87806159954261e-07
4,"applied",8.63146410346709e-07
5,"applied",1.76042759948093e-05
6,"applied",2.79115330454544e-05
1,"ashamed",8.90819393494524e-07
2,"ashamed",8.80706538013056e-07
3,"ashamed",8.87806159954261e-07
4,"ashamed",8.63146410346709e-07
5,"ashamed",7.62851959775067e-05
6,"ashamed",9.00372033724334e-07
1,"eventhough",0.000152330116287564
2,"eventhough",8.80706538013056e-07
3,"eventhough",8.87806159954261e-07
4,"eventhough",8.63146410346709e-07
5,"eventhough",8.38298856895678e-07
6,"eventhough",9.90409237096768e-06
1,"classes",8.90819393494524e-07
2,"classes",8.80706538013056e-07
3,"classes",9.76586775949687e-06
4,"classes",4.40204669276821e-05
5,"classes",8.38298856895678e-07
6,"classes",9.00372033724334e-07
1,"stutter",3.65235951332755e-05
2,"stutter",8.80706538013056e-07
3,"stutter",8.87806159954261e-07
4,"stutter",8.63146410346709e-07
5,"stutter",8.38298856895678e-07
6,"stutter",7.29301347316712e-05
1,"passing",2.76154011983302e-05
2,"passing",8.80706538013056e-07
3,"passing",9.76586775949687e-06
4,"passing",1.81260746172809e-05
5,"passing",8.38298856895678e-07
6,"passing",9.00372033724334e-07
1,"malfunctions",8.90819393494524e-07
2,"malfunctions",7.13372295790575e-05
3,"malfunctions",9.76586775949687e-06
4,"malfunctions",8.63146410346709e-07
5,"malfunctions",8.38298856895678e-07
6,"malfunctions",9.00372033724334e-07
1,"resort",8.90819393494524e-07
2,"resort",4.49160334386658e-05
3,"resort",8.87806159954261e-07
4,"resort",8.63146410346709e-07
5,"resort",8.38298856895678e-07
6,"resort",9.00372033724334e-07
1,"enhancing",8.90819393494524e-07
2,"enhancing",8.80706538013056e-07
3,"enhancing",8.87806159954261e-07
4,"enhancing",8.63146410346709e-07
5,"enhancing",8.38298856895678e-07
6,"enhancing",5.49226940571845e-05
1,"activate",1.8707207263385e-05
2,"activate",8.80706538013056e-07
3,"activate",8.87806159954261e-07
4,"activate",5.26519310311492e-05
5,"activate",8.38298856895678e-07
6,"activate",3.69152533826978e-05
1,"eligible",1.8707207263385e-05
2,"eligible",5.37230988187964e-05
3,"eligible",8.87806159954261e-07
4,"eligible",8.63146410346709e-07
5,"eligible",8.38298856895678e-07
6,"eligible",9.00372033724334e-07
1,"topic",8.90819393494524e-07
2,"topic",8.80706538013056e-07
3,"topic",1.86439293590395e-05
4,"topic",5.26519310311492e-05
5,"topic",8.38298856895678e-07
6,"topic",9.00372033724334e-07
1,"customized",8.90819393494524e-07
2,"customized",8.80706538013056e-07
3,"customized",1.86439293590395e-05
4,"customized",9.4946105138138e-06
5,"customized",8.38298856895678e-07
6,"customized",0.000144959897429618
1,"unpleasant",8.90819393494524e-07
2,"unpleasant",2.73019026784047e-05
3,"unpleasant",5.41561757572099e-05
4,"unpleasant",2.6757538720748e-05
5,"unpleasant",8.38298856895678e-07
6,"unpleasant",9.00372033724334e-07
1,"yearly",8.90819393494524e-07
2,"yearly",8.80706538013056e-07
3,"yearly",8.87806159954261e-07
4,"yearly",8.63146410346709e-07
5,"yearly",8.38298856895678e-07
6,"yearly",0.000126952456755131
1,"dismissed",8.90819393494524e-07
2,"dismissed",8.80706538013056e-07
3,"dismissed",8.87806159954261e-07
4,"dismissed",5.26519310311492e-05
5,"dismissed",8.38298856895678e-07
6,"dismissed",9.00372033724334e-07
1,"static",4.54317890682208e-05
2,"static",8.80706538013056e-07
3,"static",8.87806159954261e-07
4,"static",8.63146410346709e-07
5,"static",8.38298856895678e-07
6,"static",9.00372033724334e-07
1,"dismiss",8.90819393494524e-07
2,"dismiss",8.80706538013056e-07
3,"dismiss",8.87806159954261e-07
4,"dismiss",0.000208018284893557
5,"dismiss",8.38298856895678e-07
6,"dismiss",9.00372033724334e-07
1,"forcefully",8.90819393494524e-07
2,"forcefully",8.80706538013056e-07
3,"forcefully",6.30342373567525e-05
4,"forcefully",8.63146410346709e-07
5,"forcefully",2.5987264563766e-05
6,"forcefully",9.00372033724334e-07
1,"whe",8.90819393494524e-07
2,"whe",6.25301641989269e-05
3,"whe",8.87806159954261e-07
4,"whe",8.63146410346709e-07
5,"whe",8.38298856895678e-07
6,"whe",9.00372033724334e-07
1,"producers",4.54317890682208e-05
2,"producers",8.80706538013056e-07
3,"producers",8.87806159954261e-07
4,"producers",8.63146410346709e-07
5,"producers",8.38298856895678e-07
6,"producers",9.00372033724334e-07
1,"p",5.43399830031659e-05
2,"p",8.80706538013056e-07
3,"p",7.19122989562951e-05
4,"p",8.63146410346709e-07
5,"p",8.38298856895678e-07
6,"p",9.90409237096768e-06
1,"invest",9.79901332843977e-06
2,"invest",8.80706538013056e-07
3,"invest",6.30342373567525e-05
4,"invest",8.63146410346709e-07
5,"invest",8.38298856895678e-07
6,"invest",9.00372033724334e-07
1,"overnight",2.76154011983302e-05
2,"overnight",9.68777191814362e-06
3,"overnight",8.87806159954261e-07
4,"overnight",8.63146410346709e-07
5,"overnight",3.43702531327228e-05
6,"overnight",9.00372033724334e-07
1,"patterns",8.90819393494524e-07
2,"patterns",8.80706538013056e-07
3,"patterns",6.30342373567525e-05
4,"patterns",8.63146410346709e-07
5,"patterns",8.38298856895678e-07
6,"patterns",9.00372033724334e-07
1,"5-6",8.90819393494524e-07
2,"5-6",8.80706538013056e-07
3,"5-6",9.76586775949687e-06
4,"5-6",8.63146410346709e-07
5,"5-6",9.30511731154204e-05
6,"5-6",9.00372033724334e-07
1,"portion",8.90819393494524e-07
2,"portion",8.80706538013056e-07
3,"portion",8.87806159954261e-07
4,"portion",8.63146410346709e-07
5,"portion",5.11362302706364e-05
6,"portion",2.79115330454544e-05
1,"digging",8.90819393494524e-07
2,"digging",8.80706538013056e-07
3,"digging",8.87806159954261e-07
4,"digging",1.81260746172809e-05
5,"digging",8.38298856895678e-07
6,"digging",3.69152533826978e-05
1,"satisfaction",4.54317890682208e-05
2,"satisfaction",8.80706538013056e-07
3,"satisfaction",8.87806159954261e-07
4,"satisfaction",8.63146410346709e-07
5,"satisfaction",8.38298856895678e-07
6,"satisfaction",9.00372033724334e-07
1,"afternoon",8.90819393494524e-07
2,"afternoon",8.80706538013056e-07
3,"afternoon",8.87806159954261e-07
4,"afternoon",8.63146410346709e-07
5,"afternoon",8.38298856895678e-07
6,"afternoon",0.000108945016080645
1,"conflict",8.90819393494524e-07
2,"conflict",8.80706538013056e-07
3,"conflict",8.87806159954261e-07
4,"conflict",4.40204669276821e-05
5,"conflict",8.38298856895678e-07
6,"conflict",9.00372033724334e-07
1,"dope",8.90819393494524e-07
2,"dope",8.80706538013056e-07
3,"dope",8.87806159954261e-07
4,"dope",8.63146410346709e-07
5,"dope",8.38298856895678e-07
6,"dope",0.000135956177092375
1,"reappearing",8.90819393494524e-07
2,"reappearing",8.80706538013056e-07
3,"reappearing",8.87806159954261e-07
4,"reappearing",4.40204669276821e-05
5,"reappearing",8.38298856895678e-07
6,"reappearing",9.00372033724334e-07
1,"timing",8.90819393494524e-07
2,"timing",8.01442949591881e-05
3,"timing",8.87806159954261e-07
4,"timing",8.63146410346709e-07
5,"timing",8.38298856895678e-07
6,"timing",9.00372033724334e-07
1,"shortly",8.90819393494524e-07
2,"shortly",7.13372295790575e-05
3,"shortly",8.87806159954261e-07
4,"shortly",1.81260746172809e-05
5,"shortly",8.38298856895678e-07
6,"shortly",9.09375754061579e-05
1,"shoved",8.90819393494524e-07
2,"shoved",9.68777191814362e-06
3,"shoved",4.52781141576672e-05
4,"shoved",8.63146410346709e-07
5,"shoved",2.5987264563766e-05
6,"shoved",9.00372033724334e-07
1,"tailored",8.90819393494524e-07
2,"tailored",8.80706538013056e-07
3,"tailored",8.87806159954261e-07
4,"tailored",8.63146410346709e-07
5,"tailored",8.38298856895678e-07
6,"tailored",6.39264143944278e-05
1,"uploads",8.90819393494524e-07
2,"uploads",3.61089680585353e-05
3,"uploads",8.87806159954261e-07
4,"uploads",1.81260746172809e-05
5,"uploads",8.38298856895678e-07
6,"uploads",9.90409237096768e-06
1,"spontaneously",8.90819393494524e-07
2,"spontaneously",8.80706538013056e-07
3,"spontaneously",2.75219909585821e-05
4,"spontaneously",5.26519310311492e-05
5,"spontaneously",8.38298856895678e-07
6,"spontaneously",3.69152533826978e-05
1,"immediate",8.90819393494524e-07
2,"immediate",6.25301641989269e-05
3,"immediate",1.86439293590395e-05
4,"immediate",8.63146410346709e-07
5,"immediate",9.22128742585246e-06
6,"immediate",9.00372033724334e-07
1,"reports",9.79901332843977e-06
2,"reports",9.77584257194491e-05
3,"reports",8.87806159954261e-07
4,"reports",8.63146410346709e-07
5,"reports",3.43702531327228e-05
6,"reports",9.00372033724334e-07
1,"tiring",8.90819393494524e-07
2,"tiring",8.80706538013056e-07
3,"tiring",8.87806159954261e-07
4,"tiring",8.63146410346709e-07
5,"tiring",9.30511731154204e-05
6,"tiring",9.90409237096768e-06
1,"ab",8.90819393494524e-07
2,"ab",3.61089680585353e-05
3,"ab",4.52781141576672e-05
4,"ab",8.63146410346709e-07
5,"ab",8.38298856895678e-07
6,"ab",9.00372033724334e-07
1,"youve",1.8707207263385e-05
2,"youve",8.80706538013056e-07
3,"youve",8.87806159954261e-07
4,"youve",8.63146410346709e-07
5,"youve",8.38298856895678e-07
6,"youve",2.79115330454544e-05
1,"walk",8.90819393494524e-07
2,"walk",8.80706538013056e-07
3,"walk",3.64000525581247e-05
4,"walk",5.26519310311492e-05
5,"walk",5.95192188395932e-05
6,"walk",9.00372033724334e-07
1,"letters",8.90819393494524e-07
2,"letters",9.68777191814362e-06
3,"letters",0.000134058730153093
4,"letters",8.63146410346709e-07
5,"letters",8.38298856895678e-07
6,"letters",9.00372033724334e-07
1,"numbers",0.000125605534482728
2,"numbers",9.77584257194491e-05
3,"numbers",8.87806159954261e-07
4,"numbers",8.63146410346709e-07
5,"numbers",8.38298856895678e-07
6,"numbers",9.00372033724334e-07
1,"10mins",8.90819393494524e-07
2,"10mins",2.73019026784047e-05
3,"10mins",8.87806159954261e-07
4,"10mins",9.4946105138138e-06
5,"10mins",8.38298856895678e-07
6,"10mins",9.90409237096768e-06
1,"spins",7.21563708730564e-05
2,"spins",8.80706538013056e-07
3,"spins",8.87806159954261e-07
4,"spins",8.63146410346709e-07
5,"spins",8.38298856895678e-07
6,"spins",9.00372033724334e-07
1,"christian",8.90819393494524e-07
2,"christian",8.80706538013056e-07
3,"christian",8.87806159954261e-07
4,"christian",8.63146410346709e-07
5,"christian",8.38298856895678e-07
6,"christian",0.000126952456755131
1,"instrumental",3.65235951332755e-05
2,"instrumental",8.80706538013056e-07
3,"instrumental",8.87806159954261e-07
4,"instrumental",9.4946105138138e-06
5,"instrumental",8.38298856895678e-07
6,"instrumental",9.00372033724334e-07
1,"require",2.76154011983302e-05
2,"require",9.77584257194491e-05
3,"require",8.07903605558377e-05
4,"require",1.81260746172809e-05
5,"require",8.38298856895678e-07
6,"require",9.00372033724334e-07
1,"invisible",8.90819393494524e-07
2,"invisible",9.68777191814362e-06
3,"invisible",9.76586775949687e-06
4,"invisible",4.40204669276821e-05
5,"invisible",8.38298856895678e-07
6,"invisible",9.00372033724334e-07
1,"ground",8.90819393494524e-07
2,"ground",0.000124179621859841
3,"ground",8.87806159954261e-07
4,"ground",8.63146410346709e-07
5,"ground",8.38298856895678e-07
6,"ground",9.00372033724334e-07
1,"resumes",1.8707207263385e-05
2,"resumes",8.80706538013056e-07
3,"resumes",8.87806159954261e-07
4,"resumes",6.12833951346163e-05
5,"resumes",8.38298856895678e-07
6,"resumes",9.00372033724334e-07
1,"rides",8.90819393494524e-07
2,"rides",5.37230988187964e-05
3,"rides",8.87806159954261e-07
4,"rides",8.63146410346709e-07
5,"rides",8.38298856895678e-07
6,"rides",9.00372033724334e-07
1,"desperately",8.90819393494524e-07
2,"desperately",8.80706538013056e-07
3,"desperately",4.52781141576672e-05
4,"desperately",8.63146410346709e-07
5,"desperately",8.38298856895678e-07
6,"desperately",9.90409237096768e-06
1,"bright",8.90819393494524e-07
2,"bright",8.80706538013056e-07
3,"bright",8.96684221553803e-05
4,"bright",8.63146410346709e-07
5,"bright",8.38298856895678e-07
6,"bright",9.00372033724334e-07
1,"deducted",8.90819393494524e-07
2,"deducted",9.68777191814362e-06
3,"deducted",8.87806159954261e-07
4,"deducted",9.4946105138138e-06
5,"deducted",2.5987264563766e-05
6,"deducted",9.00372033724334e-07
1,"gmail",0.000348310382856359
2,"gmail",8.80706538013056e-07
3,"gmail",8.87806159954261e-07
4,"gmail",8.63146410346709e-07
5,"gmail",8.38298856895678e-07
6,"gmail",9.00372033724334e-07
1,"defaults",1.8707207263385e-05
2,"defaults",8.80706538013056e-07
3,"defaults",1.86439293590395e-05
4,"defaults",5.26519310311492e-05
5,"defaults",8.38298856895678e-07
6,"defaults",9.00372033724334e-07
1,"intermittently",8.90819393494524e-07
2,"intermittently",8.80706538013056e-07
3,"intermittently",8.87806159954261e-07
4,"intermittently",0.000268438533617826
5,"intermittently",8.38298856895678e-07
6,"intermittently",9.90409237096768e-06
1,"ty",8.90819393494524e-07
2,"ty",2.73019026784047e-05
3,"ty",0.000116302606954008
4,"ty",8.63146410346709e-07
5,"ty",8.38298856895678e-07
6,"ty",9.00372033724334e-07
1,"despise",8.90819393494524e-07
2,"despise",1.84948372982742e-05
3,"despise",8.87806159954261e-07
4,"despise",8.63146410346709e-07
5,"despise",6.790220740855e-05
6,"despise",9.00372033724334e-07
1,"among",8.90819393494524e-07
2,"among",8.80706538013056e-07
3,"among",4.52781141576672e-05
4,"among",9.58092515484846e-05
5,"among",8.38298856895678e-07
6,"among",6.39264143944278e-05
1,"grade",8.90819393494524e-07
2,"grade",8.80706538013056e-07
3,"grade",5.41561757572099e-05
4,"grade",3.53890028242151e-05
5,"grade",8.38298856895678e-07
6,"grade",9.00372033724334e-07
1,"routine",8.90819393494524e-07
2,"routine",8.01442949591881e-05
3,"routine",9.76586775949687e-06
4,"routine",8.63146410346709e-07
5,"routine",8.38298856895678e-07
6,"routine",9.00372033724334e-07
1,"niche",4.54317890682208e-05
2,"niche",8.80706538013056e-07
3,"niche",8.87806159954261e-07
4,"niche",8.63146410346709e-07
5,"niche",8.38298856895678e-07
6,"niche",9.00372033724334e-07
1,"sincerely",8.90819393494524e-07
2,"sincerely",0.000150600818000232
3,"sincerely",8.87806159954261e-07
4,"sincerely",8.63146410346709e-07
5,"sincerely",8.38298856895678e-07
6,"sincerely",9.00372033724334e-07
1,"favs",9.79901332843977e-06
2,"favs",8.80706538013056e-07
3,"favs",8.87806159954261e-07
4,"favs",8.63146410346709e-07
5,"favs",8.38298856895678e-07
6,"favs",9.09375754061579e-05
1,"alway",4.54317890682208e-05
2,"alway",8.80706538013056e-07
3,"alway",8.87806159954261e-07
4,"alway",8.63146410346709e-07
5,"alway",8.38298856895678e-07
6,"alway",9.00372033724334e-07
1,"subscribing",8.90819393494524e-07
2,"subscribing",0.000168214948760494
3,"subscribing",8.87806159954261e-07
4,"subscribing",8.63146410346709e-07
5,"subscribing",1.76042759948093e-05
6,"subscribing",9.00372033724334e-07
1,"registering",8.90819393494524e-07
2,"registering",8.80706538013056e-07
3,"registering",2.75219909585821e-05
4,"registering",8.63146410346709e-07
5,"registering",9.22128742585246e-06
6,"registering",9.90409237096768e-06
1,"appalling",5.43399830031659e-05
2,"appalling",8.80706538013056e-07
3,"appalling",4.52781141576672e-05
4,"appalling",8.63146410346709e-07
5,"appalling",8.38298856895678e-07
6,"appalling",9.00372033724334e-07
1,"passion",8.90819393494524e-07
2,"passion",9.68777191814362e-06
3,"passion",3.64000525581247e-05
4,"passion",8.63146410346709e-07
5,"passion",8.38298856895678e-07
6,"passion",9.90409237096768e-06
1,"wheres",8.90819393494524e-07
2,"wheres",8.80706538013056e-07
3,"wheres",8.87806159954261e-07
4,"wheres",9.4946105138138e-06
5,"wheres",3.43702531327228e-05
6,"wheres",9.00372033724334e-07
1,"certainly",8.90819393494524e-07
2,"certainly",0.000159407883380363
3,"certainly",8.87806159954261e-07
4,"certainly",2.6757538720748e-05
5,"certainly",8.38298856895678e-07
6,"certainly",9.00372033724334e-07
1,"early",8.90819393494524e-07
2,"early",0.000159407883380363
3,"early",9.85464837549228e-05
4,"early",8.63146410346709e-07
5,"early",8.38298856895678e-07
6,"early",9.00372033724334e-07
1,"engage",8.90819393494524e-07
2,"engage",9.68777191814362e-06
3,"engage",8.87806159954261e-07
4,"engage",8.63146410346709e-07
5,"engage",1.76042759948093e-05
6,"engage",1.8907812708211e-05
1,"fancy",8.90819393494524e-07
2,"fancy",1.84948372982742e-05
3,"fancy",2.75219909585821e-05
4,"fancy",3.53890028242151e-05
5,"fancy",8.38298856895678e-07
6,"fancy",9.00372033724334e-07
1,"concerts",8.90819393494524e-07
2,"concerts",8.80706538013056e-07
3,"concerts",8.87806159954261e-07
4,"concerts",8.63146410346709e-07
5,"concerts",9.22128742585246e-06
6,"concerts",7.29301347316712e-05
1,"boots",8.90819393494524e-07
2,"boots",8.80706538013056e-07
3,"boots",8.87806159954261e-07
4,"boots",8.63146410346709e-07
5,"boots",8.38298856895678e-07
6,"boots",4.59189737199411e-05
1,"cane",8.90819393494524e-07
2,"cane",9.68777191814362e-06
3,"cane",3.64000525581247e-05
4,"cane",8.63146410346709e-07
5,"cane",8.38298856895678e-07
6,"cane",9.00372033724334e-07
1,"host",8.90819393494524e-07
2,"host",8.80706538013056e-07
3,"host",9.85464837549228e-05
4,"host",8.63146410346709e-07
5,"host",8.38298856895678e-07
6,"host",9.00372033724334e-07
1,"finishes",8.90819393494524e-07
2,"finishes",8.80706538013056e-07
3,"finishes",8.87806159954261e-07
4,"finishes",8.63146410346709e-07
5,"finishes",0.000235561978787686
6,"finishes",9.90409237096768e-06
1,"belongs",8.90819393494524e-07
2,"belongs",2.73019026784047e-05
3,"belongs",9.76586775949687e-06
4,"belongs",8.63146410346709e-07
5,"belongs",8.38298856895678e-07
6,"belongs",1.8907812708211e-05
1,"collections",9.79901332843977e-06
2,"collections",8.80706538013056e-07
3,"collections",8.87806159954261e-07
4,"collections",8.63146410346709e-07
5,"collections",8.38298856895678e-07
6,"collections",0.000180974778778591
1,"gui",2.76154011983302e-05
2,"gui",8.80706538013056e-07
3,"gui",8.87806159954261e-07
4,"gui",8.63146410346709e-07
5,"gui",8.38298856895678e-07
6,"gui",0.000117948736417888
1,"smh",3.65235951332755e-05
2,"smh",0.00010656549109958
3,"smh",8.87806159954261e-07
4,"smh",4.40204669276821e-05
5,"smh",3.43702531327228e-05
6,"smh",9.90409237096768e-06
1,"vehicles",8.90819393494524e-07
2,"vehicles",8.80706538013056e-07
3,"vehicles",8.87806159954261e-07
4,"vehicles",0.000104440715651952
5,"vehicles",8.38298856895678e-07
6,"vehicles",9.00372033724334e-07
1,"spoty",9.79901332843977e-06
2,"spoty",9.68777191814362e-06
3,"spoty",1.86439293590395e-05
4,"spoty",8.63146410346709e-07
5,"spoty",1.76042759948093e-05
6,"spoty",9.00372033724334e-07
1,"talent",8.90819393494524e-07
2,"talent",8.80706538013056e-07
3,"talent",8.87806159954261e-07
4,"talent",8.63146410346709e-07
5,"talent",8.38298856895678e-07
6,"talent",4.59189737199411e-05
1,"clever",8.90819393494524e-07
2,"clever",8.80706538013056e-07
3,"clever",8.87806159954261e-07
4,"clever",8.63146410346709e-07
5,"clever",8.38298856895678e-07
6,"clever",4.59189737199411e-05
1,"lies",8.90819393494524e-07
2,"lies",0.000203443210281016
3,"lies",8.87806159954261e-07
4,"lies",9.4946105138138e-06
5,"lies",8.38298856895678e-07
6,"lies",9.00372033724334e-07
1,"hrs",8.90819393494524e-07
2,"hrs",0.000159407883380363
3,"hrs",1.86439293590395e-05
4,"hrs",8.63146410346709e-07
5,"hrs",8.38298856895678e-07
6,"hrs",9.00372033724334e-07
1,"lasts",9.79901332843977e-06
2,"lasts",9.68777191814362e-06
3,"lasts",5.41561757572099e-05
4,"lasts",8.63146410346709e-07
5,"lasts",8.38298856895678e-07
6,"lasts",9.00372033724334e-07
1,"sat",8.90819393494524e-07
2,"sat",5.37230988187964e-05
3,"sat",8.87806159954261e-07
4,"sat",8.63146410346709e-07
5,"sat",8.38298856895678e-07
6,"sat",9.90409237096768e-06
1,"bus",9.88809526778921e-05
2,"bus",8.80706538013056e-07
3,"bus",8.87806159954261e-07
4,"bus",8.63146410346709e-07
5,"bus",8.38298856895678e-07
6,"bus",9.00372033724334e-07
1,"girlfriend",8.90819393494524e-07
2,"girlfriend",8.80706538013056e-07
3,"girlfriend",8.87806159954261e-07
4,"girlfriend",6.12833951346163e-05
5,"girlfriend",8.38298856895678e-07
6,"girlfriend",9.00372033724334e-07
1,"tf",8.90819393494524e-07
2,"tf",8.80706538013056e-07
3,"tf",8.87806159954261e-07
4,"tf",8.63146410346709e-07
5,"tf",0.000235561978787686
6,"tf",9.00372033724334e-07
1,"therefore",0.000294861219246688
2,"therefore",8.80706538013056e-07
3,"therefore",8.87806159954261e-07
4,"therefore",8.63146410346709e-07
5,"therefore",8.38298856895678e-07
6,"therefore",9.00372033724334e-07
1,"stunning",8.90819393494524e-07
2,"stunning",3.61089680585353e-05
3,"stunning",9.76586775949687e-06
4,"stunning",8.63146410346709e-07
5,"stunning",8.38298856895678e-07
6,"stunning",9.00372033724334e-07
1,"corrected",8.90819393494524e-07
2,"corrected",0.000132986687239971
3,"corrected",8.87806159954261e-07
4,"corrected",8.63146410346709e-07
5,"corrected",8.38298856895678e-07
6,"corrected",9.00372033724334e-07
1,"precious",8.90819393494524e-07
2,"precious",5.37230988187964e-05
3,"precious",8.87806159954261e-07
4,"precious",8.63146410346709e-07
5,"precious",8.38298856895678e-07
6,"precious",9.00372033724334e-07
1,"french",9.79901332843977e-06
2,"french",8.80706538013056e-07
3,"french",8.87806159954261e-07
4,"french",8.63146410346709e-07
5,"french",8.38298856895678e-07
6,"french",5.49226940571845e-05
1,"canadian",9.79901332843977e-06
2,"canadian",8.80706538013056e-07
3,"canadian",8.87806159954261e-07
4,"canadian",8.63146410346709e-07
5,"canadian",8.38298856895678e-07
6,"canadian",3.69152533826978e-05
1,"indie",8.90819393494524e-07
2,"indie",8.80706538013056e-07
3,"indie",8.87806159954261e-07
4,"indie",8.63146410346709e-07
5,"indie",9.22128742585246e-06
6,"indie",7.29301347316712e-05
1,"soul",9.79901332843977e-06
2,"soul",8.80706538013056e-07
3,"soul",9.76586775949687e-06
4,"soul",8.63146410346709e-07
5,"soul",9.22128742585246e-06
6,"soul",9.99412957434012e-05
1,"drawing",3.65235951332755e-05
2,"drawing",8.80706538013056e-07
3,"drawing",9.76586775949687e-06
4,"drawing",8.63146410346709e-07
5,"drawing",8.38298856895678e-07
6,"drawing",9.00372033724334e-07
1,"killer",8.90819393494524e-07
2,"killer",7.13372295790575e-05
3,"killer",8.87806159954261e-07
4,"killer",8.63146410346709e-07
5,"killer",8.38298856895678e-07
6,"killer",9.00372033724334e-07
1,"iqoo",6.32481769381112e-05
2,"iqoo",8.80706538013056e-07
3,"iqoo",1.86439293590395e-05
4,"iqoo",1.81260746172809e-05
5,"iqoo",8.38298856895678e-07
6,"iqoo",9.00372033724334e-07
1,"consumes",8.90819393494524e-07
2,"consumes",8.80706538013056e-07
3,"consumes",2.75219909585821e-05
4,"consumes",8.63146410346709e-07
5,"consumes",8.38298856895678e-07
6,"consumes",0.000108945016080645
1,"shifting",9.79901332843977e-06
2,"shifting",8.80706538013056e-07
3,"shifting",3.64000525581247e-05
4,"shifting",8.63146410346709e-07
5,"shifting",8.38298856895678e-07
6,"shifting",9.90409237096768e-06
1,"deliver",8.90819393494524e-07
2,"deliver",3.61089680585353e-05
3,"deliver",8.87806159954261e-07
4,"deliver",8.63146410346709e-07
5,"deliver",8.38298856895678e-07
6,"deliver",3.69152533826978e-05
1,"diversity",8.90819393494524e-07
2,"diversity",8.80706538013056e-07
3,"diversity",4.52781141576672e-05
4,"diversity",8.63146410346709e-07
5,"diversity",3.43702531327228e-05
6,"diversity",9.00372033724334e-07
1,"genera",8.90819393494524e-07
2,"genera",8.80706538013056e-07
3,"genera",8.87806159954261e-07
4,"genera",8.63146410346709e-07
5,"genera",8.38298856895678e-07
6,"genera",5.49226940571845e-05
1,"creator",8.90819393494524e-07
2,"creator",8.80706538013056e-07
3,"creator",8.87806159954261e-07
4,"creator",8.63146410346709e-07
5,"creator",6.790220740855e-05
6,"creator",9.00372033724334e-07
1,"moon",8.90819393494524e-07
2,"moon",8.80706538013056e-07
3,"moon",8.87806159954261e-07
4,"moon",8.63146410346709e-07
5,"moon",8.38298856895678e-07
6,"moon",5.49226940571845e-05
1,"modern",8.90819393494524e-07
2,"modern",9.68777191814362e-06
3,"modern",8.87806159954261e-07
4,"modern",8.63146410346709e-07
5,"modern",8.38298856895678e-07
6,"modern",9.99412957434012e-05
1,"established",8.90819393494524e-07
2,"established",8.80706538013056e-07
3,"established",8.87806159954261e-07
4,"established",5.26519310311492e-05
5,"established",8.38298856895678e-07
6,"established",9.00372033724334e-07
1,"grayed",3.65235951332755e-05
2,"grayed",4.49160334386658e-05
3,"grayed",8.87806159954261e-07
4,"grayed",8.63146410346709e-07
5,"grayed",8.38298856895678e-07
6,"grayed",9.00372033724334e-07
1,"wired",8.90819393494524e-07
2,"wired",8.80706538013056e-07
3,"wired",8.87806159954261e-07
4,"wired",7.85463233415505e-05
5,"wired",8.38298856895678e-07
6,"wired",9.00372033724334e-07
1,"googled",7.21563708730564e-05
2,"googled",8.80706538013056e-07
3,"googled",9.76586775949687e-06
4,"googled",8.63146410346709e-07
5,"googled",8.38298856895678e-07
6,"googled",9.00372033724334e-07
1,"zone",8.90819393494524e-07
2,"zone",8.80706538013056e-07
3,"zone",4.52781141576672e-05
4,"zone",8.63146410346709e-07
5,"zone",1.76042759948093e-05
6,"zone",9.00372033724334e-07
1,"evry",9.79901332843977e-06
2,"evry",9.68777191814362e-06
3,"evry",9.76586775949687e-06
4,"evry",8.63146410346709e-07
5,"evry",2.5987264563766e-05
6,"evry",9.00372033724334e-07
1,"prices",3.65235951332755e-05
2,"prices",8.80706538013056e-07
3,"prices",8.87806159954261e-07
4,"prices",6.99148592380834e-05
5,"prices",8.38298856895678e-07
6,"prices",9.00372033724334e-07
1,"k",0.000107789146612837
2,"k",8.80706538013056e-07
3,"k",8.87806159954261e-07
4,"k",8.63146410346709e-07
5,"k",8.38298856895678e-07
6,"k",8.19338550689144e-05
1,"tq",8.90819393494524e-07
2,"tq",8.80706538013056e-07
3,"tq",8.87806159954261e-07
4,"tq",4.40204669276821e-05
5,"tq",8.38298856895678e-07
6,"tq",9.00372033724334e-07
1,"answering",8.90819393494524e-07
2,"answering",4.49160334386658e-05
3,"answering",8.87806159954261e-07
4,"answering",8.63146410346709e-07
5,"answering",8.38298856895678e-07
6,"answering",9.00372033724334e-07
1,"na",8.90819393494524e-07
2,"na",8.80706538013056e-07
3,"na",0.000134058730153093
4,"na",8.63146410346709e-07
5,"na",8.38298856895678e-07
6,"na",9.00372033724334e-07
1,"pays",8.90819393494524e-07
2,"pays",8.80706538013056e-07
3,"pays",0.000142936791752636
4,"pays",8.63146410346709e-07
5,"pays",8.38298856895678e-07
6,"pays",3.69152533826978e-05
1,"gained",8.90819393494524e-07
2,"gained",7.13372295790575e-05
3,"gained",8.87806159954261e-07
4,"gained",8.63146410346709e-07
5,"gained",8.38298856895678e-07
6,"gained",9.00372033724334e-07
1,"underwhelming",8.90819393494524e-07
2,"underwhelming",8.80706538013056e-07
3,"underwhelming",9.76586775949687e-06
4,"underwhelming",8.63146410346709e-07
5,"underwhelming",3.43702531327228e-05
6,"underwhelming",9.00372033724334e-07
1,"firmware",8.90819393494524e-07
2,"firmware",4.49160334386658e-05
3,"firmware",8.87806159954261e-07
4,"firmware",8.63146410346709e-07
5,"firmware",8.38298856895678e-07
6,"firmware",9.90409237096768e-06
1,"stereos",8.90819393494524e-07
2,"stereos",6.25301641989269e-05
3,"stereos",8.87806159954261e-07
4,"stereos",9.4946105138138e-06
5,"stereos",8.38298856895678e-07
6,"stereos",9.00372033724334e-07
1,"white",8.90819393494524e-07
2,"white",8.80706538013056e-07
3,"white",0.000151814853352178
4,"white",8.63146410346709e-07
5,"white",4.27532417016796e-05
6,"white",9.00372033724334e-07
1,"duplicates",8.90819393494524e-07
2,"duplicates",4.49160334386658e-05
3,"duplicates",8.87806159954261e-07
4,"duplicates",8.63146410346709e-07
5,"duplicates",8.38298856895678e-07
6,"duplicates",9.90409237096768e-06
1,"2nd",8.90819393494524e-07
2,"2nd",0.000203443210281016
3,"2nd",8.87806159954261e-07
4,"2nd",8.63146410346709e-07
5,"2nd",8.38298856895678e-07
6,"2nd",9.00372033724334e-07
1,"rolling",8.90819393494524e-07
2,"rolling",8.80706538013056e-07
3,"rolling",3.64000525581247e-05
4,"rolling",1.81260746172809e-05
5,"rolling",8.38298856895678e-07
6,"rolling",2.79115330454544e-05
1,"crying",8.90819393494524e-07
2,"crying",9.68777191814362e-06
3,"crying",8.07903605558377e-05
4,"crying",8.63146410346709e-07
5,"crying",8.38298856895678e-07
6,"crying",9.00372033724334e-07
1,"balls",8.90819393494524e-07
2,"balls",8.80706538013056e-07
3,"balls",8.87806159954261e-07
4,"balls",8.63146410346709e-07
5,"balls",7.62851959775067e-05
6,"balls",9.00372033724334e-07
1,"desired",8.90819393494524e-07
2,"desired",8.80706538013056e-07
3,"desired",8.87806159954261e-07
4,"desired",8.63146410346709e-07
5,"desired",0.000101434161684377
6,"desired",9.00372033724334e-07
1,"thi",1.8707207263385e-05
2,"thi",8.80706538013056e-07
3,"thi",8.87806159954261e-07
4,"thi",8.63146410346709e-07
5,"thi",4.27532417016796e-05
6,"thi",9.00372033724334e-07
1,"finishing",4.54317890682208e-05
2,"finishing",8.80706538013056e-07
3,"finishing",8.87806159954261e-07
4,"finishing",8.63146410346709e-07
5,"finishing",8.38298856895678e-07
6,"finishing",9.00372033724334e-07
1,"mom's",8.90819393494524e-07
2,"mom's",8.80706538013056e-07
3,"mom's",8.87806159954261e-07
4,"mom's",8.63146410346709e-07
5,"mom's",6.790220740855e-05
6,"mom's",9.00372033724334e-07
1,"musixmatch",2.76154011983302e-05
2,"musixmatch",8.80706538013056e-07
3,"musixmatch",8.87806159954261e-07
4,"musixmatch",8.63146410346709e-07
5,"musixmatch",9.22128742585246e-06
6,"musixmatch",3.69152533826978e-05
1,"overwhelming",8.90819393494524e-07
2,"overwhelming",2.73019026784047e-05
3,"overwhelming",8.87806159954261e-07
4,"overwhelming",8.63146410346709e-07
5,"overwhelming",8.38298856895678e-07
6,"overwhelming",1.8907812708211e-05
1,"loops",8.90819393494524e-07
2,"loops",8.80706538013056e-07
3,"loops",8.87806159954261e-07
4,"loops",8.63146410346709e-07
5,"loops",0.000109817150253334
6,"loops",9.00372033724334e-07
1,"tonight",8.90819393494524e-07
2,"tonight",8.80706538013056e-07
3,"tonight",5.41561757572099e-05
4,"tonight",9.4946105138138e-06
5,"tonight",8.38298856895678e-07
6,"tonight",9.00372033724334e-07
1,"excuse",8.90819393494524e-07
2,"excuse",0.000168214948760494
3,"excuse",1.86439293590395e-05
4,"excuse",8.63146410346709e-07
5,"excuse",8.38298856895678e-07
6,"excuse",9.00372033724334e-07
1,"interrupt",0.000116697340547783
2,"interrupt",8.80706538013056e-07
3,"interrupt",8.87806159954261e-07
4,"interrupt",8.63146410346709e-07
5,"interrupt",8.38298856895678e-07
6,"interrupt",9.00372033724334e-07
1,"off-line",0.000187962892027345
2,"off-line",8.80706538013056e-07
3,"off-line",8.87806159954261e-07
4,"off-line",8.63146410346709e-07
5,"off-line",1.76042759948093e-05
6,"off-line",9.00372033724334e-07
1,"13th",8.90819393494524e-07
2,"13th",8.80706538013056e-07
3,"13th",1.86439293590395e-05
4,"13th",8.63146410346709e-07
5,"13th",8.38298856895678e-07
6,"13th",3.69152533826978e-05
1,"surprised",9.79901332843977e-06
2,"surprised",0.000212250275661146
3,"surprised",8.87806159954261e-07
4,"surprised",8.63146410346709e-07
5,"surprised",8.38298856895678e-07
6,"surprised",9.00372033724334e-07
1,"annual",8.90819393494524e-07
2,"annual",6.25301641989269e-05
3,"annual",9.76586775949687e-06
4,"annual",8.63146410346709e-07
5,"annual",8.38298856895678e-07
6,"annual",9.00372033724334e-07
1,"soothing",8.90819393494524e-07
2,"soothing",7.13372295790575e-05
3,"soothing",8.87806159954261e-07
4,"soothing",8.63146410346709e-07
5,"soothing",8.38298856895678e-07
6,"soothing",9.00372033724334e-07
1,"chores",8.90819393494524e-07
2,"chores",7.13372295790575e-05
3,"chores",8.87806159954261e-07
4,"chores",8.63146410346709e-07
5,"chores",8.38298856895678e-07
6,"chores",9.90409237096768e-06
1,"completed",9.88809526778921e-05
2,"completed",8.80706538013056e-07
3,"completed",8.87806159954261e-07
4,"completed",8.63146410346709e-07
5,"completed",8.38298856895678e-07
6,"completed",9.00372033724334e-07
1,"strongly",8.90819393494524e-07
2,"strongly",7.13372295790575e-05
3,"strongly",8.87806159954261e-07
4,"strongly",8.63146410346709e-07
5,"strongly",8.38298856895678e-07
6,"strongly",1.8907812708211e-05
1,"changer",8.90819393494524e-07
2,"changer",8.80706538013056e-07
3,"changer",8.87806159954261e-07
4,"changer",8.63146410346709e-07
5,"changer",8.38298856895678e-07
6,"changer",8.19338550689144e-05
1,"overpriced",8.90819393494524e-07
2,"overpriced",8.80706538013056e-07
3,"overpriced",2.75219909585821e-05
4,"overpriced",8.63146410346709e-07
5,"overpriced",8.38298856895678e-07
6,"overpriced",1.8907812708211e-05
1,"giant",8.90819393494524e-07
2,"giant",2.73019026784047e-05
3,"giant",8.87806159954261e-07
4,"giant",8.63146410346709e-07
5,"giant",8.38298856895678e-07
6,"giant",1.8907812708211e-05
1,"sings",8.90819393494524e-07
2,"sings",8.80706538013056e-07
3,"sings",8.87806159954261e-07
4,"sings",8.63146410346709e-07
5,"sings",0.000151732093098118
6,"sings",9.00372033724334e-07
1,"utilize",9.79901332843977e-06
2,"utilize",8.80706538013056e-07
3,"utilize",8.87806159954261e-07
4,"utilize",3.53890028242151e-05
5,"utilize",1.76042759948093e-05
6,"utilize",9.00372033724334e-07
1,"produce",8.90819393494524e-07
2,"produce",8.80706538013056e-07
3,"produce",1.86439293590395e-05
4,"produce",8.63146410346709e-07
5,"produce",3.43702531327228e-05
6,"produce",2.79115330454544e-05
1,"wether",8.90819393494524e-07
2,"wether",1.84948372982742e-05
3,"wether",9.76586775949687e-06
4,"wether",8.63146410346709e-07
5,"wether",1.76042759948093e-05
6,"wether",9.00372033724334e-07
1,"fall",9.79901332843977e-06
2,"fall",0.000229864406421408
3,"fall",8.87806159954261e-07
4,"fall",8.63146410346709e-07
5,"fall",8.38298856895678e-07
6,"fall",9.00372033724334e-07
1,"music.i",8.90819393494524e-07
2,"music.i",4.49160334386658e-05
3,"music.i",8.87806159954261e-07
4,"music.i",8.63146410346709e-07
5,"music.i",8.38298856895678e-07
6,"music.i",9.00372033724334e-07
1,"cousin",8.90819393494524e-07
2,"cousin",8.80706538013056e-07
3,"cousin",2.75219909585821e-05
4,"cousin",8.63146410346709e-07
5,"cousin",1.76042759948093e-05
6,"cousin",9.00372033724334e-07
1,"pending",4.54317890682208e-05
2,"pending",2.73019026784047e-05
3,"pending",8.87806159954261e-07
4,"pending",8.63146410346709e-07
5,"pending",9.22128742585246e-06
6,"pending",9.00372033724334e-07
1,"anger",8.90819393494524e-07
2,"anger",8.80706538013056e-07
3,"anger",4.52781141576672e-05
4,"anger",9.4946105138138e-06
5,"anger",8.38298856895678e-07
6,"anger",9.00372033724334e-07
1,"vanishes",8.90819393494524e-07
2,"vanishes",8.80706538013056e-07
3,"vanishes",1.86439293590395e-05
4,"vanishes",7.85463233415505e-05
5,"vanishes",8.38298856895678e-07
6,"vanishes",9.00372033724334e-07
1,"gestures",9.79901332843977e-06
2,"gestures",8.80706538013056e-07
3,"gestures",3.64000525581247e-05
4,"gestures",8.63146410346709e-07
5,"gestures",9.22128742585246e-06
6,"gestures",9.00372033724334e-07
1,"exciting",8.90819393494524e-07
2,"exciting",8.80706538013056e-07
3,"exciting",8.87806159954261e-07
4,"exciting",8.63146410346709e-07
5,"exciting",8.38298856895678e-07
6,"exciting",7.29301347316712e-05
1,"belong",8.90819393494524e-07
2,"belong",3.61089680585353e-05
3,"belong",8.87806159954261e-07
4,"belong",8.63146410346709e-07
5,"belong",8.38298856895678e-07
6,"belong",4.59189737199411e-05
1,"locate",8.90819393494524e-07
2,"locate",8.80706538013056e-07
3,"locate",8.87806159954261e-07
4,"locate",1.81260746172809e-05
5,"locate",8.38298856895678e-07
6,"locate",2.79115330454544e-05
1,"audiomack",6.32481769381112e-05
2,"audiomack",8.80706538013056e-07
3,"audiomack",8.87806159954261e-07
4,"audiomack",8.63146410346709e-07
5,"audiomack",8.38298856895678e-07
6,"audiomack",9.00372033724334e-07
1,"ninety-five",8.90819393494524e-07
2,"ninety-five",6.25301641989269e-05
3,"ninety-five",8.96684221553803e-05
4,"ninety-five",9.4946105138138e-06
5,"ninety-five",8.38298856895678e-07
6,"ninety-five",9.00372033724334e-07
1,"camping",8.90819393494524e-07
2,"camping",8.80706538013056e-07
3,"camping",8.87806159954261e-07
4,"camping",8.63146410346709e-07
5,"camping",8.38298856895678e-07
6,"camping",7.29301347316712e-05
1,"upper",6.32481769381112e-05
2,"upper",8.80706538013056e-07
3,"upper",8.87806159954261e-07
4,"upper",8.63146410346709e-07
5,"upper",8.38298856895678e-07
6,"upper",9.00372033724334e-07
1,"wink",2.76154011983302e-05
2,"wink",8.80706538013056e-07
3,"wink",8.87806159954261e-07
4,"wink",8.63146410346709e-07
5,"wink",2.5987264563766e-05
6,"wink",9.00372033724334e-07
1,"desire",8.90819393494524e-07
2,"desire",9.68777191814362e-06
3,"desire",5.41561757572099e-05
4,"desire",8.63146410346709e-07
5,"desire",8.38298856895678e-07
6,"desire",9.00372033724334e-07
1,"pure",8.90819393494524e-07
2,"pure",8.80706538013056e-07
3,"pure",0.000169570976551264
4,"pure",8.63146410346709e-07
5,"pure",8.38298856895678e-07
6,"pure",9.00372033724334e-07
1,"spite",8.90819393494524e-07
2,"spite",6.25301641989269e-05
3,"spite",8.87806159954261e-07
4,"spite",8.63146410346709e-07
5,"spite",8.38298856895678e-07
6,"spite",9.00372033724334e-07
1,"renewed",8.90819393494524e-07
2,"renewed",9.77584257194491e-05
3,"renewed",8.87806159954261e-07
4,"renewed",9.4946105138138e-06
5,"renewed",8.38298856895678e-07
6,"renewed",9.00372033724334e-07
1,"magic",8.90819393494524e-07
2,"magic",8.80706538013056e-07
3,"magic",4.52781141576672e-05
4,"magic",1.81260746172809e-05
5,"magic",8.38298856895678e-07
6,"magic",9.90409237096768e-06
1,"wasnt",1.8707207263385e-05
2,"wasnt",9.77584257194491e-05
3,"wasnt",8.87806159954261e-07
4,"wasnt",8.63146410346709e-07
5,"wasnt",8.38298856895678e-07
6,"wasnt",9.00372033724334e-07
1,"aux",8.90819393494524e-07
2,"aux",8.80706538013056e-07
3,"aux",9.76586775949687e-06
4,"aux",8.71777874450176e-05
5,"aux",8.38298856895678e-07
6,"aux",9.00372033724334e-07
1,"interruptions",9.88809526778921e-05
2,"interruptions",4.49160334386658e-05
3,"interruptions",1.86439293590395e-05
4,"interruptions",3.53890028242151e-05
5,"interruptions",8.38298856895678e-07
6,"interruptions",9.00372033724334e-07
1,"table",5.43399830031659e-05
2,"table",8.80706538013056e-07
3,"table",8.87806159954261e-07
4,"table",8.63146410346709e-07
5,"table",8.38298856895678e-07
6,"table",9.00372033724334e-07
1,"sim",0.000107789146612837
2,"sim",8.80706538013056e-07
3,"sim",8.87806159954261e-07
4,"sim",8.63146410346709e-07
5,"sim",8.38298856895678e-07
6,"sim",9.00372033724334e-07
1,"introducing",8.90819393494524e-07
2,"introducing",9.68777191814362e-06
3,"introducing",4.52781141576672e-05
4,"introducing",8.63146410346709e-07
5,"introducing",8.38298856895678e-07
6,"introducing",9.00372033724334e-07
1,"behaving",8.90819393494524e-07
2,"behaving",8.80706538013056e-07
3,"behaving",9.76586775949687e-06
4,"behaving",4.40204669276821e-05
5,"behaving",8.38298856895678e-07
6,"behaving",9.00372033724334e-07
1,"metadata",1.8707207263385e-05
2,"metadata",8.80706538013056e-07
3,"metadata",8.87806159954261e-07
4,"metadata",5.26519310311492e-05
5,"metadata",8.38298856895678e-07
6,"metadata",9.00372033724334e-07
1,"reverse",8.90819393494524e-07
2,"reverse",1.84948372982742e-05
3,"reverse",9.85464837549228e-05
4,"reverse",9.58092515484846e-05
5,"reverse",8.38298856895678e-07
6,"reverse",9.00372033724334e-07
1,"meet",8.90819393494524e-07
2,"meet",6.25301641989269e-05
3,"meet",8.87806159954261e-07
4,"meet",8.63146410346709e-07
5,"meet",8.38298856895678e-07
6,"meet",9.00372033724334e-07
1,"definately",9.79901332843977e-06
2,"definately",1.84948372982742e-05
3,"definately",1.86439293590395e-05
4,"definately",8.63146410346709e-07
5,"definately",8.38298856895678e-07
6,"definately",9.00372033724334e-07
1,"slowing",9.79901332843977e-06
2,"slowing",8.80706538013056e-07
3,"slowing",8.87806159954261e-07
4,"slowing",8.63146410346709e-07
5,"slowing",8.38298856895678e-07
6,"slowing",5.49226940571845e-05
1,"inspite",8.99727587429469e-05
2,"inspite",8.80706538013056e-07
3,"inspite",8.87806159954261e-07
4,"inspite",8.63146410346709e-07
5,"inspite",8.38298856895678e-07
6,"inspite",9.00372033724334e-07
1,"punk",3.65235951332755e-05
2,"punk",8.80706538013056e-07
3,"punk",8.87806159954261e-07
4,"punk",8.63146410346709e-07
5,"punk",8.38298856895678e-07
6,"punk",1.8907812708211e-05
1,"propaganda",8.90819393494524e-07
2,"propaganda",8.80706538013056e-07
3,"propaganda",6.30342373567525e-05
4,"propaganda",8.63146410346709e-07
5,"propaganda",8.38298856895678e-07
6,"propaganda",9.00372033724334e-07
1,"messages",8.90819393494524e-07
2,"messages",0.000194636144900885
3,"messages",2.75219909585821e-05
4,"messages",8.63146410346709e-07
5,"messages",8.38298856895678e-07
6,"messages",2.79115330454544e-05
1,"capabilities",8.90819393494524e-07
2,"capabilities",2.73019026784047e-05
3,"capabilities",8.87806159954261e-07
4,"capabilities",3.53890028242151e-05
5,"capabilities",8.38298856895678e-07
6,"capabilities",9.00372033724334e-07
1,"tremendous",9.79901332843977e-06
2,"tremendous",9.68777191814362e-06
3,"tremendous",8.87806159954261e-07
4,"tremendous",8.63146410346709e-07
5,"tremendous",3.43702531327228e-05
6,"tremendous",9.00372033724334e-07
1,"consume",8.90819393494524e-07
2,"consume",8.80706538013056e-07
3,"consume",8.87806159954261e-07
4,"consume",8.63146410346709e-07
5,"consume",9.22128742585246e-06
6,"consume",0.000117948736417888
1,"mediocre",1.8707207263385e-05
2,"mediocre",3.61089680585353e-05
3,"mediocre",8.87806159954261e-07
4,"mediocre",9.58092515484846e-05
5,"mediocre",8.38298856895678e-07
6,"mediocre",9.90409237096768e-06
1,"closer",0.000116697340547783
2,"closer",8.80706538013056e-07
3,"closer",9.76586775949687e-06
4,"closer",8.63146410346709e-07
5,"closer",8.38298856895678e-07
6,"closer",9.00372033724334e-07
1,"downfall",8.90819393494524e-07
2,"downfall",8.80706538013056e-07
3,"downfall",5.41561757572099e-05
4,"downfall",8.63146410346709e-07
5,"downfall",8.38298856895678e-07
6,"downfall",9.00372033724334e-07
1,"solving",9.79901332843977e-06
2,"solving",2.73019026784047e-05
3,"solving",8.87806159954261e-07
4,"solving",9.4946105138138e-06
5,"solving",8.38298856895678e-07
6,"solving",1.8907812708211e-05
1,"plague",4.54317890682208e-05
2,"plague",8.80706538013056e-07
3,"plague",8.87806159954261e-07
4,"plague",8.63146410346709e-07
5,"plague",8.38298856895678e-07
6,"plague",9.00372033724334e-07
1,"translated",8.90819393494524e-07
2,"translated",8.80706538013056e-07
3,"translated",8.87806159954261e-07
4,"translated",8.63146410346709e-07
5,"translated",8.38298856895678e-07
6,"translated",0.000126952456755131
1,"mp3s",8.90819393494524e-07
2,"mp3s",3.61089680585353e-05
3,"mp3s",8.87806159954261e-07
4,"mp3s",8.63146410346709e-07
5,"mp3s",9.22128742585246e-06
6,"mp3s",2.79115330454544e-05
1,"s8",5.43399830031659e-05
2,"s8",8.01442949591881e-05
3,"s8",8.87806159954261e-07
4,"s8",8.63146410346709e-07
5,"s8",8.38298856895678e-07
6,"s8",9.90409237096768e-06
1,"clients",8.90819393494524e-07
2,"clients",8.80706538013056e-07
3,"clients",8.87806159954261e-07
4,"clients",8.63146410346709e-07
5,"clients",8.38298856895678e-07
6,"clients",4.59189737199411e-05
1,"ignoring",8.90819393494524e-07
2,"ignoring",8.80706538013056e-07
3,"ignoring",8.87806159954261e-07
4,"ignoring",8.63146410346709e-07
5,"ignoring",8.38298856895678e-07
6,"ignoring",8.19338550689144e-05
1,"accepting",9.88809526778921e-05
2,"accepting",8.80706538013056e-07
3,"accepting",8.87806159954261e-07
4,"accepting",8.63146410346709e-07
5,"accepting",8.38298856895678e-07
6,"accepting",9.00372033724334e-07
1,"express",8.90819393494524e-07
2,"express",9.68777191814362e-06
3,"express",9.76586775949687e-06
4,"express",8.63146410346709e-07
5,"express",8.38298856895678e-07
6,"express",3.69152533826978e-05
1,"disappoint",8.90819393494524e-07
2,"disappoint",5.37230988187964e-05
3,"disappoint",8.87806159954261e-07
4,"disappoint",8.63146410346709e-07
5,"disappoint",8.38298856895678e-07
6,"disappoint",1.8907812708211e-05
1,"thnx",8.90819393494524e-07
2,"thnx",5.37230988187964e-05
3,"thnx",8.87806159954261e-07
4,"thnx",8.63146410346709e-07
5,"thnx",8.38298856895678e-07
6,"thnx",2.79115330454544e-05
1,"fm",8.90819393494524e-07
2,"fm",9.68777191814362e-06
3,"fm",2.75219909585821e-05
4,"fm",8.63146410346709e-07
5,"fm",1.76042759948093e-05
6,"fm",9.00372033724334e-07
1,"enjoys",3.65235951332755e-05
2,"enjoys",8.80706538013056e-07
3,"enjoys",8.87806159954261e-07
4,"enjoys",8.63146410346709e-07
5,"enjoys",9.22128742585246e-06
6,"enjoys",9.00372033724334e-07
1,"advertised",4.54317890682208e-05
2,"advertised",3.61089680585353e-05
3,"advertised",8.87806159954261e-07
4,"advertised",8.63146410346709e-07
5,"advertised",8.38298856895678e-07
6,"advertised",9.00372033724334e-07
1,"motion",4.54317890682208e-05
2,"motion",8.80706538013056e-07
3,"motion",8.87806159954261e-07
4,"motion",8.63146410346709e-07
5,"motion",8.38298856895678e-07
6,"motion",9.00372033724334e-07
1,"spotfy",8.90819393494524e-07
2,"spotfy",8.80706538013056e-07
3,"spotfy",8.87806159954261e-07
4,"spotfy",6.12833951346163e-05
5,"spotfy",8.38298856895678e-07
6,"spotfy",9.00372033724334e-07
1,"s7",9.79901332843977e-06
2,"s7",8.80706538013056e-07
3,"s7",8.87806159954261e-07
4,"s7",8.71777874450176e-05
5,"s7",8.38298856895678e-07
6,"s7",9.00372033724334e-07
1,"wreck",1.8707207263385e-05
2,"wreck",8.80706538013056e-07
3,"wreck",8.87806159954261e-07
4,"wreck",4.40204669276821e-05
5,"wreck",8.38298856895678e-07
6,"wreck",9.00372033724334e-07
1,"gospel",8.90819393494524e-07
2,"gospel",8.80706538013056e-07
3,"gospel",8.87806159954261e-07
4,"gospel",8.63146410346709e-07
5,"gospel",9.22128742585246e-06
6,"gospel",0.000126952456755131
1,"automated",8.90819393494524e-07
2,"automated",8.80706538013056e-07
3,"automated",8.87806159954261e-07
4,"automated",8.63146410346709e-07
5,"automated",8.38298856895678e-07
6,"automated",4.59189737199411e-05
1,"happier",8.90819393494524e-07
2,"happier",9.68777191814362e-06
3,"happier",8.87806159954261e-07
4,"happier",8.63146410346709e-07
5,"happier",9.22128742585246e-06
6,"happier",0.000162967338104105
1,"meanwhile",8.99727587429469e-05
2,"meanwhile",8.80706538013056e-07
3,"meanwhile",8.87806159954261e-07
4,"meanwhile",8.63146410346709e-07
5,"meanwhile",2.5987264563766e-05
6,"meanwhile",9.00372033724334e-07
1,"sanity",8.90819393494524e-07
2,"sanity",1.84948372982742e-05
3,"sanity",8.87806159954261e-07
4,"sanity",2.6757538720748e-05
5,"sanity",8.38298856895678e-07
6,"sanity",9.00372033724334e-07
1,"united",8.90819393494524e-07
2,"united",4.49160334386658e-05
3,"united",8.87806159954261e-07
4,"united",8.63146410346709e-07
5,"united",8.38298856895678e-07
6,"united",9.00372033724334e-07
1,"capacity",6.32481769381112e-05
2,"capacity",8.80706538013056e-07
3,"capacity",8.87806159954261e-07
4,"capacity",8.63146410346709e-07
5,"capacity",8.38298856895678e-07
6,"capacity",9.00372033724334e-07
1,"poco",9.79901332843977e-06
2,"poco",1.84948372982742e-05
3,"poco",8.87806159954261e-07
4,"poco",4.40204669276821e-05
5,"poco",8.38298856895678e-07
6,"poco",9.00372033724334e-07
1,"round",8.90819393494524e-07
2,"round",8.80706538013056e-07
3,"round",8.96684221553803e-05
4,"round",8.63146410346709e-07
5,"round",7.62851959775067e-05
6,"round",9.00372033724334e-07
1,"bollywood",8.90819393494524e-07
2,"bollywood",8.80706538013056e-07
3,"bollywood",8.87806159954261e-07
4,"bollywood",8.63146410346709e-07
5,"bollywood",9.22128742585246e-06
6,"bollywood",9.09375754061579e-05
1,"copy",8.90819393494524e-07
2,"copy",0.000177022014140624
3,"copy",8.87806159954261e-07
4,"copy",9.4946105138138e-06
5,"copy",8.38298856895678e-07
6,"copy",9.00372033724334e-07
1,"cmon",8.90819393494524e-07
2,"cmon",8.80706538013056e-07
3,"cmon",8.87806159954261e-07
4,"cmon",8.63146410346709e-07
5,"cmon",0.000109817150253334
6,"cmon",9.00372033724334e-07
1,"sections",8.90819393494524e-07
2,"sections",8.80706538013056e-07
3,"sections",8.87806159954261e-07
4,"sections",8.63146410346709e-07
5,"sections",8.38298856895678e-07
6,"sections",5.49226940571845e-05
1,"carplay",8.90819393494524e-07
2,"carplay",4.49160334386658e-05
3,"carplay",8.87806159954261e-07
4,"carplay",8.63146410346709e-07
5,"carplay",8.38298856895678e-07
6,"carplay",2.79115330454544e-05
1,"gift",8.90819393494524e-07
2,"gift",0.00010656549109958
3,"gift",8.87806159954261e-07
4,"gift",8.63146410346709e-07
5,"gift",8.38298856895678e-07
6,"gift",9.00372033724334e-07
1,"modify",9.79901332843977e-06
2,"modify",8.80706538013056e-07
3,"modify",6.30342373567525e-05
4,"modify",8.63146410346709e-07
5,"modify",8.38298856895678e-07
6,"modify",9.00372033724334e-07
1,"interference",8.90819393494524e-07
2,"interference",8.80706538013056e-07
3,"interference",8.87806159954261e-07
4,"interference",2.6757538720748e-05
5,"interference",8.38298856895678e-07
6,"interference",2.79115330454544e-05
1,"intact",8.90819393494524e-07
2,"intact",8.80706538013056e-07
3,"intact",4.52781141576672e-05
4,"intact",8.63146410346709e-07
5,"intact",8.38298856895678e-07
6,"intact",9.00372033724334e-07
1,"arrangement",8.90819393494524e-07
2,"arrangement",8.80706538013056e-07
3,"arrangement",8.87806159954261e-07
4,"arrangement",8.63146410346709e-07
5,"arrangement",7.62851959775067e-05
6,"arrangement",9.00372033724334e-07
1,"indicating",8.90819393494524e-07
2,"indicating",8.80706538013056e-07
3,"indicating",2.75219909585821e-05
4,"indicating",8.63146410346709e-07
5,"indicating",8.38298856895678e-07
6,"indicating",1.8907812708211e-05
1,"instructions",9.79901332843977e-06
2,"instructions",8.80706538013056e-07
3,"instructions",1.86439293590395e-05
4,"instructions",4.40204669276821e-05
5,"instructions",8.38298856895678e-07
6,"instructions",9.00372033724334e-07
1,"covering",8.90819393494524e-07
2,"covering",8.80706538013056e-07
3,"covering",4.52781141576672e-05
4,"covering",8.63146410346709e-07
5,"covering",8.38298856895678e-07
6,"covering",9.00372033724334e-07
1,"rain",1.8707207263385e-05
2,"rain",8.80706538013056e-07
3,"rain",3.64000525581247e-05
4,"rain",1.81260746172809e-05
5,"rain",8.38298856895678e-07
6,"rain",9.00372033724334e-07
1,"bothersome",8.90819393494524e-07
2,"bothersome",8.80706538013056e-07
3,"bothersome",8.87806159954261e-07
4,"bothersome",6.99148592380834e-05
5,"bothersome",8.38298856895678e-07
6,"bothersome",9.00372033724334e-07
1,"fundamental",1.8707207263385e-05
2,"fundamental",8.80706538013056e-07
3,"fundamental",9.76586775949687e-06
4,"fundamental",8.63146410346709e-07
5,"fundamental",6.790220740855e-05
6,"fundamental",9.00372033724334e-07
1,"spams",1.8707207263385e-05
2,"spams",9.68777191814362e-06
3,"spams",1.86439293590395e-05
4,"spams",8.63146410346709e-07
5,"spams",8.38298856895678e-07
6,"spams",9.00372033724334e-07
1,"occurrence",8.90819393494524e-07
2,"occurrence",2.73019026784047e-05
3,"occurrence",9.76586775949687e-06
4,"occurrence",8.63146410346709e-07
5,"occurrence",9.22128742585246e-06
6,"occurrence",9.00372033724334e-07
1,"dependent",8.90819393494524e-07
2,"dependent",8.80706538013056e-07
3,"dependent",3.64000525581247e-05
4,"dependent",8.63146410346709e-07
5,"dependent",9.22128742585246e-06
6,"dependent",9.00372033724334e-07
1,"hanging",0.000116697340547783
2,"hanging",8.80706538013056e-07
3,"hanging",8.87806159954261e-07
4,"hanging",8.63146410346709e-07
5,"hanging",2.5987264563766e-05
6,"hanging",9.00372033724334e-07
1,"sluggish",8.90819393494524e-07
2,"sluggish",8.80706538013056e-07
3,"sluggish",9.76586775949687e-06
4,"sluggish",0.000113072179755419
5,"sluggish",8.38298856895678e-07
6,"sluggish",9.90409237096768e-06
1,"coding",8.90819393494524e-07
2,"coding",8.80706538013056e-07
3,"coding",2.75219909585821e-05
4,"coding",8.63146410346709e-07
5,"coding",3.43702531327228e-05
6,"coding",9.00372033724334e-07
1,"rotation",8.90819393494524e-07
2,"rotation",8.80706538013056e-07
3,"rotation",1.86439293590395e-05
4,"rotation",8.63146410346709e-07
5,"rotation",8.38298856895678e-07
6,"rotation",6.39264143944278e-05
1,"dream",8.90819393494524e-07
2,"dream",8.80706538013056e-07
3,"dream",8.87806159954261e-07
4,"dream",8.63146410346709e-07
5,"dream",5.95192188395932e-05
6,"dream",9.00372033724334e-07
1,"expanding",8.90819393494524e-07
2,"expanding",8.80706538013056e-07
3,"expanding",4.52781141576672e-05
4,"expanding",8.63146410346709e-07
5,"expanding",8.38298856895678e-07
6,"expanding",9.00372033724334e-07
1,"dialog",3.65235951332755e-05
2,"dialog",8.80706538013056e-07
3,"dialog",8.87806159954261e-07
4,"dialog",1.81260746172809e-05
5,"dialog",9.22128742585246e-06
6,"dialog",9.00372033724334e-07
1,"outs",8.99727587429469e-05
2,"outs",9.68777191814362e-06
3,"outs",8.87806159954261e-07
4,"outs",8.63146410346709e-07
5,"outs",8.38298856895678e-07
6,"outs",9.00372033724334e-07
1,"reconsider",8.90819393494524e-07
2,"reconsider",5.37230988187964e-05
3,"reconsider",8.87806159954261e-07
4,"reconsider",8.63146410346709e-07
5,"reconsider",8.38298856895678e-07
6,"reconsider",9.00372033724334e-07
1,"foolish",2.76154011983302e-05
2,"foolish",1.84948372982742e-05
3,"foolish",8.87806159954261e-07
4,"foolish",8.63146410346709e-07
5,"foolish",8.38298856895678e-07
6,"foolish",9.00372033724334e-07
1,"notifies",8.90819393494524e-07
2,"notifies",8.80706538013056e-07
3,"notifies",8.87806159954261e-07
4,"notifies",5.26519310311492e-05
5,"notifies",8.38298856895678e-07
6,"notifies",9.00372033724334e-07
1,"10min",5.43399830031659e-05
2,"10min",8.80706538013056e-07
3,"10min",8.87806159954261e-07
4,"10min",8.63146410346709e-07
5,"10min",8.38298856895678e-07
6,"10min",9.00372033724334e-07
1,"bricks",3.65235951332755e-05
2,"bricks",8.80706538013056e-07
3,"bricks",8.87806159954261e-07
4,"bricks",8.63146410346709e-07
5,"bricks",9.22128742585246e-06
6,"bricks",9.00372033724334e-07
1,"decisions",8.90819393494524e-07
2,"decisions",3.61089680585353e-05
3,"decisions",0.000107424545354466
4,"decisions",8.63146410346709e-07
5,"decisions",8.38298856895678e-07
6,"decisions",9.00372033724334e-07
1,"stating",8.90819393494524e-07
2,"stating",8.80706538013056e-07
3,"stating",8.87806159954261e-07
4,"stating",8.63146410346709e-07
5,"stating",3.43702531327228e-05
6,"stating",2.79115330454544e-05
1,"stamp",9.79901332843977e-06
2,"stamp",8.80706538013056e-07
3,"stamp",8.87806159954261e-07
4,"stamp",4.40204669276821e-05
5,"stamp",8.38298856895678e-07
6,"stamp",9.00372033724334e-07
1,"airpods",9.79901332843977e-06
2,"airpods",8.80706538013056e-07
3,"airpods",1.86439293590395e-05
4,"airpods",2.6757538720748e-05
5,"airpods",9.22128742585246e-06
6,"airpods",9.00372033724334e-07
1,"ish",8.90819393494524e-07
2,"ish",1.84948372982742e-05
3,"ish",9.76586775949687e-06
4,"ish",5.26519310311492e-05
5,"ish",8.38298856895678e-07
6,"ish",9.00372033724334e-07
1,"strangely",3.65235951332755e-05
2,"strangely",8.80706538013056e-07
3,"strangely",8.87806159954261e-07
4,"strangely",8.63146410346709e-07
5,"strangely",8.38298856895678e-07
6,"strangely",9.90409237096768e-06
1,"browsing",8.90819393494524e-07
2,"browsing",8.80706538013056e-07
3,"browsing",0.000169570976551264
4,"browsing",9.4946105138138e-06
5,"browsing",1.76042759948093e-05
6,"browsing",9.00372033724334e-07
1,"technically",8.90819393494524e-07
2,"technically",8.80706538013056e-07
3,"technically",8.87806159954261e-07
4,"technically",8.63146410346709e-07
5,"technically",8.38298856895678e-07
6,"technically",9.09375754061579e-05
1,"approximately",8.90819393494524e-07
2,"approximately",5.37230988187964e-05
3,"approximately",8.87806159954261e-07
4,"approximately",8.63146410346709e-07
5,"approximately",8.38298856895678e-07
6,"approximately",9.00372033724334e-07
1,"aloud",9.79901332843977e-06
2,"aloud",9.68777191814362e-06
3,"aloud",8.87806159954261e-07
4,"aloud",2.6757538720748e-05
5,"aloud",8.38298856895678e-07
6,"aloud",9.90409237096768e-06
1,"stressed",3.65235951332755e-05
2,"stressed",8.80706538013056e-07
3,"stressed",8.87806159954261e-07
4,"stressed",8.63146410346709e-07
5,"stressed",8.38298856895678e-07
6,"stressed",9.90409237096768e-06
1,"wonders",8.90819393494524e-07
2,"wonders",2.73019026784047e-05
3,"wonders",8.87806159954261e-07
4,"wonders",1.81260746172809e-05
5,"wonders",8.38298856895678e-07
6,"wonders",9.00372033724334e-07
1,"records",8.90819393494524e-07
2,"records",8.80706538013056e-07
3,"records",8.87806159954261e-07
4,"records",3.53890028242151e-05
5,"records",8.38298856895678e-07
6,"records",4.59189737199411e-05
1,"paywall",8.90819393494524e-07
2,"paywall",8.01442949591881e-05
3,"paywall",9.76586775949687e-06
4,"paywall",8.63146410346709e-07
5,"paywall",8.38298856895678e-07
6,"paywall",9.00372033724334e-07
1,"lazy",0.000125605534482728
2,"lazy",8.80706538013056e-07
3,"lazy",8.87806159954261e-07
4,"lazy",8.63146410346709e-07
5,"lazy",9.22128742585246e-06
6,"lazy",9.00372033724334e-07
1,"greed",8.90819393494524e-07
2,"greed",4.49160334386658e-05
3,"greed",8.87806159954261e-07
4,"greed",8.63146410346709e-07
5,"greed",8.38298856895678e-07
6,"greed",1.8907812708211e-05
1,"uninstaller",4.54317890682208e-05
2,"uninstaller",0.000124179621859841
3,"uninstaller",8.87806159954261e-07
4,"uninstaller",8.63146410346709e-07
5,"uninstaller",8.38298856895678e-07
6,"uninstaller",9.00372033724334e-07
1,"verified",5.43399830031659e-05
2,"verified",8.80706538013056e-07
3,"verified",8.87806159954261e-07
4,"verified",8.63146410346709e-07
5,"verified",8.38298856895678e-07
6,"verified",9.00372033724334e-07
1,"dissappointed",8.90819393494524e-07
2,"dissappointed",8.80706538013056e-07
3,"dissappointed",4.52781141576672e-05
4,"dissappointed",8.63146410346709e-07
5,"dissappointed",9.22128742585246e-06
6,"dissappointed",9.00372033724334e-07
1,"politics",8.90819393494524e-07
2,"politics",0.000141793752620102
3,"politics",1.86439293590395e-05
4,"politics",8.63146410346709e-07
5,"politics",8.38298856895678e-07
6,"politics",9.00372033724334e-07
1,"nostalgia",8.90819393494524e-07
2,"nostalgia",8.80706538013056e-07
3,"nostalgia",8.87806159954261e-07
4,"nostalgia",8.63146410346709e-07
5,"nostalgia",8.38298856895678e-07
6,"nostalgia",6.39264143944278e-05
1,"adore",8.90819393494524e-07
2,"adore",8.80706538013056e-07
3,"adore",9.76586775949687e-06
4,"adore",8.63146410346709e-07
5,"adore",1.76042759948093e-05
6,"adore",6.39264143944278e-05
1,"curate",8.90819393494524e-07
2,"curate",9.68777191814362e-06
3,"curate",8.87806159954261e-07
4,"curate",8.63146410346709e-07
5,"curate",8.38298856895678e-07
6,"curate",5.49226940571845e-05
1,"goddamn",8.90819393494524e-07
2,"goddamn",8.80706538013056e-07
3,"goddamn",8.87806159954261e-07
4,"goddamn",6.99148592380834e-05
5,"goddamn",4.27532417016796e-05
6,"goddamn",9.00372033724334e-07
1,"dealt",2.76154011983302e-05
2,"dealt",3.61089680585353e-05
3,"dealt",8.87806159954261e-07
4,"dealt",8.63146410346709e-07
5,"dealt",8.38298856895678e-07
6,"dealt",9.00372033724334e-07
1,"youtubes",8.90819393494524e-07
2,"youtubes",8.80706538013056e-07
3,"youtubes",3.64000525581247e-05
4,"youtubes",8.63146410346709e-07
5,"youtubes",8.38298856895678e-07
6,"youtubes",9.90409237096768e-06
1,"queueing",8.90819393494524e-07
2,"queueing",4.49160334386658e-05
3,"queueing",9.76586775949687e-06
4,"queueing",8.63146410346709e-07
5,"queueing",8.38298856895678e-07
6,"queueing",9.00372033724334e-07
1,"characters",7.21563708730564e-05
2,"characters",8.80706538013056e-07
3,"characters",8.87806159954261e-07
4,"characters",8.63146410346709e-07
5,"characters",8.38298856895678e-07
6,"characters",9.00372033724334e-07
1,"lf",8.90819393494524e-07
2,"lf",8.80706538013056e-07
3,"lf",8.87806159954261e-07
4,"lf",8.63146410346709e-07
5,"lf",4.27532417016796e-05
6,"lf",9.00372033724334e-07
1,"longest",5.43399830031659e-05
2,"longest",8.80706538013056e-07
3,"longest",1.86439293590395e-05
4,"longest",8.63146410346709e-07
5,"longest",8.38298856895678e-07
6,"longest",9.00372033724334e-07
1,"ngl",8.90819393494524e-07
2,"ngl",8.80706538013056e-07
3,"ngl",0.000107424545354466
4,"ngl",8.63146410346709e-07
5,"ngl",9.22128742585246e-06
6,"ngl",9.90409237096768e-06
1,"condition",2.76154011983302e-05
2,"condition",1.84948372982742e-05
3,"condition",8.87806159954261e-07
4,"condition",8.63146410346709e-07
5,"condition",8.38298856895678e-07
6,"condition",9.00372033724334e-07
1,"5star",9.79901332843977e-06
2,"5star",8.80706538013056e-07
3,"5star",3.64000525581247e-05
4,"5star",8.63146410346709e-07
5,"5star",1.76042759948093e-05
6,"5star",9.00372033724334e-07
1,"throat",8.90819393494524e-07
2,"throat",9.68777191814362e-06
3,"throat",8.87806159954261e-07
4,"throat",1.81260746172809e-05
5,"throat",5.11362302706364e-05
6,"throat",9.00372033724334e-07
1,"occur",8.90819393494524e-07
2,"occur",8.80706538013056e-07
3,"occur",8.87806159954261e-07
4,"occur",0.000104440715651952
5,"occur",8.38298856895678e-07
6,"occur",9.90409237096768e-06
1,"varieties",9.79901332843977e-06
2,"varieties",8.80706538013056e-07
3,"varieties",8.87806159954261e-07
4,"varieties",4.40204669276821e-05
5,"varieties",8.38298856895678e-07
6,"varieties",3.69152533826978e-05
1,"brutal",8.90819393494524e-07
2,"brutal",5.37230988187964e-05
3,"brutal",8.87806159954261e-07
4,"brutal",8.63146410346709e-07
5,"brutal",8.38298856895678e-07
6,"brutal",9.00372033724334e-07
1,"somgs",8.90819393494524e-07
2,"somgs",8.80706538013056e-07
3,"somgs",4.52781141576672e-05
4,"somgs",8.63146410346709e-07
5,"somgs",9.22128742585246e-06
6,"somgs",9.00372033724334e-07
1,"ran",8.90819393494524e-07
2,"ran",8.80706538013056e-07
3,"ran",0.000169570976551264
4,"ran",8.63146410346709e-07
5,"ran",9.22128742585246e-06
6,"ran",3.69152533826978e-05
1,"expires",8.90819393494524e-07
2,"expires",9.68777191814362e-06
3,"expires",8.87806159954261e-07
4,"expires",8.63146410346709e-07
5,"expires",1.76042759948093e-05
6,"expires",2.79115330454544e-05
1,"announced",8.90819393494524e-07
2,"announced",4.49160334386658e-05
3,"announced",8.87806159954261e-07
4,"announced",8.63146410346709e-07
5,"announced",8.38298856895678e-07
6,"announced",9.00372033724334e-07
1,"instant",8.90819393494524e-07
2,"instant",1.84948372982742e-05
3,"instant",8.87806159954261e-07
4,"instant",8.63146410346709e-07
5,"instant",9.22128742585246e-06
6,"instant",7.29301347316712e-05
1,"asf",8.90819393494524e-07
2,"asf",8.80706538013056e-07
3,"asf",8.87806159954261e-07
4,"asf",8.63146410346709e-07
5,"asf",7.62851959775067e-05
6,"asf",9.00372033724334e-07
1,"featured",2.76154011983302e-05
2,"featured",9.68777191814362e-06
3,"featured",8.87806159954261e-07
4,"featured",8.63146410346709e-07
5,"featured",4.27532417016796e-05
6,"featured",9.00372033724334e-07
1,"samples",8.90819393494524e-07
2,"samples",9.68777191814362e-06
3,"samples",9.76586775949687e-06
4,"samples",8.63146410346709e-07
5,"samples",5.95192188395932e-05
6,"samples",9.00372033724334e-07
1,"wished",8.90819393494524e-07
2,"wished",2.73019026784047e-05
3,"wished",8.87806159954261e-07
4,"wished",8.63146410346709e-07
5,"wished",8.38298856895678e-07
6,"wished",0.000108945016080645
1,"xx",8.90819393494524e-07
2,"xx",3.61089680585353e-05
3,"xx",9.76586775949687e-06
4,"xx",8.63146410346709e-07
5,"xx",8.38298856895678e-07
6,"xx",9.00372033724334e-07
1,"theyve",8.90819393494524e-07
2,"theyve",1.84948372982742e-05
3,"theyve",8.87806159954261e-07
4,"theyve",2.6757538720748e-05
5,"theyve",8.38298856895678e-07
6,"theyve",9.00372033724334e-07
1,"comfort",8.90819393494524e-07
2,"comfort",8.80706538013056e-07
3,"comfort",8.87806159954261e-07
4,"comfort",8.63146410346709e-07
5,"comfort",8.38298856895678e-07
6,"comfort",0.000108945016080645
1,"ate",8.90819393494524e-07
2,"ate",5.37230988187964e-05
3,"ate",8.87806159954261e-07
4,"ate",8.63146410346709e-07
5,"ate",8.38298856895678e-07
6,"ate",9.00372033724334e-07
1,"notify",8.90819393494524e-07
2,"notify",4.49160334386658e-05
3,"notify",8.87806159954261e-07
4,"notify",8.63146410346709e-07
5,"notify",1.76042759948093e-05
6,"notify",9.00372033724334e-07
1,"follows",8.90819393494524e-07
2,"follows",8.80706538013056e-07
3,"follows",8.87806159954261e-07
4,"follows",8.63146410346709e-07
5,"follows",5.95192188395932e-05
6,"follows",9.00372033724334e-07
1,"outrageous",5.43399830031659e-05
2,"outrageous",1.84948372982742e-05
3,"outrageous",9.76586775949687e-06
4,"outrageous",8.63146410346709e-07
5,"outrageous",8.38298856895678e-07
6,"outrageous",9.00372033724334e-07
1,"reliability",8.90819393494524e-07
2,"reliability",9.68777191814362e-06
3,"reliability",8.87806159954261e-07
4,"reliability",9.58092515484846e-05
5,"reliability",8.38298856895678e-07
6,"reliability",9.00372033724334e-07
1,"slick",8.90819393494524e-07
2,"slick",8.80706538013056e-07
3,"slick",4.52781141576672e-05
4,"slick",8.63146410346709e-07
5,"slick",8.38298856895678e-07
6,"slick",9.00372033724334e-07
1,"requirements",8.90819393494524e-07
2,"requirements",6.25301641989269e-05
3,"requirements",8.87806159954261e-07
4,"requirements",8.63146410346709e-07
5,"requirements",8.38298856895678e-07
6,"requirements",9.00372033724334e-07
1,"reorganize",8.90819393494524e-07
2,"reorganize",8.80706538013056e-07
3,"reorganize",6.30342373567525e-05
4,"reorganize",8.63146410346709e-07
5,"reorganize",8.38298856895678e-07
6,"reorganize",9.00372033724334e-07
1,"fitness",3.65235951332755e-05
2,"fitness",8.80706538013056e-07
3,"fitness",8.87806159954261e-07
4,"fitness",9.4946105138138e-06
5,"fitness",8.38298856895678e-07
6,"fitness",9.00372033724334e-07
1,"unhappy",0.000161238310222509
2,"unhappy",8.80706538013056e-07
3,"unhappy",1.86439293590395e-05
4,"unhappy",3.53890028242151e-05
5,"unhappy",8.38298856895678e-07
6,"unhappy",9.90409237096768e-06
1,"miles",8.90819393494524e-07
2,"miles",8.80706538013056e-07
3,"miles",8.87806159954261e-07
4,"miles",4.40204669276821e-05
5,"miles",8.38298856895678e-07
6,"miles",9.90409237096768e-06
1,"consent",8.90819393494524e-07
2,"consent",5.37230988187964e-05
3,"consent",8.87806159954261e-07
4,"consent",8.63146410346709e-07
5,"consent",2.5987264563766e-05
6,"consent",9.00372033724334e-07
1,"supporter",8.90819393494524e-07
2,"supporter",8.80706538013056e-07
3,"supporter",9.76586775949687e-06
4,"supporter",3.53890028242151e-05
5,"supporter",8.38298856895678e-07
6,"supporter",9.00372033724334e-07
1,"beta",5.43399830031659e-05
2,"beta",8.80706538013056e-07
3,"beta",0.000169570976551264
4,"beta",8.63146410346709e-07
5,"beta",8.38298856895678e-07
6,"beta",9.00372033724334e-07
1,"consumer",8.90819393494524e-07
2,"consumer",8.80706538013056e-07
3,"consumer",8.87806159954261e-07
4,"consumer",8.63146410346709e-07
5,"consumer",8.38298856895678e-07
6,"consumer",7.29301347316712e-05
1,"rediculous",8.90819393494524e-07
2,"rediculous",9.68777191814362e-06
3,"rediculous",3.64000525581247e-05
4,"rediculous",2.6757538720748e-05
5,"rediculous",8.38298856895678e-07
6,"rediculous",9.00372033724334e-07
1,"holy",8.90819393494524e-07
2,"holy",8.80706538013056e-07
3,"holy",8.87806159954261e-07
4,"holy",8.63146410346709e-07
5,"holy",2.5987264563766e-05
6,"holy",7.29301347316712e-05
1,"taps",8.90819393494524e-07
2,"taps",8.80706538013056e-07
3,"taps",8.87806159954261e-07
4,"taps",8.63146410346709e-07
5,"taps",4.27532417016796e-05
6,"taps",2.79115330454544e-05
1,"c'mon",4.54317890682208e-05
2,"c'mon",1.84948372982742e-05
3,"c'mon",8.87806159954261e-07
4,"c'mon",8.63146410346709e-07
5,"c'mon",3.43702531327228e-05
6,"c'mon",9.00372033724334e-07
1,"twenty-four",8.90819393494524e-07
2,"twenty-four",0.00011537255647971
3,"twenty-four",8.87806159954261e-07
4,"twenty-four",8.63146410346709e-07
5,"twenty-four",2.5987264563766e-05
6,"twenty-four",9.00372033724334e-07
1,"grateful",8.90819393494524e-07
2,"grateful",8.80706538013056e-07
3,"grateful",8.87806159954261e-07
4,"grateful",8.63146410346709e-07
5,"grateful",8.38298856895678e-07
6,"grateful",0.000153963617766861
1,"earn",8.90819393494524e-07
2,"earn",8.80706538013056e-07
3,"earn",1.86439293590395e-05
4,"earn",8.63146410346709e-07
5,"earn",9.22128742585246e-06
6,"earn",3.69152533826978e-05
1,"wallet",8.90819393494524e-07
2,"wallet",8.80706538013056e-07
3,"wallet",9.76586775949687e-06
4,"wallet",8.63146410346709e-07
5,"wallet",8.38298856895678e-07
6,"wallet",5.49226940571845e-05
1,"daniel",8.90819393494524e-07
2,"daniel",8.80706538013056e-07
3,"daniel",8.87806159954261e-07
4,"daniel",8.63146410346709e-07
5,"daniel",8.38298856895678e-07
6,"daniel",6.39264143944278e-05
1,"ek",8.90819393494524e-07
2,"ek",8.80706538013056e-07
3,"ek",6.30342373567525e-05
4,"ek",8.63146410346709e-07
5,"ek",8.38298856895678e-07
6,"ek",2.79115330454544e-05
1,"recomendations",8.90819393494524e-07
2,"recomendations",1.84948372982742e-05
3,"recomendations",1.86439293590395e-05
4,"recomendations",8.63146410346709e-07
5,"recomendations",8.38298856895678e-07
6,"recomendations",9.90409237096768e-06
1,"reflecting",8.90819393494524e-07
2,"reflecting",4.49160334386658e-05
3,"reflecting",8.87806159954261e-07
4,"reflecting",8.63146410346709e-07
5,"reflecting",8.38298856895678e-07
6,"reflecting",9.00372033724334e-07
1,"reboots",9.79901332843977e-06
2,"reboots",2.73019026784047e-05
3,"reboots",8.87806159954261e-07
4,"reboots",1.81260746172809e-05
5,"reboots",8.38298856895678e-07
6,"reboots",9.00372033724334e-07
1,"beat",4.54317890682208e-05
2,"beat",8.80706538013056e-07
3,"beat",1.86439293590395e-05
4,"beat",8.63146410346709e-07
5,"beat",8.38298856895678e-07
6,"beat",0.000126952456755131
1,"curates",8.90819393494524e-07
2,"curates",8.80706538013056e-07
3,"curates",8.87806159954261e-07
4,"curates",8.63146410346709e-07
5,"curates",8.38298856895678e-07
6,"curates",5.49226940571845e-05
1,"inconveniences",8.90819393494524e-07
2,"inconveniences",6.25301641989269e-05
3,"inconveniences",8.87806159954261e-07
4,"inconveniences",8.63146410346709e-07
5,"inconveniences",8.38298856895678e-07
6,"inconveniences",9.00372033724334e-07
1,"concerns",4.54317890682208e-05
2,"concerns",1.84948372982742e-05
3,"concerns",8.87806159954261e-07
4,"concerns",8.63146410346709e-07
5,"concerns",8.38298856895678e-07
6,"concerns",2.79115330454544e-05
1,"thw",3.65235951332755e-05
2,"thw",8.80706538013056e-07
3,"thw",9.76586775949687e-06
4,"thw",8.63146410346709e-07
5,"thw",8.38298856895678e-07
6,"thw",9.90409237096768e-06
1,"riding",3.65235951332755e-05
2,"riding",8.80706538013056e-07
3,"riding",8.87806159954261e-07
4,"riding",8.63146410346709e-07
5,"riding",1.76042759948093e-05
6,"riding",9.00372033724334e-07
1,"tend",8.90819393494524e-07
2,"tend",9.68777191814362e-06
3,"tend",8.87806159954261e-07
4,"tend",8.63146410346709e-07
5,"tend",8.38298856895678e-07
6,"tend",0.000153963617766861
1,"worthy",8.90819393494524e-07
2,"worthy",8.80706538013056e-07
3,"worthy",8.07903605558377e-05
4,"worthy",8.63146410346709e-07
5,"worthy",8.38298856895678e-07
6,"worthy",9.00372033724334e-07
1,"butt",8.90819393494524e-07
2,"butt",8.80706538013056e-07
3,"butt",8.87806159954261e-07
4,"butt",6.12833951346163e-05
5,"butt",8.38298856895678e-07
6,"butt",9.00372033724334e-07
1,"unrestricted",8.90819393494524e-07
2,"unrestricted",1.84948372982742e-05
3,"unrestricted",2.75219909585821e-05
4,"unrestricted",8.63146410346709e-07
5,"unrestricted",8.38298856895678e-07
6,"unrestricted",9.00372033724334e-07
1,"unistalled",1.8707207263385e-05
2,"unistalled",9.68777191814362e-06
3,"unistalled",8.87806159954261e-07
4,"unistalled",2.6757538720748e-05
5,"unistalled",8.38298856895678e-07
6,"unistalled",9.00372033724334e-07
1,"tryna",8.90819393494524e-07
2,"tryna",8.80706538013056e-07
3,"tryna",8.87806159954261e-07
4,"tryna",8.63146410346709e-07
5,"tryna",8.38298856895678e-07
6,"tryna",6.39264143944278e-05
1,"hella",8.90819393494524e-07
2,"hella",8.80706538013056e-07
3,"hella",0.000107424545354466
4,"hella",8.63146410346709e-07
5,"hella",5.11362302706364e-05
6,"hella",9.00372033724334e-07
1,"convert",8.90819393494524e-07
2,"convert",8.80706538013056e-07
3,"convert",8.87806159954261e-07
4,"convert",8.63146410346709e-07
5,"convert",8.38298856895678e-07
6,"convert",4.59189737199411e-05
1,"stoping",8.90819393494524e-07
2,"stoping",8.80706538013056e-07
3,"stoping",9.85464837549228e-05
4,"stoping",8.63146410346709e-07
5,"stoping",8.38298856895678e-07
6,"stoping",9.00372033724334e-07
1,"smth",8.90819393494524e-07
2,"smth",8.80706538013056e-07
3,"smth",1.86439293590395e-05
4,"smth",8.63146410346709e-07
5,"smth",4.27532417016796e-05
6,"smth",9.00372033724334e-07
1,"profiles",2.76154011983302e-05
2,"profiles",5.37230988187964e-05
3,"profiles",8.87806159954261e-07
4,"profiles",8.63146410346709e-07
5,"profiles",8.38298856895678e-07
6,"profiles",9.00372033724334e-07
1,"stucks",5.43399830031659e-05
2,"stucks",8.80706538013056e-07
3,"stucks",8.87806159954261e-07
4,"stucks",8.63146410346709e-07
5,"stucks",8.38298856895678e-07
6,"stucks",9.00372033724334e-07
1,"maintenance",8.90819393494524e-07
2,"maintenance",5.37230988187964e-05
3,"maintenance",8.87806159954261e-07
4,"maintenance",8.63146410346709e-07
5,"maintenance",8.38298856895678e-07
6,"maintenance",9.00372033724334e-07
1,"cases",8.90819393494524e-07
2,"cases",3.61089680585353e-05
3,"cases",8.87806159954261e-07
4,"cases",8.63146410346709e-07
5,"cases",1.76042759948093e-05
6,"cases",9.90409237096768e-06
1,"recognized",8.90819393494524e-07
2,"recognized",8.80706538013056e-07
3,"recognized",8.87806159954261e-07
4,"recognized",8.63146410346709e-07
5,"recognized",8.38298856895678e-07
6,"recognized",5.49226940571845e-05
1,"heaps",8.90819393494524e-07
2,"heaps",5.37230988187964e-05
3,"heaps",3.64000525581247e-05
4,"heaps",8.63146410346709e-07
5,"heaps",8.38298856895678e-07
6,"heaps",9.00372033724334e-07
1,"malfunction",8.90819393494524e-07
2,"malfunction",6.25301641989269e-05
3,"malfunction",8.87806159954261e-07
4,"malfunction",8.63146410346709e-07
5,"malfunction",8.38298856895678e-07
6,"malfunction",9.00372033724334e-07
1,"designer",8.90819393494524e-07
2,"designer",8.80706538013056e-07
3,"designer",4.52781141576672e-05
4,"designer",8.63146410346709e-07
5,"designer",8.38298856895678e-07
6,"designer",9.00372033724334e-07
1,"stale",9.79901332843977e-06
2,"stale",8.80706538013056e-07
3,"stale",3.64000525581247e-05
4,"stale",8.63146410346709e-07
5,"stale",8.38298856895678e-07
6,"stale",9.00372033724334e-07
1,"cake",8.90819393494524e-07
2,"cake",8.80706538013056e-07
3,"cake",8.87806159954261e-07
4,"cake",8.63146410346709e-07
5,"cake",8.38298856895678e-07
6,"cake",6.39264143944278e-05
1,"offerings",8.90819393494524e-07
2,"offerings",8.80706538013056e-07
3,"offerings",8.87806159954261e-07
4,"offerings",8.63146410346709e-07
5,"offerings",8.38298856895678e-07
6,"offerings",4.59189737199411e-05
1,"ost",2.76154011983302e-05
2,"ost",8.80706538013056e-07
3,"ost",8.87806159954261e-07
4,"ost",8.63146410346709e-07
5,"ost",3.43702531327228e-05
6,"ost",9.00372033724334e-07
1,"porn",5.43399830031659e-05
2,"porn",8.80706538013056e-07
3,"porn",8.87806159954261e-07
4,"porn",8.63146410346709e-07
5,"porn",8.38298856895678e-07
6,"porn",9.00372033724334e-07
1,"faves",8.90819393494524e-07
2,"faves",5.37230988187964e-05
3,"faves",8.87806159954261e-07
4,"faves",8.63146410346709e-07
5,"faves",8.38298856895678e-07
6,"faves",9.00372033724334e-07
1,"hip",8.90819393494524e-07
2,"hip",8.80706538013056e-07
3,"hip",1.86439293590395e-05
4,"hip",8.63146410346709e-07
5,"hip",8.38298856895678e-07
6,"hip",9.09375754061579e-05
1,"hop",8.90819393494524e-07
2,"hop",8.80706538013056e-07
3,"hop",8.87806159954261e-07
4,"hop",8.63146410346709e-07
5,"hop",8.38298856895678e-07
6,"hop",0.000126952456755131
1,"thay",9.79901332843977e-06
2,"thay",8.80706538013056e-07
3,"thay",8.87806159954261e-07
4,"thay",8.63146410346709e-07
5,"thay",8.38298856895678e-07
6,"thay",3.69152533826978e-05
1,"stwotwo",8.90819393494524e-07
2,"stwotwo",8.80706538013056e-07
3,"stwotwo",8.87806159954261e-07
4,"stwotwo",8.63146410346709e-07
5,"stwotwo",4.27532417016796e-05
6,"stwotwo",9.00372033724334e-07
1,"androids",8.90819393494524e-07
2,"androids",6.25301641989269e-05
3,"androids",8.87806159954261e-07
4,"androids",8.63146410346709e-07
5,"androids",8.38298856895678e-07
6,"androids",9.00372033724334e-07
1,"rounded",4.54317890682208e-05
2,"rounded",8.80706538013056e-07
3,"rounded",8.87806159954261e-07
4,"rounded",8.63146410346709e-07
5,"rounded",8.38298856895678e-07
6,"rounded",9.00372033724334e-07
1,"motorcycle",9.79901332843977e-06
2,"motorcycle",8.80706538013056e-07
3,"motorcycle",9.76586775949687e-06
4,"motorcycle",8.63146410346709e-07
5,"motorcycle",3.43702531327228e-05
6,"motorcycle",9.00372033724334e-07
1,"infinitely",8.90819393494524e-07
2,"infinitely",8.80706538013056e-07
3,"infinitely",9.76586775949687e-06
4,"infinitely",8.63146410346709e-07
5,"infinitely",2.5987264563766e-05
6,"infinitely",1.8907812708211e-05
1,"peacefully",8.90819393494524e-07
2,"peacefully",9.68777191814362e-06
3,"peacefully",4.52781141576672e-05
4,"peacefully",9.4946105138138e-06
5,"peacefully",5.11362302706364e-05
6,"peacefully",9.00372033724334e-07
1,"straw",8.90819393494524e-07
2,"straw",0.000124179621859841
3,"straw",8.87806159954261e-07
4,"straw",8.63146410346709e-07
5,"straw",8.38298856895678e-07
6,"straw",9.00372033724334e-07
1,"noise",8.90819393494524e-07
2,"noise",0.000141793752620102
3,"noise",8.87806159954261e-07
4,"noise",8.63146410346709e-07
5,"noise",8.38298856895678e-07
6,"noise",9.00372033724334e-07
1,"reminding",8.90819393494524e-07
2,"reminding",3.61089680585353e-05
3,"reminding",9.76586775949687e-06
4,"reminding",8.63146410346709e-07
5,"reminding",8.38298856895678e-07
6,"reminding",9.00372033724334e-07
1,"denied",0.000107789146612837
2,"denied",8.80706538013056e-07
3,"denied",8.87806159954261e-07
4,"denied",8.63146410346709e-07
5,"denied",8.38298856895678e-07
6,"denied",9.00372033724334e-07
1,"subs",8.90819393494524e-07
2,"subs",8.80706538013056e-07
3,"subs",9.76586775949687e-06
4,"subs",8.63146410346709e-07
5,"subs",8.38298856895678e-07
6,"subs",5.49226940571845e-05
1,"bout",8.10645648080017e-05
2,"bout",8.80706538013056e-07
3,"bout",8.87806159954261e-07
4,"bout",8.63146410346709e-07
5,"bout",8.38298856895678e-07
6,"bout",9.00372033724334e-07
1,"description",8.90819393494524e-07
2,"description",8.80706538013056e-07
3,"description",8.87806159954261e-07
4,"description",8.63146410346709e-07
5,"description",9.30511731154204e-05
6,"description",9.90409237096768e-06
1,"om",8.90819393494524e-07
2,"om",8.80706538013056e-07
3,"om",8.87806159954261e-07
4,"om",8.63146410346709e-07
5,"om",3.43702531327228e-05
6,"om",1.8907812708211e-05
1,"worlds",8.90819393494524e-07
2,"worlds",8.80706538013056e-07
3,"worlds",8.87806159954261e-07
4,"worlds",8.63146410346709e-07
5,"worlds",8.38298856895678e-07
6,"worlds",4.59189737199411e-05
1,"that'd",1.8707207263385e-05
2,"that'd",8.01442949591881e-05
3,"that'd",8.87806159954261e-07
4,"that'd",8.63146410346709e-07
5,"that'd",8.38298856895678e-07
6,"that'd",9.00372033724334e-07
1,"illegal",8.90819393494524e-07
2,"illegal",8.01442949591881e-05
3,"illegal",8.87806159954261e-07
4,"illegal",8.63146410346709e-07
5,"illegal",8.38298856895678e-07
6,"illegal",9.90409237096768e-06
1,"excelent",8.90819393494524e-07
2,"excelent",8.80706538013056e-07
3,"excelent",4.52781141576672e-05
4,"excelent",8.63146410346709e-07
5,"excelent",8.38298856895678e-07
6,"excelent",9.00372033724334e-07
1,"fuming",1.8707207263385e-05
2,"fuming",8.80706538013056e-07
3,"fuming",9.76586775949687e-06
4,"fuming",8.63146410346709e-07
5,"fuming",1.76042759948093e-05
6,"fuming",9.00372033724334e-07
1,"oldest",8.90819393494524e-07
2,"oldest",8.80706538013056e-07
3,"oldest",0.000160692914951721
4,"oldest",5.26519310311492e-05
5,"oldest",8.38298856895678e-07
6,"oldest",9.00372033724334e-07
1,"hole",8.90819393494524e-07
2,"hole",8.80706538013056e-07
3,"hole",8.87806159954261e-07
4,"hole",8.63146410346709e-07
5,"hole",9.30511731154204e-05
6,"hole",9.00372033724334e-07
1,"downgraded",8.90819393494524e-07
2,"downgraded",8.80706538013056e-07
3,"downgraded",9.76586775949687e-06
4,"downgraded",4.40204669276821e-05
5,"downgraded",5.95192188395932e-05
6,"downgraded",9.00372033724334e-07
1,"tweaking",4.54317890682208e-05
2,"tweaking",8.80706538013056e-07
3,"tweaking",8.87806159954261e-07
4,"tweaking",8.63146410346709e-07
5,"tweaking",8.38298856895678e-07
6,"tweaking",9.00372033724334e-07
1,"worsening",4.54317890682208e-05
2,"worsening",8.80706538013056e-07
3,"worsening",8.87806159954261e-07
4,"worsening",8.63146410346709e-07
5,"worsening",8.38298856895678e-07
6,"worsening",9.00372033724334e-07
1,"sales",8.90819393494524e-07
2,"sales",1.84948372982742e-05
3,"sales",2.75219909585821e-05
4,"sales",8.63146410346709e-07
5,"sales",8.38298856895678e-07
6,"sales",9.00372033724334e-07
1,"extras",8.90819393494524e-07
2,"extras",8.80706538013056e-07
3,"extras",8.87806159954261e-07
4,"extras",8.63146410346709e-07
5,"extras",8.38298856895678e-07
6,"extras",6.39264143944278e-05
1,"uk",8.90819393494524e-07
2,"uk",4.49160334386658e-05
3,"uk",8.87806159954261e-07
4,"uk",6.99148592380834e-05
5,"uk",1.76042759948093e-05
6,"uk",9.90409237096768e-06
1,"treated",8.90819393494524e-07
2,"treated",4.49160334386658e-05
3,"treated",8.87806159954261e-07
4,"treated",8.63146410346709e-07
5,"treated",8.38298856895678e-07
6,"treated",9.00372033724334e-07
1,"avid",8.90819393494524e-07
2,"avid",8.80706538013056e-07
3,"avid",8.96684221553803e-05
4,"avid",8.63146410346709e-07
5,"avid",8.38298856895678e-07
6,"avid",9.00372033724334e-07
1,"plzz",9.88809526778921e-05
2,"plzz",8.80706538013056e-07
3,"plzz",8.87806159954261e-07
4,"plzz",8.63146410346709e-07
5,"plzz",8.38298856895678e-07
6,"plzz",1.8907812708211e-05
1,"responsibility",8.90819393494524e-07
2,"responsibility",8.01442949591881e-05
3,"responsibility",8.87806159954261e-07
4,"responsibility",8.63146410346709e-07
5,"responsibility",8.38298856895678e-07
6,"responsibility",9.00372033724334e-07
1,"disgusted",8.90819393494524e-07
2,"disgusted",1.84948372982742e-05
3,"disgusted",8.87806159954261e-07
4,"disgusted",8.63146410346709e-07
5,"disgusted",9.22128742585246e-06
6,"disgusted",1.8907812708211e-05
1,"anyhow",8.90819393494524e-07
2,"anyhow",8.80706538013056e-07
3,"anyhow",8.87806159954261e-07
4,"anyhow",8.63146410346709e-07
5,"anyhow",8.38298856895678e-07
6,"anyhow",5.49226940571845e-05
1,"failures",1.8707207263385e-05
2,"failures",8.80706538013056e-07
3,"failures",8.87806159954261e-07
4,"failures",8.63146410346709e-07
5,"failures",1.76042759948093e-05
6,"failures",1.8907812708211e-05
1,"pair",8.90819393494524e-07
2,"pair",8.80706538013056e-07
3,"pair",8.87806159954261e-07
4,"pair",8.63146410346709e-07
5,"pair",8.38298856895678e-07
6,"pair",0.000144959897429618
1,"uhm",8.90819393494524e-07
2,"uhm",8.80706538013056e-07
3,"uhm",8.87806159954261e-07
4,"uhm",8.63146410346709e-07
5,"uhm",8.38298856895678e-07
6,"uhm",5.49226940571845e-05
1,"5gb",5.43399830031659e-05
2,"5gb",1.84948372982742e-05
3,"5gb",8.87806159954261e-07
4,"5gb",8.63146410346709e-07
5,"5gb",8.38298856895678e-07
6,"5gb",9.00372033724334e-07
1,"followers",8.90819393494524e-07
2,"followers",9.68777191814362e-06
3,"followers",8.87806159954261e-07
4,"followers",4.40204669276821e-05
5,"followers",8.38298856895678e-07
6,"followers",9.00372033724334e-07
1,"in-car",8.90819393494524e-07
2,"in-car",5.37230988187964e-05
3,"in-car",8.87806159954261e-07
4,"in-car",8.63146410346709e-07
5,"in-car",8.38298856895678e-07
6,"in-car",9.00372033724334e-07
1,"blocks",8.10645648080017e-05
2,"blocks",8.80706538013056e-07
3,"blocks",8.87806159954261e-07
4,"blocks",8.63146410346709e-07
5,"blocks",8.38298856895678e-07
6,"blocks",9.00372033724334e-07
1,"wheel",8.90819393494524e-07
2,"wheel",0.000177022014140624
3,"wheel",8.87806159954261e-07
4,"wheel",9.4946105138138e-06
5,"wheel",8.38298856895678e-07
6,"wheel",9.00372033724334e-07
1,"remarkable",8.90819393494524e-07
2,"remarkable",8.80706538013056e-07
3,"remarkable",3.64000525581247e-05
4,"remarkable",8.63146410346709e-07
5,"remarkable",8.38298856895678e-07
6,"remarkable",9.90409237096768e-06
1,"interaction",8.90819393494524e-07
2,"interaction",8.80706538013056e-07
3,"interaction",9.76586775949687e-06
4,"interaction",0.000113072179755419
5,"interaction",8.38298856895678e-07
6,"interaction",9.00372033724334e-07
1,"disturb",9.79901332843977e-06
2,"disturb",8.80706538013056e-07
3,"disturb",8.87806159954261e-07
4,"disturb",8.63146410346709e-07
5,"disturb",4.27532417016796e-05
6,"disturb",9.00372033724334e-07
1,"irritate",3.65235951332755e-05
2,"irritate",9.68777191814362e-06
3,"irritate",9.76586775949687e-06
4,"irritate",8.63146410346709e-07
5,"irritate",8.38298856895678e-07
6,"irritate",9.00372033724334e-07
1,"familiar",8.90819393494524e-07
2,"familiar",8.80706538013056e-07
3,"familiar",8.87806159954261e-07
4,"familiar",8.63146410346709e-07
5,"familiar",4.27532417016796e-05
6,"familiar",9.00372033724334e-07
1,"blown",8.90819393494524e-07
2,"blown",8.80706538013056e-07
3,"blown",7.19122989562951e-05
4,"blown",8.63146410346709e-07
5,"blown",9.22128742585246e-06
6,"blown",9.00372033724334e-07
1,"employee",8.90819393494524e-07
2,"employee",8.80706538013056e-07
3,"employee",8.87806159954261e-07
4,"employee",3.53890028242151e-05
5,"employee",9.22128742585246e-06
6,"employee",9.00372033724334e-07
1,"culture",8.90819393494524e-07
2,"culture",8.80706538013056e-07
3,"culture",8.87806159954261e-07
4,"culture",8.63146410346709e-07
5,"culture",8.38298856895678e-07
6,"culture",0.000180974778778591
1,"sliding",8.90819393494524e-07
2,"sliding",8.80706538013056e-07
3,"sliding",6.30342373567525e-05
4,"sliding",8.63146410346709e-07
5,"sliding",8.38298856895678e-07
6,"sliding",9.00372033724334e-07
1,"duh",3.65235951332755e-05
2,"duh",8.80706538013056e-07
3,"duh",1.86439293590395e-05
4,"duh",8.63146410346709e-07
5,"duh",8.38298856895678e-07
6,"duh",9.00372033724334e-07
1,"plalist",8.90819393494524e-07
2,"plalist",8.80706538013056e-07
3,"plalist",2.75219909585821e-05
4,"plalist",2.6757538720748e-05
5,"plalist",8.38298856895678e-07
6,"plalist",9.00372033724334e-07
1,"disagree",8.90819393494524e-07
2,"disagree",6.25301641989269e-05
3,"disagree",8.87806159954261e-07
4,"disagree",8.63146410346709e-07
5,"disagree",8.38298856895678e-07
6,"disagree",9.00372033724334e-07
1,"gadget",8.90819393494524e-07
2,"gadget",8.80706538013056e-07
3,"gadget",8.87806159954261e-07
4,"gadget",8.63146410346709e-07
5,"gadget",4.27532417016796e-05
6,"gadget",9.00372033724334e-07
1,"ik",1.8707207263385e-05
2,"ik",8.80706538013056e-07
3,"ik",8.87806159954261e-07
4,"ik",8.63146410346709e-07
5,"ik",8.38298856895678e-07
6,"ik",2.79115330454544e-05
1,"se",8.90819393494524e-07
2,"se",2.73019026784047e-05
3,"se",8.87806159954261e-07
4,"se",8.63146410346709e-07
5,"se",8.38298856895678e-07
6,"se",1.8907812708211e-05
1,"exits",4.54317890682208e-05
2,"exits",8.80706538013056e-07
3,"exits",8.87806159954261e-07
4,"exits",8.63146410346709e-07
5,"exits",8.38298856895678e-07
6,"exits",1.8907812708211e-05
1,"prepaid",8.90819393494524e-07
2,"prepaid",8.80706538013056e-07
3,"prepaid",8.87806159954261e-07
4,"prepaid",8.63146410346709e-07
5,"prepaid",8.38298856895678e-07
6,"prepaid",4.59189737199411e-05
1,"noticeable",8.90819393494524e-07
2,"noticeable",8.80706538013056e-07
3,"noticeable",8.87806159954261e-07
4,"noticeable",8.63146410346709e-07
5,"noticeable",1.76042759948093e-05
6,"noticeable",2.79115330454544e-05
1,"10x",8.90819393494524e-07
2,"10x",8.80706538013056e-07
3,"10x",6.30342373567525e-05
4,"10x",1.81260746172809e-05
5,"10x",8.38298856895678e-07
6,"10x",9.00372033724334e-07
1,"oftentimes",8.90819393494524e-07
2,"oftentimes",8.80706538013056e-07
3,"oftentimes",8.87806159954261e-07
4,"oftentimes",8.63146410346709e-07
5,"oftentimes",4.27532417016796e-05
6,"oftentimes",9.00372033724334e-07
1,"programmed",8.90819393494524e-07
2,"programmed",3.61089680585353e-05
3,"programmed",8.87806159954261e-07
4,"programmed",2.6757538720748e-05
5,"programmed",8.38298856895678e-07
6,"programmed",9.00372033724334e-07
1,"literal",8.90819393494524e-07
2,"literal",8.80706538013056e-07
3,"literal",8.87806159954261e-07
4,"literal",9.4946105138138e-06
5,"literal",8.38298856895678e-07
6,"literal",9.09375754061579e-05
1,"popped",8.90819393494524e-07
2,"popped",9.68777191814362e-06
3,"popped",8.87806159954261e-07
4,"popped",8.63146410346709e-07
5,"popped",5.95192188395932e-05
6,"popped",9.00372033724334e-07
1,"awake",8.90819393494524e-07
2,"awake",8.80706538013056e-07
3,"awake",9.76586775949687e-06
4,"awake",3.53890028242151e-05
5,"awake",8.38298856895678e-07
6,"awake",9.90409237096768e-06
1,"situations",8.90819393494524e-07
2,"situations",8.80706538013056e-07
3,"situations",8.87806159954261e-07
4,"situations",3.53890028242151e-05
5,"situations",8.38298856895678e-07
6,"situations",2.79115330454544e-05
1,"creative",8.90819393494524e-07
2,"creative",8.80706538013056e-07
3,"creative",3.64000525581247e-05
4,"creative",8.63146410346709e-07
5,"creative",9.22128742585246e-06
6,"creative",9.00372033724334e-07
1,"managing",8.90819393494524e-07
2,"managing",8.80706538013056e-07
3,"managing",2.75219909585821e-05
4,"managing",5.26519310311492e-05
5,"managing",8.38298856895678e-07
6,"managing",9.00372033724334e-07
1,"reasonably",8.90819393494524e-07
2,"reasonably",8.80706538013056e-07
3,"reasonably",8.87806159954261e-07
4,"reasonably",8.63146410346709e-07
5,"reasonably",9.22128742585246e-06
6,"reasonably",5.49226940571845e-05
1,"workaround",8.90819393494524e-07
2,"workaround",8.80706538013056e-07
3,"workaround",8.87806159954261e-07
4,"workaround",6.12833951346163e-05
5,"workaround",8.38298856895678e-07
6,"workaround",9.00372033724334e-07
1,"equivalent",8.90819393494524e-07
2,"equivalent",8.80706538013056e-07
3,"equivalent",8.87806159954261e-07
4,"equivalent",8.63146410346709e-07
5,"equivalent",8.38298856895678e-07
6,"equivalent",4.59189737199411e-05
1,"qobuz",8.90819393494524e-07
2,"qobuz",8.80706538013056e-07
3,"qobuz",8.87806159954261e-07
4,"qobuz",8.63146410346709e-07
5,"qobuz",8.38298856895678e-07
6,"qobuz",4.59189737199411e-05
1,"folk",8.90819393494524e-07
2,"folk",8.80706538013056e-07
3,"folk",8.87806159954261e-07
4,"folk",8.63146410346709e-07
5,"folk",8.38298856895678e-07
6,"folk",6.39264143944278e-05
1,"sports",8.90819393494524e-07
2,"sports",8.80706538013056e-07
3,"sports",4.52781141576672e-05
4,"sports",8.63146410346709e-07
5,"sports",9.22128742585246e-06
6,"sports",9.00372033724334e-07
1,"recognise",0.00021468747383218
2,"recognise",8.80706538013056e-07
3,"recognise",8.87806159954261e-07
4,"recognise",8.63146410346709e-07
5,"recognise",8.38298856895678e-07
6,"recognise",9.00372033724334e-07
1,"march",8.90819393494524e-07
2,"march",0.000168214948760494
3,"march",8.87806159954261e-07
4,"march",0.000104440715651952
5,"march",8.38298856895678e-07
6,"march",9.00372033724334e-07
1,"musicals",8.90819393494524e-07
2,"musicals",8.80706538013056e-07
3,"musicals",8.87806159954261e-07
4,"musicals",8.63146410346709e-07
5,"musicals",7.62851959775067e-05
6,"musicals",9.00372033724334e-07
1,"desperate",8.90819393494524e-07
2,"desperate",7.13372295790575e-05
3,"desperate",8.87806159954261e-07
4,"desperate",8.63146410346709e-07
5,"desperate",8.38298856895678e-07
6,"desperate",1.8907812708211e-05
1,"exclude",8.90819393494524e-07
2,"exclude",8.80706538013056e-07
3,"exclude",5.41561757572099e-05
4,"exclude",8.63146410346709e-07
5,"exclude",8.38298856895678e-07
6,"exclude",9.00372033724334e-07
1,"wil",8.90819393494524e-07
2,"wil",8.80706538013056e-07
3,"wil",2.75219909585821e-05
4,"wil",8.63146410346709e-07
5,"wil",3.43702531327228e-05
6,"wil",9.00372033724334e-07
1,"stressful",8.90819393494524e-07
2,"stressful",5.37230988187964e-05
3,"stressful",8.87806159954261e-07
4,"stressful",8.63146410346709e-07
5,"stressful",8.46681845464636e-05
6,"stressful",9.00372033724334e-07
1,"field",8.90819393494524e-07
2,"field",8.80706538013056e-07
3,"field",3.64000525581247e-05
4,"field",8.63146410346709e-07
5,"field",9.22128742585246e-06
6,"field",9.00372033724334e-07
1,"everybody",8.90819393494524e-07
2,"everybody",8.80706538013056e-07
3,"everybody",9.85464837549228e-05
4,"everybody",8.63146410346709e-07
5,"everybody",8.38298856895678e-07
6,"everybody",9.00372033724334e-07
1,"unsure",5.43399830031659e-05
2,"unsure",9.68777191814362e-06
3,"unsure",8.87806159954261e-07
4,"unsure",9.4946105138138e-06
5,"unsure",8.38298856895678e-07
6,"unsure",9.00372033724334e-07
1,"miserable",8.90819393494524e-07
2,"miserable",8.80706538013056e-07
3,"miserable",8.87806159954261e-07
4,"miserable",6.12833951346163e-05
5,"miserable",8.38298856895678e-07
6,"miserable",9.00372033724334e-07
1,"freak",8.90819393494524e-07
2,"freak",8.80706538013056e-07
3,"freak",8.87806159954261e-07
4,"freak",8.63146410346709e-07
5,"freak",8.38298856895678e-07
6,"freak",5.49226940571845e-05
1,"terrific",1.8707207263385e-05
2,"terrific",8.80706538013056e-07
3,"terrific",8.87806159954261e-07
4,"terrific",8.63146410346709e-07
5,"terrific",2.5987264563766e-05
6,"terrific",9.00372033724334e-07
1,"reaching",8.90819393494524e-07
2,"reaching",0.000159407883380363
3,"reaching",8.87806159954261e-07
4,"reaching",8.63146410346709e-07
5,"reaching",8.38298856895678e-07
6,"reaching",9.00372033724334e-07
1,"invested",8.90819393494524e-07
2,"invested",8.80706538013056e-07
3,"invested",8.87806159954261e-07
4,"invested",4.40204669276821e-05
5,"invested",9.22128742585246e-06
6,"invested",9.00372033724334e-07
1,"hv",8.90819393494524e-07
2,"hv",8.80706538013056e-07
3,"hv",8.87806159954261e-07
4,"hv",8.63146410346709e-07
5,"hv",8.38298856895678e-07
6,"hv",7.29301347316712e-05
1,"retarded",8.90819393494524e-07
2,"retarded",8.80706538013056e-07
3,"retarded",9.76586775949687e-06
4,"retarded",8.63146410346709e-07
5,"retarded",4.27532417016796e-05
6,"retarded",9.00372033724334e-07
1,"ticked",5.43399830031659e-05
2,"ticked",8.80706538013056e-07
3,"ticked",8.87806159954261e-07
4,"ticked",8.63146410346709e-07
5,"ticked",8.38298856895678e-07
6,"ticked",9.00372033724334e-07
1,"contemplating",8.90819393494524e-07
2,"contemplating",8.80706538013056e-07
3,"contemplating",8.87806159954261e-07
4,"contemplating",8.63146410346709e-07
5,"contemplating",8.38298856895678e-07
6,"contemplating",7.29301347316712e-05
1,"separately",8.90819393494524e-07
2,"separately",8.80706538013056e-07
3,"separately",8.87806159954261e-07
4,"separately",4.40204669276821e-05
5,"separately",9.22128742585246e-06
6,"separately",9.00372033724334e-07
1,"evening",8.90819393494524e-07
2,"evening",0.00011537255647971
3,"evening",8.87806159954261e-07
4,"evening",8.63146410346709e-07
5,"evening",8.38298856895678e-07
6,"evening",9.00372033724334e-07
1,"qualities",8.90819393494524e-07
2,"qualities",2.73019026784047e-05
3,"qualities",8.87806159954261e-07
4,"qualities",8.63146410346709e-07
5,"qualities",8.38298856895678e-07
6,"qualities",2.79115330454544e-05
1,"simplicity",8.90819393494524e-07
2,"simplicity",8.80706538013056e-07
3,"simplicity",8.87806159954261e-07
4,"simplicity",8.63146410346709e-07
5,"simplicity",8.38298856895678e-07
6,"simplicity",8.19338550689144e-05
1,"bizarre",1.8707207263385e-05
2,"bizarre",9.68777191814362e-06
3,"bizarre",8.87806159954261e-07
4,"bizarre",8.63146410346709e-07
5,"bizarre",8.38298856895678e-07
6,"bizarre",3.69152533826978e-05
1,"streamed",8.90819393494524e-07
2,"streamed",6.25301641989269e-05
3,"streamed",8.87806159954261e-07
4,"streamed",8.63146410346709e-07
5,"streamed",8.38298856895678e-07
6,"streamed",9.00372033724334e-07
1,"replace",8.90819393494524e-07
2,"replace",8.01442949591881e-05
3,"replace",6.30342373567525e-05
4,"replace",8.63146410346709e-07
5,"replace",8.38298856895678e-07
6,"replace",9.00372033724334e-07
1,"horrid",1.8707207263385e-05
2,"horrid",8.80706538013056e-07
3,"horrid",8.96684221553803e-05
4,"horrid",8.63146410346709e-07
5,"horrid",8.38298856895678e-07
6,"horrid",9.00372033724334e-07
1,"barley",8.90819393494524e-07
2,"barley",1.84948372982742e-05
3,"barley",8.87806159954261e-07
4,"barley",8.63146410346709e-07
5,"barley",2.5987264563766e-05
6,"barley",9.00372033724334e-07
1,"longtime",8.90819393494524e-07
2,"longtime",8.80706538013056e-07
3,"longtime",8.87806159954261e-07
4,"longtime",8.63146410346709e-07
5,"longtime",8.38298856895678e-07
6,"longtime",0.000126952456755131
1,"overly",9.79901332843977e-06
2,"overly",8.80706538013056e-07
3,"overly",1.86439293590395e-05
4,"overly",2.6757538720748e-05
5,"overly",8.38298856895678e-07
6,"overly",9.00372033724334e-07
1,"insists",8.90819393494524e-07
2,"insists",7.13372295790575e-05
3,"insists",8.87806159954261e-07
4,"insists",8.63146410346709e-07
5,"insists",8.38298856895678e-07
6,"insists",9.00372033724334e-07
1,"snippets",8.90819393494524e-07
2,"snippets",8.80706538013056e-07
3,"snippets",9.76586775949687e-06
4,"snippets",8.63146410346709e-07
5,"snippets",8.38298856895678e-07
6,"snippets",7.29301347316712e-05
1,"began",9.79901332843977e-06
2,"began",0.000132986687239971
3,"began",8.87806159954261e-07
4,"began",8.63146410346709e-07
5,"began",8.38298856895678e-07
6,"began",9.00372033724334e-07
1,"entertainment",8.90819393494524e-07
2,"entertainment",8.80706538013056e-07
3,"entertainment",8.87806159954261e-07
4,"entertainment",8.63146410346709e-07
5,"entertainment",8.38298856895678e-07
6,"entertainment",7.29301347316712e-05
1,"launched",8.90819393494524e-07
2,"launched",1.84948372982742e-05
3,"launched",8.87806159954261e-07
4,"launched",1.81260746172809e-05
5,"launched",8.38298856895678e-07
6,"launched",6.39264143944278e-05
1,"abysmal",8.90819393494524e-07
2,"abysmal",8.89513603393186e-05
3,"abysmal",8.87806159954261e-07
4,"abysmal",8.63146410346709e-07
5,"abysmal",8.38298856895678e-07
6,"abysmal",9.00372033724334e-07
1,"essential",1.8707207263385e-05
2,"essential",8.80706538013056e-07
3,"essential",8.87806159954261e-07
4,"essential",8.63146410346709e-07
5,"essential",8.38298856895678e-07
6,"essential",0.000108945016080645
1,"favour",8.90819393494524e-07
2,"favour",3.61089680585353e-05
3,"favour",8.87806159954261e-07
4,"favour",8.63146410346709e-07
5,"favour",8.38298856895678e-07
6,"favour",2.79115330454544e-05
1,"bo",8.90819393494524e-07
2,"bo",8.80706538013056e-07
3,"bo",8.87806159954261e-07
4,"bo",8.63146410346709e-07
5,"bo",8.38298856895678e-07
6,"bo",6.39264143944278e-05
1,"destroying",8.90819393494524e-07
2,"destroying",8.80706538013056e-07
3,"destroying",9.76586775949687e-06
4,"destroying",6.12833951346163e-05
5,"destroying",8.38298856895678e-07
6,"destroying",9.00372033724334e-07
1,"decrease",8.90819393494524e-07
2,"decrease",8.80706538013056e-07
3,"decrease",8.87806159954261e-07
4,"decrease",9.4946105138138e-06
5,"decrease",5.95192188395932e-05
6,"decrease",9.00372033724334e-07
1,"deals",9.79901332843977e-06
2,"deals",8.80706538013056e-07
3,"deals",8.87806159954261e-07
4,"deals",3.53890028242151e-05
5,"deals",8.38298856895678e-07
6,"deals",9.00372033724334e-07
1,"nearby",8.90819393494524e-07
2,"nearby",8.80706538013056e-07
3,"nearby",8.96684221553803e-05
4,"nearby",5.26519310311492e-05
5,"nearby",8.38298856895678e-07
6,"nearby",1.8907812708211e-05
1,"curve",8.90819393494524e-07
2,"curve",1.84948372982742e-05
3,"curve",8.87806159954261e-07
4,"curve",8.63146410346709e-07
5,"curve",9.22128742585246e-06
6,"curve",1.8907812708211e-05
1,"logic",8.90819393494524e-07
2,"logic",5.37230988187964e-05
3,"logic",8.87806159954261e-07
4,"logic",8.63146410346709e-07
5,"logic",8.38298856895678e-07
6,"logic",9.00372033724334e-07
1,"exploring",8.90819393494524e-07
2,"exploring",8.80706538013056e-07
3,"exploring",8.87806159954261e-07
4,"exploring",9.4946105138138e-06
5,"exploring",8.38298856895678e-07
6,"exploring",6.39264143944278e-05
1,"1gb",8.90819393494524e-07
2,"1gb",8.80706538013056e-07
3,"1gb",8.87806159954261e-07
4,"1gb",4.40204669276821e-05
5,"1gb",8.38298856895678e-07
6,"1gb",9.00372033724334e-07
1,"remixed",8.90819393494524e-07
2,"remixed",8.80706538013056e-07
3,"remixed",4.52781141576672e-05
4,"remixed",9.4946105138138e-06
5,"remixed",8.38298856895678e-07
6,"remixed",9.00372033724334e-07
1,"fox",3.65235951332755e-05
2,"fox",9.68777191814362e-06
3,"fox",9.76586775949687e-06
4,"fox",8.63146410346709e-07
5,"fox",2.5987264563766e-05
6,"fox",9.00372033724334e-07
1,"swearing",8.90819393494524e-07
2,"swearing",8.80706538013056e-07
3,"swearing",4.52781141576672e-05
4,"swearing",8.63146410346709e-07
5,"swearing",8.38298856895678e-07
6,"swearing",9.00372033724334e-07
1,"resent",8.90819393494524e-07
2,"resent",8.80706538013056e-07
3,"resent",7.19122989562951e-05
4,"resent",8.63146410346709e-07
5,"resent",8.38298856895678e-07
6,"resent",9.00372033724334e-07
1,"alphabetically",8.90819393494524e-07
2,"alphabetically",8.80706538013056e-07
3,"alphabetically",0.000134058730153093
4,"alphabetically",8.63146410346709e-07
5,"alphabetically",8.38298856895678e-07
6,"alphabetically",9.00372033724334e-07
1,"availability",8.90819393494524e-07
2,"availability",8.80706538013056e-07
3,"availability",8.87806159954261e-07
4,"availability",8.63146410346709e-07
5,"availability",8.38298856895678e-07
6,"availability",0.000144959897429618
1,"haha",8.90819393494524e-07
2,"haha",8.80706538013056e-07
3,"haha",1.86439293590395e-05
4,"haha",1.81260746172809e-05
5,"haha",8.38298856895678e-07
6,"haha",8.19338550689144e-05
1,"customise",8.90819393494524e-07
2,"customise",8.80706538013056e-07
3,"customise",0.000116302606954008
4,"customise",8.63146410346709e-07
5,"customise",8.38298856895678e-07
6,"customise",9.00372033724334e-07
1,"stupidity",8.90819393494524e-07
2,"stupidity",5.37230988187964e-05
3,"stupidity",8.87806159954261e-07
4,"stupidity",8.63146410346709e-07
5,"stupidity",8.38298856895678e-07
6,"stupidity",9.00372033724334e-07
1,"edge",8.90819393494524e-07
2,"edge",8.80706538013056e-07
3,"edge",7.19122989562951e-05
4,"edge",8.63146410346709e-07
5,"edge",8.38298856895678e-07
6,"edge",9.00372033724334e-07
1,"younger",8.90819393494524e-07
2,"younger",8.80706538013056e-07
3,"younger",8.87806159954261e-07
4,"younger",8.63146410346709e-07
5,"younger",9.22128742585246e-06
6,"younger",5.49226940571845e-05
1,"database",8.90819393494524e-07
2,"database",8.80706538013056e-07
3,"database",3.64000525581247e-05
4,"database",8.63146410346709e-07
5,"database",8.38298856895678e-07
6,"database",7.29301347316712e-05
1,"flow",1.8707207263385e-05
2,"flow",8.80706538013056e-07
3,"flow",8.87806159954261e-07
4,"flow",8.63146410346709e-07
5,"flow",8.38298856895678e-07
6,"flow",0.000126952456755131
1,"keen",9.79901332843977e-06
2,"keen",8.80706538013056e-07
3,"keen",8.87806159954261e-07
4,"keen",8.63146410346709e-07
5,"keen",3.43702531327228e-05
6,"keen",9.00372033724334e-07
1,"stinks",4.54317890682208e-05
2,"stinks",8.80706538013056e-07
3,"stinks",8.87806159954261e-07
4,"stinks",8.63146410346709e-07
5,"stinks",8.38298856895678e-07
6,"stinks",9.00372033724334e-07
1,"ff",8.90819393494524e-07
2,"ff",8.80706538013056e-07
3,"ff",8.87806159954261e-07
4,"ff",0.000130335107962353
5,"ff",8.38298856895678e-07
6,"ff",9.00372033724334e-07
1,"distracting",8.90819393494524e-07
2,"distracting",8.80706538013056e-07
3,"distracting",8.87806159954261e-07
4,"distracting",6.12833951346163e-05
5,"distracting",8.38298856895678e-07
6,"distracting",9.00372033724334e-07
1,"pulling",8.90819393494524e-07
2,"pulling",0.000168214948760494
3,"pulling",8.87806159954261e-07
4,"pulling",8.63146410346709e-07
5,"pulling",8.38298856895678e-07
6,"pulling",9.00372033724334e-07
1,"centre",8.90819393494524e-07
2,"centre",9.68777191814362e-06
3,"centre",8.07903605558377e-05
4,"centre",8.63146410346709e-07
5,"centre",8.38298856895678e-07
6,"centre",9.00372033724334e-07
1,"websites",3.65235951332755e-05
2,"websites",8.80706538013056e-07
3,"websites",1.86439293590395e-05
4,"websites",8.63146410346709e-07
5,"websites",8.38298856895678e-07
6,"websites",9.00372033724334e-07
1,"combine",8.90819393494524e-07
2,"combine",8.80706538013056e-07
3,"combine",7.19122989562951e-05
4,"combine",8.63146410346709e-07
5,"combine",8.38298856895678e-07
6,"combine",9.00372033724334e-07
1,"categorized",8.90819393494524e-07
2,"categorized",8.80706538013056e-07
3,"categorized",8.87806159954261e-07
4,"categorized",8.63146410346709e-07
5,"categorized",8.38298856895678e-07
6,"categorized",4.59189737199411e-05
1,"proud",8.90819393494524e-07
2,"proud",1.84948372982742e-05
3,"proud",2.75219909585821e-05
4,"proud",8.63146410346709e-07
5,"proud",8.38298856895678e-07
6,"proud",9.00372033724334e-07
1,"client",8.90819393494524e-07
2,"client",7.13372295790575e-05
3,"client",8.87806159954261e-07
4,"client",8.63146410346709e-07
5,"client",8.38298856895678e-07
6,"client",9.00372033724334e-07
1,"interruption",2.76154011983302e-05
2,"interruption",8.80706538013056e-07
3,"interruption",8.87806159954261e-07
4,"interruption",8.63146410346709e-07
5,"interruption",8.46681845464636e-05
6,"interruption",9.00372033724334e-07
1,"maneuver",3.65235951332755e-05
2,"maneuver",8.80706538013056e-07
3,"maneuver",8.87806159954261e-07
4,"maneuver",8.63146410346709e-07
5,"maneuver",9.22128742585246e-06
6,"maneuver",9.90409237096768e-06
1,"headset",8.90819393494524e-07
2,"headset",8.80706538013056e-07
3,"headset",8.87806159954261e-07
4,"headset",0.000208018284893557
5,"headset",8.38298856895678e-07
6,"headset",9.00372033724334e-07
1,"hesitant",8.90819393494524e-07
2,"hesitant",8.80706538013056e-07
3,"hesitant",8.87806159954261e-07
4,"hesitant",9.4946105138138e-06
5,"hesitant",8.38298856895678e-07
6,"hesitant",4.59189737199411e-05
1,"disgrace",8.90819393494524e-07
2,"disgrace",0.00010656549109958
3,"disgrace",8.87806159954261e-07
4,"disgrace",9.4946105138138e-06
5,"disgrace",8.38298856895678e-07
6,"disgrace",9.00372033724334e-07
1,"unlocking",8.90819393494524e-07
2,"unlocking",8.80706538013056e-07
3,"unlocking",6.30342373567525e-05
4,"unlocking",8.63146410346709e-07
5,"unlocking",8.38298856895678e-07
6,"unlocking",9.00372033724334e-07
1,"solely",8.90819393494524e-07
2,"solely",8.80706538013056e-07
3,"solely",8.87806159954261e-07
4,"solely",8.63146410346709e-07
5,"solely",1.76042759948093e-05
6,"solely",3.69152533826978e-05
1,"vote",8.90819393494524e-07
2,"vote",8.80706538013056e-07
3,"vote",8.87806159954261e-07
4,"vote",8.63146410346709e-07
5,"vote",8.38298856895678e-07
6,"vote",5.49226940571845e-05
1,"1-3",8.90819393494524e-07
2,"1-3",8.80706538013056e-07
3,"1-3",8.87806159954261e-07
4,"1-3",8.63146410346709e-07
5,"1-3",4.27532417016796e-05
6,"1-3",9.00372033724334e-07
1,"escape",8.90819393494524e-07
2,"escape",9.68777191814362e-06
3,"escape",8.87806159954261e-07
4,"escape",9.4946105138138e-06
5,"escape",4.27532417016796e-05
6,"escape",9.00372033724334e-07
1,"ad-free",9.79901332843977e-06
2,"ad-free",8.80706538013056e-07
3,"ad-free",3.64000525581247e-05
4,"ad-free",8.63146410346709e-07
5,"ad-free",2.5987264563766e-05
6,"ad-free",9.00372033724334e-07
1,"lousy",8.90819393494524e-07
2,"lousy",6.25301641989269e-05
3,"lousy",9.76586775949687e-06
4,"lousy",8.63146410346709e-07
5,"lousy",8.38298856895678e-07
6,"lousy",9.00372033724334e-07
1,"amateur",9.79901332843977e-06
2,"amateur",3.61089680585353e-05
3,"amateur",8.87806159954261e-07
4,"amateur",9.4946105138138e-06
5,"amateur",8.38298856895678e-07
6,"amateur",9.00372033724334e-07
1,"expire",8.90819393494524e-07
2,"expire",5.37230988187964e-05
3,"expire",8.87806159954261e-07
4,"expire",8.63146410346709e-07
5,"expire",8.38298856895678e-07
6,"expire",9.00372033724334e-07
1,"anime",8.90819393494524e-07
2,"anime",8.80706538013056e-07
3,"anime",2.75219909585821e-05
4,"anime",2.6757538720748e-05
5,"anime",8.38298856895678e-07
6,"anime",4.59189737199411e-05
1,"tolerate",8.90819393494524e-07
2,"tolerate",8.80706538013056e-07
3,"tolerate",8.87806159954261e-07
4,"tolerate",8.63146410346709e-07
5,"tolerate",5.11362302706364e-05
6,"tolerate",9.00372033724334e-07
1,"cashe",4.54317890682208e-05
2,"cashe",9.68777191814362e-06
3,"cashe",8.87806159954261e-07
4,"cashe",8.63146410346709e-07
5,"cashe",8.38298856895678e-07
6,"cashe",9.00372033724334e-07
1,"disconnection",9.79901332843977e-06
2,"disconnection",8.80706538013056e-07
3,"disconnection",1.86439293590395e-05
4,"disconnection",8.63146410346709e-07
5,"disconnection",8.38298856895678e-07
6,"disconnection",1.8907812708211e-05
1,"communicate",8.90819393494524e-07
2,"communicate",8.80706538013056e-07
3,"communicate",8.87806159954261e-07
4,"communicate",9.58092515484846e-05
5,"communicate",8.38298856895678e-07
6,"communicate",9.00372033724334e-07
1,"occurring",8.90819393494524e-07
2,"occurring",8.80706538013056e-07
3,"occurring",8.87806159954261e-07
4,"occurring",8.71777874450176e-05
5,"occurring",8.38298856895678e-07
6,"occurring",9.00372033724334e-07
1,"conversations",8.90819393494524e-07
2,"conversations",8.80706538013056e-07
3,"conversations",4.52781141576672e-05
4,"conversations",8.63146410346709e-07
5,"conversations",2.5987264563766e-05
6,"conversations",9.00372033724334e-07
1,"th",8.90819393494524e-07
2,"th",8.80706538013056e-07
3,"th",9.76586775949687e-06
4,"th",8.63146410346709e-07
5,"th",4.27532417016796e-05
6,"th",9.00372033724334e-07
1,"youll",8.90819393494524e-07
2,"youll",8.80706538013056e-07
3,"youll",5.41561757572099e-05
4,"youll",8.63146410346709e-07
5,"youll",8.38298856895678e-07
6,"youll",9.00372033724334e-07
1,"4stars",8.90819393494524e-07
2,"4stars",9.68777191814362e-06
3,"4stars",8.87806159954261e-07
4,"4stars",4.40204669276821e-05
5,"4stars",8.38298856895678e-07
6,"4stars",9.00372033724334e-07
1,"embarrassed",9.79901332843977e-06
2,"embarrassed",3.61089680585353e-05
3,"embarrassed",8.87806159954261e-07
4,"embarrassed",8.63146410346709e-07
5,"embarrassed",8.38298856895678e-07
6,"embarrassed",9.00372033724334e-07
1,"military",9.79901332843977e-06
2,"military",8.80706538013056e-07
3,"military",3.64000525581247e-05
4,"military",8.63146410346709e-07
5,"military",8.38298856895678e-07
6,"military",9.00372033724334e-07
1,"up-to-date",8.90819393494524e-07
2,"up-to-date",8.80706538013056e-07
3,"up-to-date",3.64000525581247e-05
4,"up-to-date",3.53890028242151e-05
5,"up-to-date",8.38298856895678e-07
6,"up-to-date",9.00372033724334e-07
1,"predict",8.90819393494524e-07
2,"predict",8.80706538013056e-07
3,"predict",9.76586775949687e-06
4,"predict",8.63146410346709e-07
5,"predict",8.38298856895678e-07
6,"predict",3.69152533826978e-05
1,"effective",8.90819393494524e-07
2,"effective",1.84948372982742e-05
3,"effective",4.52781141576672e-05
4,"effective",8.63146410346709e-07
5,"effective",8.38298856895678e-07
6,"effective",9.00372033724334e-07
1,"mass",2.76154011983302e-05
2,"mass",8.80706538013056e-07
3,"mass",8.87806159954261e-07
4,"mass",8.63146410346709e-07
5,"mass",4.27532417016796e-05
6,"mass",9.90409237096768e-06
1,"january",8.90819393494524e-07
2,"january",8.80706538013056e-07
3,"january",9.76586775949687e-06
4,"january",8.71777874450176e-05
5,"january",8.38298856895678e-07
6,"january",9.00372033724334e-07
1,"relate",9.79901332843977e-06
2,"relate",8.80706538013056e-07
3,"relate",8.07903605558377e-05
4,"relate",8.63146410346709e-07
5,"relate",8.38298856895678e-07
6,"relate",9.00372033724334e-07
1,"3am",8.90819393494524e-07
2,"3am",8.80706538013056e-07
3,"3am",8.87806159954261e-07
4,"3am",4.40204669276821e-05
5,"3am",9.22128742585246e-06
6,"3am",9.00372033724334e-07
1,"air",9.79901332843977e-06
2,"air",8.80706538013056e-07
3,"air",7.19122989562951e-05
4,"air",8.63146410346709e-07
5,"air",8.38298856895678e-07
6,"air",9.90409237096768e-06
1,"unnecessarily",9.79901332843977e-06
2,"unnecessarily",8.80706538013056e-07
3,"unnecessarily",5.41561757572099e-05
4,"unnecessarily",2.6757538720748e-05
5,"unnecessarily",8.38298856895678e-07
6,"unnecessarily",9.00372033724334e-07
1,"integrations",8.90819393494524e-07
2,"integrations",8.80706538013056e-07
3,"integrations",8.87806159954261e-07
4,"integrations",8.63146410346709e-07
5,"integrations",8.38298856895678e-07
6,"integrations",4.59189737199411e-05
1,"someday",8.90819393494524e-07
2,"someday",8.80706538013056e-07
3,"someday",6.30342373567525e-05
4,"someday",8.63146410346709e-07
5,"someday",9.22128742585246e-06
6,"someday",9.00372033724334e-07
1,"bull",8.90819393494524e-07
2,"bull",8.80706538013056e-07
3,"bull",8.87806159954261e-07
4,"bull",8.63146410346709e-07
5,"bull",6.790220740855e-05
6,"bull",9.00372033724334e-07
1,"loging",0.000116697340547783
2,"loging",8.80706538013056e-07
3,"loging",8.87806159954261e-07
4,"loging",8.63146410346709e-07
5,"loging",8.38298856895678e-07
6,"loging",9.00372033724334e-07
1,"considered",8.90819393494524e-07
2,"considered",0.000141793752620102
3,"considered",8.87806159954261e-07
4,"considered",8.63146410346709e-07
5,"considered",8.38298856895678e-07
6,"considered",9.00372033724334e-07
1,"hip-hop",8.90819393494524e-07
2,"hip-hop",8.80706538013056e-07
3,"hip-hop",8.87806159954261e-07
4,"hip-hop",8.63146410346709e-07
5,"hip-hop",5.11362302706364e-05
6,"hip-hop",9.00372033724334e-07
1,"chronological",8.90819393494524e-07
2,"chronological",8.80706538013056e-07
3,"chronological",4.52781141576672e-05
4,"chronological",8.63146410346709e-07
5,"chronological",8.38298856895678e-07
6,"chronological",9.00372033724334e-07
1,"visa",8.90819393494524e-07
2,"visa",4.49160334386658e-05
3,"visa",9.76586775949687e-06
4,"visa",8.63146410346709e-07
5,"visa",8.38298856895678e-07
6,"visa",9.00372033724334e-07
1,"claim",8.90819393494524e-07
2,"claim",4.49160334386658e-05
3,"claim",8.87806159954261e-07
4,"claim",8.71777874450176e-05
5,"claim",8.38298856895678e-07
6,"claim",9.00372033724334e-07
1,"spamming",9.79901332843977e-06
2,"spamming",9.68777191814362e-06
3,"spamming",8.87806159954261e-07
4,"spamming",8.63146410346709e-07
5,"spamming",3.43702531327228e-05
6,"spamming",9.90409237096768e-06
1,"crushes",9.79901332843977e-06
2,"crushes",8.80706538013056e-07
3,"crushes",8.87806159954261e-07
4,"crushes",3.53890028242151e-05
5,"crushes",8.38298856895678e-07
6,"crushes",9.00372033724334e-07
1,"monopoly",8.90819393494524e-07
2,"monopoly",8.89513603393186e-05
3,"monopoly",2.75219909585821e-05
4,"monopoly",8.63146410346709e-07
5,"monopoly",8.38298856895678e-07
6,"monopoly",9.00372033724334e-07
1,"draining",8.90819393494524e-07
2,"draining",8.80706538013056e-07
3,"draining",8.87806159954261e-07
4,"draining",6.99148592380834e-05
5,"draining",8.38298856895678e-07
6,"draining",9.00372033724334e-07
1,"lasted",8.90819393494524e-07
2,"lasted",4.49160334386658e-05
3,"lasted",8.87806159954261e-07
4,"lasted",8.63146410346709e-07
5,"lasted",8.38298856895678e-07
6,"lasted",9.00372033724334e-07
1,"ditching",9.79901332843977e-06
2,"ditching",8.80706538013056e-07
3,"ditching",8.87806159954261e-07
4,"ditching",3.53890028242151e-05
5,"ditching",8.38298856895678e-07
6,"ditching",9.00372033724334e-07
1,"cancellation",8.90819393494524e-07
2,"cancellation",8.80706538013056e-07
3,"cancellation",8.87806159954261e-07
4,"cancellation",6.99148592380834e-05
5,"cancellation",8.38298856895678e-07
6,"cancellation",9.00372033724334e-07
1,"delivered",2.76154011983302e-05
2,"delivered",8.80706538013056e-07
3,"delivered",8.87806159954261e-07
4,"delivered",8.63146410346709e-07
5,"delivered",3.43702531327228e-05
6,"delivered",9.00372033724334e-07
1,"gen",4.54317890682208e-05
2,"gen",8.80706538013056e-07
3,"gen",8.87806159954261e-07
4,"gen",8.63146410346709e-07
5,"gen",8.38298856895678e-07
6,"gen",9.00372033724334e-07
1,"comedy",8.90819393494524e-07
2,"comedy",8.80706538013056e-07
3,"comedy",8.87806159954261e-07
4,"comedy",8.63146410346709e-07
5,"comedy",8.38298856895678e-07
6,"comedy",9.09375754061579e-05
1,"august",2.76154011983302e-05
2,"august",8.80706538013056e-07
3,"august",1.86439293590395e-05
4,"august",8.63146410346709e-07
5,"august",8.38298856895678e-07
6,"august",9.00372033724334e-07
1,"underrated",8.90819393494524e-07
2,"underrated",8.80706538013056e-07
3,"underrated",8.87806159954261e-07
4,"underrated",8.63146410346709e-07
5,"underrated",8.38298856895678e-07
6,"underrated",7.29301347316712e-05
1,"query",9.79901332843977e-06
2,"query",8.80706538013056e-07
3,"query",8.87806159954261e-07
4,"query",3.53890028242151e-05
5,"query",8.38298856895678e-07
6,"query",9.90409237096768e-06
1,"glance",8.90819393494524e-07
2,"glance",1.84948372982742e-05
3,"glance",8.87806159954261e-07
4,"glance",8.63146410346709e-07
5,"glance",2.5987264563766e-05
6,"glance",9.00372033724334e-07
1,"inserting",8.90819393494524e-07
2,"inserting",8.80706538013056e-07
3,"inserting",8.87806159954261e-07
4,"inserting",8.63146410346709e-07
5,"inserting",4.27532417016796e-05
6,"inserting",9.00372033724334e-07
1,"reson",3.65235951332755e-05
2,"reson",8.80706538013056e-07
3,"reson",8.87806159954261e-07
4,"reson",9.4946105138138e-06
5,"reson",9.22128742585246e-06
6,"reson",9.00372033724334e-07
1,"seldom",8.90819393494524e-07
2,"seldom",8.80706538013056e-07
3,"seldom",8.87806159954261e-07
4,"seldom",4.40204669276821e-05
5,"seldom",8.38298856895678e-07
6,"seldom",9.90409237096768e-06
1,"western",8.90819393494524e-07
2,"western",8.80706538013056e-07
3,"western",8.87806159954261e-07
4,"western",8.63146410346709e-07
5,"western",8.38298856895678e-07
6,"western",5.49226940571845e-05
1,"month's",8.90819393494524e-07
2,"month's",8.80706538013056e-07
3,"month's",3.64000525581247e-05
4,"month's",1.81260746172809e-05
5,"month's",8.38298856895678e-07
6,"month's",9.00372033724334e-07
1,"damned",8.90819393494524e-07
2,"damned",8.80706538013056e-07
3,"damned",8.87806159954261e-07
4,"damned",8.63146410346709e-07
5,"damned",4.27532417016796e-05
6,"damned",9.90409237096768e-06
1,"qr",8.90819393494524e-07
2,"qr",2.73019026784047e-05
3,"qr",8.87806159954261e-07
4,"qr",4.40204669276821e-05
5,"qr",8.38298856895678e-07
6,"qr",9.00372033724334e-07
1,"note20",8.90819393494524e-07
2,"note20",8.80706538013056e-07
3,"note20",9.76586775949687e-06
4,"note20",5.26519310311492e-05
5,"note20",8.38298856895678e-07
6,"note20",9.00372033724334e-07
1,"programmers",8.90819393494524e-07
2,"programmers",3.61089680585353e-05
3,"programmers",5.41561757572099e-05
4,"programmers",8.63146410346709e-07
5,"programmers",8.38298856895678e-07
6,"programmers",9.00372033724334e-07
1,"forwards",8.90819393494524e-07
2,"forwards",8.80706538013056e-07
3,"forwards",8.96684221553803e-05
4,"forwards",8.63146410346709e-07
5,"forwards",8.38298856895678e-07
6,"forwards",9.00372033724334e-07
1,"child",8.90819393494524e-07
2,"child",8.80706538013056e-07
3,"child",5.41561757572099e-05
4,"child",8.63146410346709e-07
5,"child",8.38298856895678e-07
6,"child",9.00372033724334e-07
1,"seemingly",8.90819393494524e-07
2,"seemingly",8.80706538013056e-07
3,"seemingly",8.87806159954261e-07
4,"seemingly",0.000233912677203958
5,"seemingly",8.38298856895678e-07
6,"seemingly",9.00372033724334e-07
1,"reality",8.90819393494524e-07
2,"reality",2.73019026784047e-05
3,"reality",8.87806159954261e-07
4,"reality",8.63146410346709e-07
5,"reality",8.38298856895678e-07
6,"reality",4.59189737199411e-05
1,"dissapeared",8.90819393494524e-07
2,"dissapeared",8.80706538013056e-07
3,"dissapeared",4.52781141576672e-05
4,"dissapeared",8.63146410346709e-07
5,"dissapeared",6.790220740855e-05
6,"dissapeared",9.00372033724334e-07
1,"rendering",8.90819393494524e-07
2,"rendering",8.80706538013056e-07
3,"rendering",8.87806159954261e-07
4,"rendering",8.63146410346709e-07
5,"rendering",8.38298856895678e-07
6,"rendering",5.49226940571845e-05
1,"earphone",8.90819393494524e-07
2,"earphone",8.80706538013056e-07
3,"earphone",8.87806159954261e-07
4,"earphone",7.85463233415505e-05
5,"earphone",8.38298856895678e-07
6,"earphone",9.00372033724334e-07
1,"audience",8.90819393494524e-07
2,"audience",8.80706538013056e-07
3,"audience",8.87806159954261e-07
4,"audience",9.4946105138138e-06
5,"audience",8.38298856895678e-07
6,"audience",7.29301347316712e-05
1,"hosts",8.90819393494524e-07
2,"hosts",8.80706538013056e-07
3,"hosts",8.87806159954261e-07
4,"hosts",8.63146410346709e-07
5,"hosts",5.11362302706364e-05
6,"hosts",9.00372033724334e-07
1,"undownloaded",7.21563708730564e-05
2,"undownloaded",8.80706538013056e-07
3,"undownloaded",8.87806159954261e-07
4,"undownloaded",8.63146410346709e-07
5,"undownloaded",8.38298856895678e-07
6,"undownloaded",9.00372033724334e-07
1,"tray",8.90819393494524e-07
2,"tray",9.68777191814362e-06
3,"tray",9.76586775949687e-06
4,"tray",4.40204669276821e-05
5,"tray",8.38298856895678e-07
6,"tray",9.00372033724334e-07
1,"decades",8.90819393494524e-07
2,"decades",8.80706538013056e-07
3,"decades",8.87806159954261e-07
4,"decades",8.63146410346709e-07
5,"decades",8.38298856895678e-07
6,"decades",7.29301347316712e-05
1,"favor",8.90819393494524e-07
2,"favor",8.01442949591881e-05
3,"favor",8.87806159954261e-07
4,"favor",8.63146410346709e-07
5,"favor",8.38298856895678e-07
6,"favor",9.00372033724334e-07
1,"thumb",8.90819393494524e-07
2,"thumb",1.84948372982742e-05
3,"thumb",7.19122989562951e-05
4,"thumb",8.63146410346709e-07
5,"thumb",8.38298856895678e-07
6,"thumb",9.00372033724334e-07
1,"befor",5.43399830031659e-05
2,"befor",8.80706538013056e-07
3,"befor",8.87806159954261e-07
4,"befor",8.63146410346709e-07
5,"befor",8.38298856895678e-07
6,"befor",9.00372033724334e-07
1,"luckily",8.90819393494524e-07
2,"luckily",8.80706538013056e-07
3,"luckily",8.87806159954261e-07
4,"luckily",6.12833951346163e-05
5,"luckily",8.38298856895678e-07
6,"luckily",9.90409237096768e-06
1,"sis",8.90819393494524e-07
2,"sis",8.80706538013056e-07
3,"sis",8.87806159954261e-07
4,"sis",8.63146410346709e-07
5,"sis",4.27532417016796e-05
6,"sis",9.00372033724334e-07
1,"imma",8.90819393494524e-07
2,"imma",8.80706538013056e-07
3,"imma",5.41561757572099e-05
4,"imma",8.63146410346709e-07
5,"imma",8.38298856895678e-07
6,"imma",9.00372033724334e-07
1,"regretting",3.65235951332755e-05
2,"regretting",8.80706538013056e-07
3,"regretting",8.87806159954261e-07
4,"regretting",2.6757538720748e-05
5,"regretting",8.38298856895678e-07
6,"regretting",9.00372033724334e-07
1,"unbelievably",8.90819393494524e-07
2,"unbelievably",8.80706538013056e-07
3,"unbelievably",8.07903605558377e-05
4,"unbelievably",8.63146410346709e-07
5,"unbelievably",8.38298856895678e-07
6,"unbelievably",9.00372033724334e-07
1,"generic",8.90819393494524e-07
2,"generic",8.80706538013056e-07
3,"generic",8.87806159954261e-07
4,"generic",8.63146410346709e-07
5,"generic",8.38298856895678e-07
6,"generic",6.39264143944278e-05
1,"described",8.90819393494524e-07
2,"described",8.80706538013056e-07
3,"described",8.87806159954261e-07
4,"described",8.63146410346709e-07
5,"described",8.38298856895678e-07
6,"described",7.29301347316712e-05
1,"racist",8.90819393494524e-07
2,"racist",0.000177022014140624
3,"racist",8.87806159954261e-07
4,"racist",8.63146410346709e-07
5,"racist",8.38298856895678e-07
6,"racist",9.00372033724334e-07
1,"falls",8.90819393494524e-07
2,"falls",5.37230988187964e-05
3,"falls",8.87806159954261e-07
4,"falls",9.4946105138138e-06
5,"falls",8.38298856895678e-07
6,"falls",9.00372033724334e-07
1,"originals",8.90819393494524e-07
2,"originals",8.80706538013056e-07
3,"originals",5.41561757572099e-05
4,"originals",8.63146410346709e-07
5,"originals",9.22128742585246e-06
6,"originals",9.00372033724334e-07
1,"science",8.90819393494524e-07
2,"science",0.00010656549109958
3,"science",5.41561757572099e-05
4,"science",8.63146410346709e-07
5,"science",8.38298856895678e-07
6,"science",9.00372033724334e-07
1,"regain",8.90819393494524e-07
2,"regain",9.68777191814362e-06
3,"regain",8.87806159954261e-07
4,"regain",6.12833951346163e-05
5,"regain",8.38298856895678e-07
6,"regain",9.00372033724334e-07
1,"assumed",8.90819393494524e-07
2,"assumed",1.84948372982742e-05
3,"assumed",1.86439293590395e-05
4,"assumed",8.63146410346709e-07
5,"assumed",8.38298856895678e-07
6,"assumed",9.90409237096768e-06
1,"wild",8.90819393494524e-07
2,"wild",8.80706538013056e-07
3,"wild",8.87806159954261e-07
4,"wild",4.40204669276821e-05
5,"wild",8.38298856895678e-07
6,"wild",9.00372033724334e-07
1,"playist",8.90819393494524e-07
2,"playist",9.68777191814362e-06
3,"playist",8.87806159954261e-07
4,"playist",8.63146410346709e-07
5,"playist",3.43702531327228e-05
6,"playist",9.00372033724334e-07
1,"stealing",8.90819393494524e-07
2,"stealing",6.25301641989269e-05
3,"stealing",8.87806159954261e-07
4,"stealing",8.63146410346709e-07
5,"stealing",8.38298856895678e-07
6,"stealing",9.00372033724334e-07
1,"v",8.90819393494524e-07
2,"v",8.80706538013056e-07
3,"v",2.75219909585821e-05
4,"v",8.63146410346709e-07
5,"v",8.38298856895678e-07
6,"v",7.29301347316712e-05
1,"adjustment",8.90819393494524e-07
2,"adjustment",8.80706538013056e-07
3,"adjustment",8.87806159954261e-07
4,"adjustment",4.40204669276821e-05
5,"adjustment",8.38298856895678e-07
6,"adjustment",9.00372033724334e-07
1,"proceeds",1.8707207263385e-05
2,"proceeds",8.80706538013056e-07
3,"proceeds",8.87806159954261e-07
4,"proceeds",2.6757538720748e-05
5,"proceeds",8.38298856895678e-07
6,"proceeds",9.00372033724334e-07
1,"sets",1.8707207263385e-05
2,"sets",8.80706538013056e-07
3,"sets",4.52781141576672e-05
4,"sets",3.53890028242151e-05
5,"sets",8.38298856895678e-07
6,"sets",9.00372033724334e-07
1,"stolen",8.90819393494524e-07
2,"stolen",6.25301641989269e-05
3,"stolen",8.87806159954261e-07
4,"stolen",8.63146410346709e-07
5,"stolen",8.38298856895678e-07
6,"stolen",9.00372033724334e-07
1,"december",8.90819393494524e-07
2,"december",8.80706538013056e-07
3,"december",8.87806159954261e-07
4,"december",9.4946105138138e-06
5,"december",4.27532417016796e-05
6,"december",9.00372033724334e-07
1,"household",5.43399830031659e-05
2,"household",8.80706538013056e-07
3,"household",8.87806159954261e-07
4,"household",8.63146410346709e-07
5,"household",8.38298856895678e-07
6,"household",9.00372033724334e-07
1,"successfully",4.54317890682208e-05
2,"successfully",8.80706538013056e-07
3,"successfully",8.87806159954261e-07
4,"successfully",8.63146410346709e-07
5,"successfully",8.38298856895678e-07
6,"successfully",9.00372033724334e-07
1,"performs",8.90819393494524e-07
2,"performs",8.80706538013056e-07
3,"performs",8.87806159954261e-07
4,"performs",5.26519310311492e-05
5,"performs",8.38298856895678e-07
6,"performs",9.00372033724334e-07
1,"sell",8.90819393494524e-07
2,"sell",9.77584257194491e-05
3,"sell",8.87806159954261e-07
4,"sell",8.63146410346709e-07
5,"sell",8.38298856895678e-07
6,"sell",9.00372033724334e-07
1,"inactive",3.65235951332755e-05
2,"inactive",8.80706538013056e-07
3,"inactive",8.87806159954261e-07
4,"inactive",8.63146410346709e-07
5,"inactive",9.22128742585246e-06
6,"inactive",9.00372033724334e-07
1,"damage",2.76154011983302e-05
2,"damage",8.80706538013056e-07
3,"damage",8.87806159954261e-07
4,"damage",8.63146410346709e-07
5,"damage",8.38298856895678e-07
6,"damage",2.79115330454544e-05
1,"nature",8.90819393494524e-07
2,"nature",8.80706538013056e-07
3,"nature",1.86439293590395e-05
4,"nature",8.63146410346709e-07
5,"nature",3.43702531327228e-05
6,"nature",9.00372033724334e-07
1,"families",4.54317890682208e-05
2,"families",8.80706538013056e-07
3,"families",8.87806159954261e-07
4,"families",8.63146410346709e-07
5,"families",9.22128742585246e-06
6,"families",9.00372033724334e-07
1,"detailed",8.90819393494524e-07
2,"detailed",8.80706538013056e-07
3,"detailed",3.64000525581247e-05
4,"detailed",8.63146410346709e-07
5,"detailed",9.22128742585246e-06
6,"detailed",9.00372033724334e-07
1,"podcast's",4.54317890682208e-05
2,"podcast's",8.80706538013056e-07
3,"podcast's",8.87806159954261e-07
4,"podcast's",8.63146410346709e-07
5,"podcast's",8.38298856895678e-07
6,"podcast's",9.00372033724334e-07
1,"highlighted",3.65235951332755e-05
2,"highlighted",8.80706538013056e-07
3,"highlighted",8.87806159954261e-07
4,"highlighted",8.63146410346709e-07
5,"highlighted",9.22128742585246e-06
6,"highlighted",9.00372033724334e-07
1,"appearance",8.90819393494524e-07
2,"appearance",8.80706538013056e-07
3,"appearance",8.87806159954261e-07
4,"appearance",8.63146410346709e-07
5,"appearance",8.38298856895678e-07
6,"appearance",6.39264143944278e-05
1,"decently",3.65235951332755e-05
2,"decently",8.80706538013056e-07
3,"decently",1.86439293590395e-05
4,"decently",8.63146410346709e-07
5,"decently",8.38298856895678e-07
6,"decently",9.00372033724334e-07
1,"overlay",8.90819393494524e-07
2,"overlay",8.80706538013056e-07
3,"overlay",8.87806159954261e-07
4,"overlay",8.71777874450176e-05
5,"overlay",8.38298856895678e-07
6,"overlay",9.00372033724334e-07
1,"pulls",8.90819393494524e-07
2,"pulls",5.37230988187964e-05
3,"pulls",8.87806159954261e-07
4,"pulls",8.63146410346709e-07
5,"pulls",9.22128742585246e-06
6,"pulls",1.8907812708211e-05
1,"boo",8.90819393494524e-07
2,"boo",8.80706538013056e-07
3,"boo",8.87806159954261e-07
4,"boo",4.40204669276821e-05
5,"boo",8.38298856895678e-07
6,"boo",9.90409237096768e-06
1,"hd",8.90819393494524e-07
2,"hd",0.000150600818000232
3,"hd",8.87806159954261e-07
4,"hd",8.63146410346709e-07
5,"hd",8.38298856895678e-07
6,"hd",9.90409237096768e-06
1,"viewed",8.90819393494524e-07
2,"viewed",8.80706538013056e-07
3,"viewed",8.87806159954261e-07
4,"viewed",6.99148592380834e-05
5,"viewed",8.38298856895678e-07
6,"viewed",9.00372033724334e-07
1,"delayed",8.90819393494524e-07
2,"delayed",3.61089680585353e-05
3,"delayed",9.76586775949687e-06
4,"delayed",8.63146410346709e-07
5,"delayed",8.38298856895678e-07
6,"delayed",9.00372033724334e-07
1,"shade",8.90819393494524e-07
2,"shade",8.80706538013056e-07
3,"shade",8.87806159954261e-07
4,"shade",6.99148592380834e-05
5,"shade",8.38298856895678e-07
6,"shade",1.8907812708211e-05
1,"joni",8.90819393494524e-07
2,"joni",8.80706538013056e-07
3,"joni",9.85464837549228e-05
4,"joni",8.63146410346709e-07
5,"joni",8.38298856895678e-07
6,"joni",9.00372033724334e-07
1,"mitchell",8.90819393494524e-07
2,"mitchell",8.80706538013056e-07
3,"mitchell",8.87806159954261e-07
4,"mitchell",7.85463233415505e-05
5,"mitchell",8.38298856895678e-07
6,"mitchell",9.00372033724334e-07
1,"pirate",5.43399830031659e-05
2,"pirate",9.68777191814362e-06
3,"pirate",8.87806159954261e-07
4,"pirate",9.4946105138138e-06
5,"pirate",9.22128742585246e-06
6,"pirate",9.00372033724334e-07
1,"tape",8.90819393494524e-07
2,"tape",8.80706538013056e-07
3,"tape",2.75219909585821e-05
4,"tape",8.63146410346709e-07
5,"tape",1.76042759948093e-05
6,"tape",9.00372033724334e-07
1,"ringtones",8.90819393494524e-07
2,"ringtones",8.80706538013056e-07
3,"ringtones",2.75219909585821e-05
4,"ringtones",8.63146410346709e-07
5,"ringtones",1.76042759948093e-05
6,"ringtones",9.00372033724334e-07
1,"officially",8.90819393494524e-07
2,"officially",6.25301641989269e-05
3,"officially",8.87806159954261e-07
4,"officially",8.63146410346709e-07
5,"officially",8.38298856895678e-07
6,"officially",9.90409237096768e-06
1,"passwords",8.99727587429469e-05
2,"passwords",3.61089680585353e-05
3,"passwords",8.87806159954261e-07
4,"passwords",8.63146410346709e-07
5,"passwords",8.38298856895678e-07
6,"passwords",9.90409237096768e-06
1,"affect",8.90819393494524e-07
2,"affect",8.80706538013056e-07
3,"affect",8.87806159954261e-07
4,"affect",7.85463233415505e-05
5,"affect",8.38298856895678e-07
6,"affect",9.00372033724334e-07
1,"logins",4.54317890682208e-05
2,"logins",8.80706538013056e-07
3,"logins",8.87806159954261e-07
4,"logins",8.63146410346709e-07
5,"logins",8.38298856895678e-07
6,"logins",9.00372033724334e-07
1,"30min",8.90819393494524e-07
2,"30min",8.80706538013056e-07
3,"30min",8.87806159954261e-07
4,"30min",8.63146410346709e-07
5,"30min",4.27532417016796e-05
6,"30min",9.00372033724334e-07
1,"christmas",8.90819393494524e-07
2,"christmas",9.68777191814362e-06
3,"christmas",8.87806159954261e-07
4,"christmas",9.4946105138138e-06
5,"christmas",8.38298856895678e-07
6,"christmas",7.29301347316712e-05
1,"savvy",8.90819393494524e-07
2,"savvy",3.61089680585353e-05
3,"savvy",8.87806159954261e-07
4,"savvy",9.4946105138138e-06
5,"savvy",8.38298856895678e-07
6,"savvy",9.00372033724334e-07
1,"eh",8.90819393494524e-07
2,"eh",8.80706538013056e-07
3,"eh",1.86439293590395e-05
4,"eh",3.53890028242151e-05
5,"eh",8.38298856895678e-07
6,"eh",9.00372033724334e-07
1,"supply",5.43399830031659e-05
2,"supply",8.80706538013056e-07
3,"supply",8.87806159954261e-07
4,"supply",8.63146410346709e-07
5,"supply",8.38298856895678e-07
6,"supply",9.00372033724334e-07
1,"bless",8.90819393494524e-07
2,"bless",8.80706538013056e-07
3,"bless",9.76586775949687e-06
4,"bless",8.63146410346709e-07
5,"bless",8.38298856895678e-07
6,"bless",6.39264143944278e-05
1,"generation",8.90819393494524e-07
2,"generation",8.80706538013056e-07
3,"generation",8.87806159954261e-07
4,"generation",8.63146410346709e-07
5,"generation",8.38298856895678e-07
6,"generation",6.39264143944278e-05
1,"8th",4.54317890682208e-05
2,"8th",8.80706538013056e-07
3,"8th",8.87806159954261e-07
4,"8th",8.63146410346709e-07
5,"8th",8.38298856895678e-07
6,"8th",9.00372033724334e-07
1,"series",9.79901332843977e-06
2,"series",8.80706538013056e-07
3,"series",9.76586775949687e-06
4,"series",7.85463233415505e-05
5,"series",8.38298856895678e-07
6,"series",9.00372033724334e-07
1,"unfriendly",8.90819393494524e-07
2,"unfriendly",8.80706538013056e-07
3,"unfriendly",8.87806159954261e-07
4,"unfriendly",8.63146410346709e-07
5,"unfriendly",7.62851959775067e-05
6,"unfriendly",9.00372033724334e-07
1,"recovery",3.65235951332755e-05
2,"recovery",1.84948372982742e-05
3,"recovery",9.76586775949687e-06
4,"recovery",8.63146410346709e-07
5,"recovery",8.38298856895678e-07
6,"recovery",9.00372033724334e-07
1,"body",8.90819393494524e-07
2,"body",8.80706538013056e-07
3,"body",8.87806159954261e-07
4,"body",3.53890028242151e-05
5,"body",1.76042759948093e-05
6,"body",9.00372033724334e-07
1,"mentally",8.90819393494524e-07
2,"mentally",4.49160334386658e-05
3,"mentally",8.87806159954261e-07
4,"mentally",8.63146410346709e-07
5,"mentally",8.38298856895678e-07
6,"mentally",9.00372033724334e-07
1,"century",8.90819393494524e-07
2,"century",8.80706538013056e-07
3,"century",8.87806159954261e-07
4,"century",5.26519310311492e-05
5,"century",8.38298856895678e-07
6,"century",9.00372033724334e-07
1,"maximum",2.76154011983302e-05
2,"maximum",8.80706538013056e-07
3,"maximum",5.41561757572099e-05
4,"maximum",9.4946105138138e-06
5,"maximum",8.38298856895678e-07
6,"maximum",3.69152533826978e-05
1,"messenger",8.90819393494524e-07
2,"messenger",8.80706538013056e-07
3,"messenger",8.87806159954261e-07
4,"messenger",4.40204669276821e-05
5,"messenger",8.38298856895678e-07
6,"messenger",9.00372033724334e-07
1,"discography",8.90819393494524e-07
2,"discography",8.80706538013056e-07
3,"discography",8.96684221553803e-05
4,"discography",8.63146410346709e-07
5,"discography",8.38298856895678e-07
6,"discography",9.90409237096768e-06
1,"advantage",8.90819393494524e-07
2,"advantage",8.80706538013056e-07
3,"advantage",9.76586775949687e-06
4,"advantage",8.63146410346709e-07
5,"advantage",8.38298856895678e-07
6,"advantage",5.49226940571845e-05
1,"cleaned",8.90819393494524e-07
2,"cleaned",8.80706538013056e-07
3,"cleaned",8.87806159954261e-07
4,"cleaned",8.63146410346709e-07
5,"cleaned",1.76042759948093e-05
6,"cleaned",2.79115330454544e-05
1,"promotes",8.90819393494524e-07
2,"promotes",8.80706538013056e-07
3,"promotes",8.87806159954261e-07
4,"promotes",8.63146410346709e-07
5,"promotes",9.22128742585246e-06
6,"promotes",3.69152533826978e-05
1,"disinformation",8.90819393494524e-07
2,"disinformation",0.00011537255647971
3,"disinformation",9.76586775949687e-06
4,"disinformation",8.63146410346709e-07
5,"disinformation",8.38298856895678e-07
6,"disinformation",4.59189737199411e-05
1,"ad's",8.90819393494524e-07
2,"ad's",2.73019026784047e-05
3,"ad's",8.87806159954261e-07
4,"ad's",8.63146410346709e-07
5,"ad's",8.38298856895678e-07
6,"ad's",1.8907812708211e-05
1,"redo",8.90819393494524e-07
2,"redo",5.37230988187964e-05
3,"redo",8.87806159954261e-07
4,"redo",8.63146410346709e-07
5,"redo",8.38298856895678e-07
6,"redo",9.00372033724334e-07
1,"events",8.90819393494524e-07
2,"events",8.80706538013056e-07
3,"events",7.19122989562951e-05
4,"events",8.63146410346709e-07
5,"events",8.38298856895678e-07
6,"events",9.90409237096768e-06
1,"dissapear",8.90819393494524e-07
2,"dissapear",8.80706538013056e-07
3,"dissapear",8.87806159954261e-07
4,"dissapear",0.000130335107962353
5,"dissapear",8.38298856895678e-07
6,"dissapear",9.00372033724334e-07
1,"decline",8.90819393494524e-07
2,"decline",8.89513603393186e-05
3,"decline",8.87806159954261e-07
4,"decline",8.63146410346709e-07
5,"decline",8.38298856895678e-07
6,"decline",9.00372033724334e-07
1,"linking",8.90819393494524e-07
2,"linking",5.37230988187964e-05
3,"linking",8.87806159954261e-07
4,"linking",8.63146410346709e-07
5,"linking",8.38298856895678e-07
6,"linking",9.00372033724334e-07
1,"calming",8.90819393494524e-07
2,"calming",8.80706538013056e-07
3,"calming",7.19122989562951e-05
4,"calming",8.63146410346709e-07
5,"calming",8.38298856895678e-07
6,"calming",9.00372033724334e-07
1,"earbud",8.90819393494524e-07
2,"earbud",8.80706538013056e-07
3,"earbud",8.87806159954261e-07
4,"earbud",4.40204669276821e-05
5,"earbud",8.38298856895678e-07
6,"earbud",9.00372033724334e-07
1,"bandwidth",8.90819393494524e-07
2,"bandwidth",8.80706538013056e-07
3,"bandwidth",8.87806159954261e-07
4,"bandwidth",8.63146410346709e-07
5,"bandwidth",5.95192188395932e-05
6,"bandwidth",9.00372033724334e-07
1,"remedied",4.54317890682208e-05
2,"remedied",8.80706538013056e-07
3,"remedied",8.87806159954261e-07
4,"remedied",8.63146410346709e-07
5,"remedied",8.38298856895678e-07
6,"remedied",9.00372033724334e-07
1,"heading",8.90819393494524e-07
2,"heading",4.49160334386658e-05
3,"heading",8.87806159954261e-07
4,"heading",8.63146410346709e-07
5,"heading",8.38298856895678e-07
6,"heading",9.00372033724334e-07
1,"clicks",3.65235951332755e-05
2,"clicks",4.49160334386658e-05
3,"clicks",8.87806159954261e-07
4,"clicks",8.63146410346709e-07
5,"clicks",8.38298856895678e-07
6,"clicks",9.00372033724334e-07
1,"5a",8.90819393494524e-07
2,"5a",8.80706538013056e-07
3,"5a",8.87806159954261e-07
4,"5a",4.40204669276821e-05
5,"5a",8.38298856895678e-07
6,"5a",9.00372033724334e-07
1,"tolerable",8.90819393494524e-07
2,"tolerable",8.80706538013056e-07
3,"tolerable",9.76586775949687e-06
4,"tolerable",3.53890028242151e-05
5,"tolerable",8.38298856895678e-07
6,"tolerable",9.00372033724334e-07
1,"wierd",5.43399830031659e-05
2,"wierd",8.80706538013056e-07
3,"wierd",8.87806159954261e-07
4,"wierd",8.63146410346709e-07
5,"wierd",8.38298856895678e-07
6,"wierd",9.00372033724334e-07
1,"bcz",8.90819393494524e-07
2,"bcz",9.68777191814362e-06
3,"bcz",8.87806159954261e-07
4,"bcz",2.6757538720748e-05
5,"bcz",1.76042759948093e-05
6,"bcz",9.00372033724334e-07
1,"sporadically",8.90819393494524e-07
2,"sporadically",8.80706538013056e-07
3,"sporadically",8.87806159954261e-07
4,"sporadically",7.85463233415505e-05
5,"sporadically",9.22128742585246e-06
6,"sporadically",9.00372033724334e-07
1,"swap",1.8707207263385e-05
2,"swap",8.80706538013056e-07
3,"swap",3.64000525581247e-05
4,"swap",8.63146410346709e-07
5,"swap",8.38298856895678e-07
6,"swap",9.00372033724334e-07
1,"completly",8.90819393494524e-07
2,"completly",9.68777191814362e-06
3,"completly",8.87806159954261e-07
4,"completly",8.63146410346709e-07
5,"completly",4.27532417016796e-05
6,"completly",9.00372033724334e-07
1,"remembering",8.90819393494524e-07
2,"remembering",8.80706538013056e-07
3,"remembering",8.87806159954261e-07
4,"remembering",5.26519310311492e-05
5,"remembering",8.38298856895678e-07
6,"remembering",4.59189737199411e-05
1,"breaker",8.90819393494524e-07
2,"breaker",8.80706538013056e-07
3,"breaker",3.64000525581247e-05
4,"breaker",9.4946105138138e-06
5,"breaker",8.38298856895678e-07
6,"breaker",2.79115330454544e-05
1,"percentage",8.90819393494524e-07
2,"percentage",4.49160334386658e-05
3,"percentage",8.87806159954261e-07
4,"percentage",8.63146410346709e-07
5,"percentage",8.38298856895678e-07
6,"percentage",9.00372033724334e-07
1,"idiot",8.90819393494524e-07
2,"idiot",8.80706538013056e-07
3,"idiot",3.64000525581247e-05
4,"idiot",2.6757538720748e-05
5,"idiot",9.22128742585246e-06
6,"idiot",9.00372033724334e-07
1,"obnoxious",8.99727587429469e-05
2,"obnoxious",8.80706538013056e-07
3,"obnoxious",9.76586775949687e-06
4,"obnoxious",1.81260746172809e-05
5,"obnoxious",9.22128742585246e-06
6,"obnoxious",9.00372033724334e-07
1,"disapearing",8.90819393494524e-07
2,"disapearing",8.80706538013056e-07
3,"disapearing",8.87806159954261e-07
4,"disapearing",4.40204669276821e-05
5,"disapearing",8.38298856895678e-07
6,"disapearing",9.00372033724334e-07
1,"buggier",8.90819393494524e-07
2,"buggier",8.80706538013056e-07
3,"buggier",0.000116302606954008
4,"buggier",8.63146410346709e-07
5,"buggier",8.38298856895678e-07
6,"buggier",9.00372033724334e-07
1,"annoy",3.65235951332755e-05
2,"annoy",8.80706538013056e-07
3,"annoy",8.87806159954261e-07
4,"annoy",8.63146410346709e-07
5,"annoy",0.000126583127391248
6,"annoy",9.00372033724334e-07
1,"potentially",8.90819393494524e-07
2,"potentially",9.68777191814362e-06
3,"potentially",3.64000525581247e-05
4,"potentially",8.63146410346709e-07
5,"potentially",8.38298856895678e-07
6,"potentially",9.00372033724334e-07
1,"handed",8.90819393494524e-07
2,"handed",8.80706538013056e-07
3,"handed",4.52781141576672e-05
4,"handed",8.63146410346709e-07
5,"handed",8.38298856895678e-07
6,"handed",9.00372033724334e-07
1,"iphones",8.90819393494524e-07
2,"iphones",8.80706538013056e-07
3,"iphones",7.19122989562951e-05
4,"iphones",8.63146410346709e-07
5,"iphones",8.38298856895678e-07
6,"iphones",9.00372033724334e-07
1,"adele",8.90819393494524e-07
2,"adele",8.80706538013056e-07
3,"adele",6.30342373567525e-05
4,"adele",8.63146410346709e-07
5,"adele",8.38298856895678e-07
6,"adele",9.00372033724334e-07
1,"rewinding",8.90819393494524e-07
2,"rewinding",8.80706538013056e-07
3,"rewinding",4.52781141576672e-05
4,"rewinding",9.4946105138138e-06
5,"rewinding",8.38298856895678e-07
6,"rewinding",9.00372033724334e-07
1,"hav",9.79901332843977e-06
2,"hav",2.73019026784047e-05
3,"hav",1.86439293590395e-05
4,"hav",8.63146410346709e-07
5,"hav",9.22128742585246e-06
6,"hav",9.00372033724334e-07
1,"10-20",9.79901332843977e-06
2,"10-20",8.80706538013056e-07
3,"10-20",3.64000525581247e-05
4,"10-20",8.63146410346709e-07
5,"10-20",8.38298856895678e-07
6,"10-20",9.00372033724334e-07
1,"declined",8.90819393494524e-07
2,"declined",8.01442949591881e-05
3,"declined",8.87806159954261e-07
4,"declined",8.63146410346709e-07
5,"declined",8.38298856895678e-07
6,"declined",9.00372033724334e-07
1,"partner",0.000125605534482728
2,"partner",8.80706538013056e-07
3,"partner",8.87806159954261e-07
4,"partner",8.63146410346709e-07
5,"partner",8.38298856895678e-07
6,"partner",9.00372033724334e-07
1,"jumbled",8.90819393494524e-07
2,"jumbled",8.80706538013056e-07
3,"jumbled",2.75219909585821e-05
4,"jumbled",1.81260746172809e-05
5,"jumbled",8.38298856895678e-07
6,"jumbled",9.00372033724334e-07
1,"simplest",8.90819393494524e-07
2,"simplest",5.37230988187964e-05
3,"simplest",8.87806159954261e-07
4,"simplest",8.63146410346709e-07
5,"simplest",8.38298856895678e-07
6,"simplest",9.00372033724334e-07
1,"effects",8.90819393494524e-07
2,"effects",8.80706538013056e-07
3,"effects",8.87806159954261e-07
4,"effects",9.4946105138138e-06
5,"effects",4.27532417016796e-05
6,"effects",9.00372033724334e-07
1,"reference",8.90819393494524e-07
2,"reference",4.49160334386658e-05
3,"reference",8.87806159954261e-07
4,"reference",8.63146410346709e-07
5,"reference",8.38298856895678e-07
6,"reference",9.00372033724334e-07
1,"dynamic",8.90819393494524e-07
2,"dynamic",8.80706538013056e-07
3,"dynamic",8.87806159954261e-07
4,"dynamic",8.63146410346709e-07
5,"dynamic",8.38298856895678e-07
6,"dynamic",6.39264143944278e-05
1,"outright",8.90819393494524e-07
2,"outright",0.000124179621859841
3,"outright",8.87806159954261e-07
4,"outright",8.63146410346709e-07
5,"outright",8.38298856895678e-07
6,"outright",1.8907812708211e-05
1,"global",8.90819393494524e-07
2,"global",8.80706538013056e-07
3,"global",8.87806159954261e-07
4,"global",8.63146410346709e-07
5,"global",8.38298856895678e-07
6,"global",0.000108945016080645
1,"dissapearing",8.90819393494524e-07
2,"dissapearing",1.84948372982742e-05
3,"dissapearing",8.87806159954261e-07
4,"dissapearing",8.71777874450176e-05
5,"dissapearing",8.38298856895678e-07
6,"dissapearing",9.00372033724334e-07
1,"microphone",8.90819393494524e-07
2,"microphone",5.37230988187964e-05
3,"microphone",8.87806159954261e-07
4,"microphone",9.4946105138138e-06
5,"microphone",8.38298856895678e-07
6,"microphone",9.00372033724334e-07
1,"fist",8.90819393494524e-07
2,"fist",3.61089680585353e-05
3,"fist",8.87806159954261e-07
4,"fist",8.63146410346709e-07
5,"fist",9.22128742585246e-06
6,"fist",9.00372033724334e-07
1,"achieve",8.90819393494524e-07
2,"achieve",1.84948372982742e-05
3,"achieve",2.75219909585821e-05
4,"achieve",8.63146410346709e-07
5,"achieve",8.38298856895678e-07
6,"achieve",9.00372033724334e-07
1,"triggers",9.79901332843977e-06
2,"triggers",8.80706538013056e-07
3,"triggers",3.64000525581247e-05
4,"triggers",8.63146410346709e-07
5,"triggers",8.38298856895678e-07
6,"triggers",9.00372033724334e-07
1,"dif",8.90819393494524e-07
2,"dif",2.73019026784047e-05
3,"dif",8.87806159954261e-07
4,"dif",8.63146410346709e-07
5,"dif",1.76042759948093e-05
6,"dif",9.00372033724334e-07
1,"structure",8.90819393494524e-07
2,"structure",8.80706538013056e-07
3,"structure",4.52781141576672e-05
4,"structure",8.63146410346709e-07
5,"structure",8.38298856895678e-07
6,"structure",9.00372033724334e-07
1,"dreadful",8.90819393494524e-07
2,"dreadful",8.80706538013056e-07
3,"dreadful",7.19122989562951e-05
4,"dreadful",8.63146410346709e-07
5,"dreadful",8.38298856895678e-07
6,"dreadful",9.00372033724334e-07
1,"pointed",8.90819393494524e-07
2,"pointed",3.61089680585353e-05
3,"pointed",9.76586775949687e-06
4,"pointed",8.63146410346709e-07
5,"pointed",8.38298856895678e-07
6,"pointed",9.00372033724334e-07
1,"latin",8.90819393494524e-07
2,"latin",8.80706538013056e-07
3,"latin",8.87806159954261e-07
4,"latin",8.63146410346709e-07
5,"latin",5.11362302706364e-05
6,"latin",9.00372033724334e-07
1,"expansive",8.90819393494524e-07
2,"expansive",8.80706538013056e-07
3,"expansive",9.76586775949687e-06
4,"expansive",8.63146410346709e-07
5,"expansive",3.43702531327228e-05
6,"expansive",9.00372033724334e-07
1,"pity",5.43399830031659e-05
2,"pity",8.80706538013056e-07
3,"pity",8.87806159954261e-07
4,"pity",8.63146410346709e-07
5,"pity",8.38298856895678e-07
6,"pity",1.8907812708211e-05
1,"affected",0.000116697340547783
2,"affected",8.80706538013056e-07
3,"affected",8.87806159954261e-07
4,"affected",9.4946105138138e-06
5,"affected",8.38298856895678e-07
6,"affected",9.00372033724334e-07
1,"phases",8.90819393494524e-07
2,"phases",1.84948372982742e-05
3,"phases",8.87806159954261e-07
4,"phases",8.63146410346709e-07
5,"phases",8.38298856895678e-07
6,"phases",2.79115330454544e-05
1,"evil",8.90819393494524e-07
2,"evil",6.25301641989269e-05
3,"evil",9.76586775949687e-06
4,"evil",8.63146410346709e-07
5,"evil",8.38298856895678e-07
6,"evil",9.00372033724334e-07
1,"practices",4.54317890682208e-05
2,"practices",1.84948372982742e-05
3,"practices",8.87806159954261e-07
4,"practices",8.63146410346709e-07
5,"practices",8.38298856895678e-07
6,"practices",9.00372033724334e-07
1,"dies",8.90819393494524e-07
2,"dies",8.01442949591881e-05
3,"dies",8.87806159954261e-07
4,"dies",8.63146410346709e-07
5,"dies",8.38298856895678e-07
6,"dies",9.00372033724334e-07
1,"90s",8.90819393494524e-07
2,"90s",8.80706538013056e-07
3,"90s",8.87806159954261e-07
4,"90s",8.63146410346709e-07
5,"90s",8.38298856895678e-07
6,"90s",0.000117948736417888
1,"timers",1.8707207263385e-05
2,"timers",8.80706538013056e-07
3,"timers",8.87806159954261e-07
4,"timers",8.63146410346709e-07
5,"timers",8.38298856895678e-07
6,"timers",2.79115330454544e-05
1,"widely",8.90819393494524e-07
2,"widely",9.68777191814362e-06
3,"widely",8.87806159954261e-07
4,"widely",8.63146410346709e-07
5,"widely",8.38298856895678e-07
6,"widely",3.69152533826978e-05
1,"regions",9.79901332843977e-06
2,"regions",2.73019026784047e-05
3,"regions",9.76586775949687e-06
4,"regions",8.63146410346709e-07
5,"regions",8.38298856895678e-07
6,"regions",9.00372033724334e-07
1,"adjusting",2.76154011983302e-05
2,"adjusting",8.80706538013056e-07
3,"adjusting",8.87806159954261e-07
4,"adjusting",8.63146410346709e-07
5,"adjusting",3.43702531327228e-05
6,"adjusting",9.00372033724334e-07
1,"em",8.99727587429469e-05
2,"em",3.61089680585353e-05
3,"em",8.87806159954261e-07
4,"em",8.63146410346709e-07
5,"em",9.22128742585246e-06
6,"em",9.00372033724334e-07
1,"twenty-seven",8.90819393494524e-07
2,"twenty-seven",8.80706538013056e-07
3,"twenty-seven",3.64000525581247e-05
4,"twenty-seven",8.63146410346709e-07
5,"twenty-seven",8.38298856895678e-07
6,"twenty-seven",9.90409237096768e-06
1,"reverts",8.90819393494524e-07
2,"reverts",5.37230988187964e-05
3,"reverts",8.87806159954261e-07
4,"reverts",8.63146410346709e-07
5,"reverts",8.38298856895678e-07
6,"reverts",9.00372033724334e-07
1,"matching",8.90819393494524e-07
2,"matching",8.80706538013056e-07
3,"matching",5.41561757572099e-05
4,"matching",8.63146410346709e-07
5,"matching",8.38298856895678e-07
6,"matching",9.90409237096768e-06
1,"thirty-five",8.90819393494524e-07
2,"thirty-five",8.80706538013056e-07
3,"thirty-five",5.41561757572099e-05
4,"thirty-five",8.63146410346709e-07
5,"thirty-five",8.38298856895678e-07
6,"thirty-five",9.00372033724334e-07
1,"fwd",8.90819393494524e-07
2,"fwd",8.80706538013056e-07
3,"fwd",8.87806159954261e-07
4,"fwd",8.71777874450176e-05
5,"fwd",8.38298856895678e-07
6,"fwd",9.00372033724334e-07
1,"interfaces",8.90819393494524e-07
2,"interfaces",2.73019026784047e-05
3,"interfaces",8.87806159954261e-07
4,"interfaces",8.63146410346709e-07
5,"interfaces",8.38298856895678e-07
6,"interfaces",1.8907812708211e-05
1,"70s",8.90819393494524e-07
2,"70s",8.80706538013056e-07
3,"70s",3.64000525581247e-05
4,"70s",9.4946105138138e-06
5,"70s",8.38298856895678e-07
6,"70s",9.00372033724334e-07
1,"teen",8.90819393494524e-07
2,"teen",8.80706538013056e-07
3,"teen",9.76586775949687e-06
4,"teen",1.81260746172809e-05
5,"teen",8.38298856895678e-07
6,"teen",1.8907812708211e-05
1,"aftermarket",1.8707207263385e-05
2,"aftermarket",4.49160334386658e-05
3,"aftermarket",8.87806159954261e-07
4,"aftermarket",8.63146410346709e-07
5,"aftermarket",8.38298856895678e-07
6,"aftermarket",9.90409237096768e-06
1,"redownloads",8.90819393494524e-07
2,"redownloads",3.61089680585353e-05
3,"redownloads",8.87806159954261e-07
4,"redownloads",8.63146410346709e-07
5,"redownloads",8.38298856895678e-07
6,"redownloads",9.90409237096768e-06
1,"sony",8.90819393494524e-07
2,"sony",0.00010656549109958
3,"sony",8.87806159954261e-07
4,"sony",8.63146410346709e-07
5,"sony",8.38298856895678e-07
6,"sony",9.00372033724334e-07
1,"joining",8.90819393494524e-07
2,"joining",8.80706538013056e-07
3,"joining",6.30342373567525e-05
4,"joining",8.63146410346709e-07
5,"joining",1.76042759948093e-05
6,"joining",9.00372033724334e-07
1,"stuttering",8.90819393494524e-07
2,"stuttering",8.80706538013056e-07
3,"stuttering",8.87806159954261e-07
4,"stuttering",0.000113072179755419
5,"stuttering",8.38298856895678e-07
6,"stuttering",9.00372033724334e-07
1,"unprompted",8.90819393494524e-07
2,"unprompted",5.37230988187964e-05
3,"unprompted",8.87806159954261e-07
4,"unprompted",8.63146410346709e-07
5,"unprompted",8.38298856895678e-07
6,"unprompted",9.00372033724334e-07
1,"impact",8.90819393494524e-07
2,"impact",8.80706538013056e-07
3,"impact",8.87806159954261e-07
4,"impact",3.53890028242151e-05
5,"impact",8.38298856895678e-07
6,"impact",9.90409237096768e-06
1,"concept",8.90819393494524e-07
2,"concept",8.01442949591881e-05
3,"concept",2.75219909585821e-05
4,"concept",4.40204669276821e-05
5,"concept",8.38298856895678e-07
6,"concept",9.00372033724334e-07
1,"disables",8.90819393494524e-07
2,"disables",8.80706538013056e-07
3,"disables",8.87806159954261e-07
4,"disables",8.63146410346709e-07
5,"disables",4.27532417016796e-05
6,"disables",9.00372033724334e-07
1,"messy",3.65235951332755e-05
2,"messy",8.80706538013056e-07
3,"messy",8.87806159954261e-07
4,"messy",8.63146410346709e-07
5,"messy",2.5987264563766e-05
6,"messy",9.00372033724334e-07
1,"tenner",8.90819393494524e-07
2,"tenner",1.84948372982742e-05
3,"tenner",8.87806159954261e-07
4,"tenner",8.63146410346709e-07
5,"tenner",2.5987264563766e-05
6,"tenner",9.00372033724334e-07
1,"growing",8.90819393494524e-07
2,"growing",8.80706538013056e-07
3,"growing",6.30342373567525e-05
4,"growing",8.63146410346709e-07
5,"growing",8.38298856895678e-07
6,"growing",9.00372033724334e-07
1,"pool",8.90819393494524e-07
2,"pool",8.80706538013056e-07
3,"pool",8.87806159954261e-07
4,"pool",4.40204669276821e-05
5,"pool",8.38298856895678e-07
6,"pool",9.00372033724334e-07
1,"judging",4.54317890682208e-05
2,"judging",8.80706538013056e-07
3,"judging",8.87806159954261e-07
4,"judging",8.63146410346709e-07
5,"judging",8.38298856895678e-07
6,"judging",9.00372033724334e-07
1,"master",8.90819393494524e-07
2,"master",8.80706538013056e-07
3,"master",8.87806159954261e-07
4,"master",8.63146410346709e-07
5,"master",8.38298856895678e-07
6,"master",7.29301347316712e-05
1,"feeds",8.90819393494524e-07
2,"feeds",1.84948372982742e-05
3,"feeds",1.86439293590395e-05
4,"feeds",9.4946105138138e-06
5,"feeds",8.38298856895678e-07
6,"feeds",9.00372033724334e-07
1,"noted",8.90819393494524e-07
2,"noted",4.49160334386658e-05
3,"noted",8.87806159954261e-07
4,"noted",8.63146410346709e-07
5,"noted",8.38298856895678e-07
6,"noted",9.00372033724334e-07
1,"promoting",8.90819393494524e-07
2,"promoting",8.80706538013056e-07
3,"promoting",8.87806159954261e-07
4,"promoting",8.63146410346709e-07
5,"promoting",8.38298856895678e-07
6,"promoting",6.39264143944278e-05
1,"promote",8.90819393494524e-07
2,"promote",5.37230988187964e-05
3,"promote",6.30342373567525e-05
4,"promote",8.63146410346709e-07
5,"promote",8.38298856895678e-07
6,"promote",9.00372033724334e-07
1,"sponsored",1.8707207263385e-05
2,"sponsored",9.68777191814362e-06
3,"sponsored",8.87806159954261e-07
4,"sponsored",8.63146410346709e-07
5,"sponsored",3.43702531327228e-05
6,"sponsored",9.00372033724334e-07
1,"hilarious",8.90819393494524e-07
2,"hilarious",8.80706538013056e-07
3,"hilarious",8.87806159954261e-07
4,"hilarious",8.63146410346709e-07
5,"hilarious",8.38298856895678e-07
6,"hilarious",4.59189737199411e-05
1,"nonsensical",8.90819393494524e-07
2,"nonsensical",4.49160334386658e-05
3,"nonsensical",8.87806159954261e-07
4,"nonsensical",8.63146410346709e-07
5,"nonsensical",8.38298856895678e-07
6,"nonsensical",9.00372033724334e-07
1,"varied",8.90819393494524e-07
2,"varied",8.80706538013056e-07
3,"varied",8.87806159954261e-07
4,"varied",8.63146410346709e-07
5,"varied",8.38298856895678e-07
6,"varied",7.29301347316712e-05
1,"returns",6.32481769381112e-05
2,"returns",8.80706538013056e-07
3,"returns",8.87806159954261e-07
4,"returns",2.6757538720748e-05
5,"returns",8.38298856895678e-07
6,"returns",9.00372033724334e-07
1,"aspects",8.90819393494524e-07
2,"aspects",8.80706538013056e-07
3,"aspects",8.87806159954261e-07
4,"aspects",8.63146410346709e-07
5,"aspects",8.38298856895678e-07
6,"aspects",5.49226940571845e-05
1,"it.i",8.90819393494524e-07
2,"it.i",8.80706538013056e-07
3,"it.i",8.87806159954261e-07
4,"it.i",8.63146410346709e-07
5,"it.i",2.5987264563766e-05
6,"it.i",1.8907812708211e-05
1,"ro",8.90819393494524e-07
2,"ro",9.68777191814362e-06
3,"ro",8.87806159954261e-07
4,"ro",8.63146410346709e-07
5,"ro",4.27532417016796e-05
6,"ro",9.00372033724334e-07
1,"patched",8.90819393494524e-07
2,"patched",8.80706538013056e-07
3,"patched",8.87806159954261e-07
4,"patched",4.40204669276821e-05
5,"patched",8.38298856895678e-07
6,"patched",9.00372033724334e-07
1,"5-star",2.76154011983302e-05
2,"5-star",8.80706538013056e-07
3,"5-star",3.64000525581247e-05
4,"5-star",8.63146410346709e-07
5,"5-star",1.76042759948093e-05
6,"5-star",9.00372033724334e-07
1,"inexpensive",8.90819393494524e-07
2,"inexpensive",8.80706538013056e-07
3,"inexpensive",8.87806159954261e-07
4,"inexpensive",8.63146410346709e-07
5,"inexpensive",8.38298856895678e-07
6,"inexpensive",5.49226940571845e-05
1,"la",8.90819393494524e-07
2,"la",8.80706538013056e-07
3,"la",4.52781141576672e-05
4,"la",8.63146410346709e-07
5,"la",8.38298856895678e-07
6,"la",9.00372033724334e-07
1,"controll",8.90819393494524e-07
2,"controll",8.80706538013056e-07
3,"controll",8.87806159954261e-07
4,"controll",6.99148592380834e-05
5,"controll",8.38298856895678e-07
6,"controll",3.69152533826978e-05
1,"unexpected",5.43399830031659e-05
2,"unexpected",8.80706538013056e-07
3,"unexpected",9.76586775949687e-06
4,"unexpected",8.63146410346709e-07
5,"unexpected",8.38298856895678e-07
6,"unexpected",9.00372033724334e-07
1,"fond",8.90819393494524e-07
2,"fond",1.84948372982742e-05
3,"fond",8.87806159954261e-07
4,"fond",9.4946105138138e-06
5,"fond",2.5987264563766e-05
6,"fond",9.00372033724334e-07
1,"trigger",8.90819393494524e-07
2,"trigger",8.80706538013056e-07
3,"trigger",8.87806159954261e-07
4,"trigger",8.63146410346709e-07
5,"trigger",9.22128742585246e-06
6,"trigger",3.69152533826978e-05
1,"hates",8.90819393494524e-07
2,"hates",8.80706538013056e-07
3,"hates",8.87806159954261e-07
4,"hates",4.40204669276821e-05
5,"hates",8.38298856895678e-07
6,"hates",9.00372033724334e-07
1,"shameful",2.76154011983302e-05
2,"shameful",8.80706538013056e-07
3,"shameful",8.87806159954261e-07
4,"shameful",8.63146410346709e-07
5,"shameful",8.38298856895678e-07
6,"shameful",2.79115330454544e-05
1,"reviewers",8.90819393494524e-07
2,"reviewers",8.80706538013056e-07
3,"reviewers",8.87806159954261e-07
4,"reviewers",5.26519310311492e-05
5,"reviewers",3.43702531327228e-05
6,"reviewers",9.00372033724334e-07
1,"reloading",3.65235951332755e-05
2,"reloading",1.84948372982742e-05
3,"reloading",8.87806159954261e-07
4,"reloading",8.63146410346709e-07
5,"reloading",8.38298856895678e-07
6,"reloading",9.00372033724334e-07
1,"hateful",8.90819393494524e-07
2,"hateful",8.80706538013056e-07
3,"hateful",4.52781141576672e-05
4,"hateful",8.63146410346709e-07
5,"hateful",8.38298856895678e-07
6,"hateful",9.00372033724334e-07
1,"invasive",4.54317890682208e-05
2,"invasive",9.68777191814362e-06
3,"invasive",7.19122989562951e-05
4,"invasive",8.63146410346709e-07
5,"invasive",8.38298856895678e-07
6,"invasive",9.00372033724334e-07
1,"interferes",8.90819393494524e-07
2,"interferes",8.80706538013056e-07
3,"interferes",2.75219909585821e-05
4,"interferes",3.53890028242151e-05
5,"interferes",8.38298856895678e-07
6,"interferes",9.00372033724334e-07
1,"confusion",8.90819393494524e-07
2,"confusion",8.80706538013056e-07
3,"confusion",8.87806159954261e-07
4,"confusion",8.63146410346709e-07
5,"confusion",4.27532417016796e-05
6,"confusion",9.00372033724334e-07
1,"bulk",8.90819393494524e-07
2,"bulk",8.80706538013056e-07
3,"bulk",5.41561757572099e-05
4,"bulk",8.63146410346709e-07
5,"bulk",8.38298856895678e-07
6,"bulk",9.00372033724334e-07
1,"tom",8.90819393494524e-07
2,"tom",8.80706538013056e-07
3,"tom",2.75219909585821e-05
4,"tom",8.63146410346709e-07
5,"tom",8.38298856895678e-07
6,"tom",2.79115330454544e-05
1,"burned",8.90819393494524e-07
2,"burned",8.80706538013056e-07
3,"burned",5.41561757572099e-05
4,"burned",8.63146410346709e-07
5,"burned",8.38298856895678e-07
6,"burned",9.00372033724334e-07
1,"worried",8.90819393494524e-07
2,"worried",5.37230988187964e-05
3,"worried",8.87806159954261e-07
4,"worried",8.63146410346709e-07
5,"worried",8.38298856895678e-07
6,"worried",9.00372033724334e-07
1,"ipod",8.90819393494524e-07
2,"ipod",9.68777191814362e-06
3,"ipod",8.87806159954261e-07
4,"ipod",4.40204669276821e-05
5,"ipod",8.38298856895678e-07
6,"ipod",9.00372033724334e-07
1,"thier",1.8707207263385e-05
2,"thier",8.80706538013056e-07
3,"thier",4.52781141576672e-05
4,"thier",1.81260746172809e-05
5,"thier",8.38298856895678e-07
6,"thier",1.8907812708211e-05
1,"scrubbing",8.90819393494524e-07
2,"scrubbing",6.25301641989269e-05
3,"scrubbing",8.87806159954261e-07
4,"scrubbing",8.63146410346709e-07
5,"scrubbing",8.38298856895678e-07
6,"scrubbing",9.00372033724334e-07
1,"tag",8.90819393494524e-07
2,"tag",8.80706538013056e-07
3,"tag",2.75219909585821e-05
4,"tag",8.63146410346709e-07
5,"tag",2.5987264563766e-05
6,"tag",9.00372033724334e-07
1,"communication",8.90819393494524e-07
2,"communication",5.37230988187964e-05
3,"communication",8.87806159954261e-07
4,"communication",8.63146410346709e-07
5,"communication",8.38298856895678e-07
6,"communication",9.00372033724334e-07
1,"csnt",8.90819393494524e-07
2,"csnt",8.80706538013056e-07
3,"csnt",8.87806159954261e-07
4,"csnt",9.4946105138138e-06
5,"csnt",8.38298856895678e-07
6,"csnt",3.69152533826978e-05
1,"grown",8.90819393494524e-07
2,"grown",9.68777191814362e-06
3,"grown",9.76586775949687e-06
4,"grown",2.6757538720748e-05
5,"grown",8.38298856895678e-07
6,"grown",9.00372033724334e-07
1,"magically",8.90819393494524e-07
2,"magically",8.80706538013056e-07
3,"magically",8.87806159954261e-07
4,"magically",6.12833951346163e-05
5,"magically",8.38298856895678e-07
6,"magically",9.00372033724334e-07
1,"renders",8.90819393494524e-07
2,"renders",6.25301641989269e-05
3,"renders",8.87806159954261e-07
4,"renders",9.4946105138138e-06
5,"renders",8.38298856895678e-07
6,"renders",9.00372033724334e-07
1,"resulting",8.90819393494524e-07
2,"resulting",5.37230988187964e-05
3,"resulting",8.87806159954261e-07
4,"resulting",8.63146410346709e-07
5,"resulting",8.38298856895678e-07
6,"resulting",9.00372033724334e-07
1,"dumpster",2.76154011983302e-05
2,"dumpster",8.80706538013056e-07
3,"dumpster",1.86439293590395e-05
4,"dumpster",8.63146410346709e-07
5,"dumpster",8.38298856895678e-07
6,"dumpster",9.00372033724334e-07
1,"gutted",8.90819393494524e-07
2,"gutted",2.73019026784047e-05
3,"gutted",9.76586775949687e-06
4,"gutted",8.63146410346709e-07
5,"gutted",8.38298856895678e-07
6,"gutted",1.8907812708211e-05
1,"invalid",8.90819393494524e-07
2,"invalid",6.25301641989269e-05
3,"invalid",8.87806159954261e-07
4,"invalid",8.63146410346709e-07
5,"invalid",8.38298856895678e-07
6,"invalid",9.00372033724334e-07
1,"non-english",8.90819393494524e-07
2,"non-english",8.80706538013056e-07
3,"non-english",8.87806159954261e-07
4,"non-english",8.63146410346709e-07
5,"non-english",8.38298856895678e-07
6,"non-english",6.39264143944278e-05
1,"regards",5.43399830031659e-05
2,"regards",8.80706538013056e-07
3,"regards",8.87806159954261e-07
4,"regards",8.63146410346709e-07
5,"regards",8.38298856895678e-07
6,"regards",9.00372033724334e-07
1,"ed",8.90819393494524e-07
2,"ed",8.80706538013056e-07
3,"ed",2.75219909585821e-05
4,"ed",8.63146410346709e-07
5,"ed",2.5987264563766e-05
6,"ed",1.8907812708211e-05
1,"funds",8.90819393494524e-07
2,"funds",5.37230988187964e-05
3,"funds",8.87806159954261e-07
4,"funds",8.63146410346709e-07
5,"funds",8.38298856895678e-07
6,"funds",9.00372033724334e-07
1,"judge",8.90819393494524e-07
2,"judge",8.80706538013056e-07
3,"judge",1.86439293590395e-05
4,"judge",9.4946105138138e-06
5,"judge",9.22128742585246e-06
6,"judge",9.90409237096768e-06
1,"disney",8.90819393494524e-07
2,"disney",8.80706538013056e-07
3,"disney",8.87806159954261e-07
4,"disney",9.4946105138138e-06
5,"disney",5.11362302706364e-05
6,"disney",9.00372033724334e-07
1,"dad",9.79901332843977e-06
2,"dad",8.80706538013056e-07
3,"dad",7.19122989562951e-05
4,"dad",8.63146410346709e-07
5,"dad",8.38298856895678e-07
6,"dad",9.00372033724334e-07
1,"sketchy",8.90819393494524e-07
2,"sketchy",8.80706538013056e-07
3,"sketchy",8.87806159954261e-07
4,"sketchy",5.26519310311492e-05
5,"sketchy",8.38298856895678e-07
6,"sketchy",9.00372033724334e-07
1,"iffy",8.90819393494524e-07
2,"iffy",3.61089680585353e-05
3,"iffy",8.87806159954261e-07
4,"iffy",8.63146410346709e-07
5,"iffy",8.38298856895678e-07
6,"iffy",9.90409237096768e-06
1,"organise",8.90819393494524e-07
2,"organise",2.73019026784047e-05
3,"organise",2.75219909585821e-05
4,"organise",8.63146410346709e-07
5,"organise",8.38298856895678e-07
6,"organise",9.00372033724334e-07
1,"debited",8.90819393494524e-07
2,"debited",5.37230988187964e-05
3,"debited",8.87806159954261e-07
4,"debited",8.63146410346709e-07
5,"debited",8.38298856895678e-07
6,"debited",9.00372033724334e-07
1,"cs",2.76154011983302e-05
2,"cs",8.80706538013056e-07
3,"cs",8.87806159954261e-07
4,"cs",8.63146410346709e-07
5,"cs",8.38298856895678e-07
6,"cs",2.79115330454544e-05
1,"100s",8.90819393494524e-07
2,"100s",8.80706538013056e-07
3,"100s",1.86439293590395e-05
4,"100s",9.4946105138138e-06
5,"100s",2.5987264563766e-05
6,"100s",9.00372033724334e-07
1,"sailing",9.79901332843977e-06
2,"sailing",8.80706538013056e-07
3,"sailing",8.87806159954261e-07
4,"sailing",3.53890028242151e-05
5,"sailing",8.38298856895678e-07
6,"sailing",9.00372033724334e-07
1,"realizing",8.90819393494524e-07
2,"realizing",8.80706538013056e-07
3,"realizing",4.52781141576672e-05
4,"realizing",8.63146410346709e-07
5,"realizing",8.38298856895678e-07
6,"realizing",9.00372033724334e-07
1,"eating",6.32481769381112e-05
2,"eating",8.80706538013056e-07
3,"eating",8.87806159954261e-07
4,"eating",9.4946105138138e-06
5,"eating",8.38298856895678e-07
6,"eating",9.00372033724334e-07
1,"integrate",8.90819393494524e-07
2,"integrate",9.68777191814362e-06
3,"integrate",8.87806159954261e-07
4,"integrate",8.63146410346709e-07
5,"integrate",8.38298856895678e-07
6,"integrate",3.69152533826978e-05
1,"surprising",1.8707207263385e-05
2,"surprising",1.84948372982742e-05
3,"surprising",9.76586775949687e-06
4,"surprising",8.63146410346709e-07
5,"surprising",8.38298856895678e-07
6,"surprising",9.90409237096768e-06
1,"chatting",4.54317890682208e-05
2,"chatting",8.80706538013056e-07
3,"chatting",8.87806159954261e-07
4,"chatting",8.63146410346709e-07
5,"chatting",8.38298856895678e-07
6,"chatting",9.00372033724334e-07
1,"native",8.90819393494524e-07
2,"native",3.61089680585353e-05
3,"native",8.87806159954261e-07
4,"native",8.63146410346709e-07
5,"native",1.76042759948093e-05
6,"native",9.00372033724334e-07
1,"guaranteed",8.90819393494524e-07
2,"guaranteed",8.80706538013056e-07
3,"guaranteed",8.87806159954261e-07
4,"guaranteed",8.63146410346709e-07
5,"guaranteed",2.5987264563766e-05
6,"guaranteed",1.8907812708211e-05
1,"cleaner",8.90819393494524e-07
2,"cleaner",8.80706538013056e-07
3,"cleaner",4.52781141576672e-05
4,"cleaner",8.63146410346709e-07
5,"cleaner",8.38298856895678e-07
6,"cleaner",9.90409237096768e-06
1,"mar",5.43399830031659e-05
2,"mar",8.80706538013056e-07
3,"mar",8.87806159954261e-07
4,"mar",8.63146410346709e-07
5,"mar",8.38298856895678e-07
6,"mar",9.00372033724334e-07
1,"non-stop",2.76154011983302e-05
2,"non-stop",4.49160334386658e-05
3,"non-stop",1.86439293590395e-05
4,"non-stop",8.63146410346709e-07
5,"non-stop",8.38298856895678e-07
6,"non-stop",9.00372033724334e-07
1,"google's",8.90819393494524e-07
2,"google's",1.84948372982742e-05
3,"google's",8.87806159954261e-07
4,"google's",2.6757538720748e-05
5,"google's",8.38298856895678e-07
6,"google's",9.00372033724334e-07
1,"steering",1.8707207263385e-05
2,"steering",8.80706538013056e-07
3,"steering",5.41561757572099e-05
4,"steering",8.63146410346709e-07
5,"steering",8.38298856895678e-07
6,"steering",9.00372033724334e-07
1,"broad",8.90819393494524e-07
2,"broad",8.80706538013056e-07
3,"broad",4.52781141576672e-05
4,"broad",8.63146410346709e-07
5,"broad",8.38298856895678e-07
6,"broad",9.00372033724334e-07
1,"ears",8.90819393494524e-07
2,"ears",8.80706538013056e-07
3,"ears",8.87806159954261e-07
4,"ears",8.63146410346709e-07
5,"ears",8.38298856895678e-07
6,"ears",7.29301347316712e-05
1,"inaccessible",8.90819393494524e-07
2,"inaccessible",8.80706538013056e-07
3,"inaccessible",7.19122989562951e-05
4,"inaccessible",8.63146410346709e-07
5,"inaccessible",8.38298856895678e-07
6,"inaccessible",9.00372033724334e-07
1,"fool",4.54317890682208e-05
2,"fool",8.80706538013056e-07
3,"fool",8.87806159954261e-07
4,"fool",8.63146410346709e-07
5,"fool",8.38298856895678e-07
6,"fool",9.00372033724334e-07
1,"prioritize",8.90819393494524e-07
2,"prioritize",8.80706538013056e-07
3,"prioritize",8.87806159954261e-07
4,"prioritize",8.63146410346709e-07
5,"prioritize",8.38298856895678e-07
6,"prioritize",4.59189737199411e-05
1,"greater",8.90819393494524e-07
2,"greater",8.80706538013056e-07
3,"greater",8.87806159954261e-07
4,"greater",2.6757538720748e-05
5,"greater",2.5987264563766e-05
6,"greater",9.00372033724334e-07
1,"verry",8.90819393494524e-07
2,"verry",8.80706538013056e-07
3,"verry",8.87806159954261e-07
4,"verry",8.63146410346709e-07
5,"verry",8.38298856895678e-07
6,"verry",6.39264143944278e-05
1,"developing",2.76154011983302e-05
2,"developing",8.80706538013056e-07
3,"developing",8.87806159954261e-07
4,"developing",8.63146410346709e-07
5,"developing",8.38298856895678e-07
6,"developing",1.8907812708211e-05
1,"entering",8.99727587429469e-05
2,"entering",8.80706538013056e-07
3,"entering",8.87806159954261e-07
4,"entering",8.63146410346709e-07
5,"entering",8.38298856895678e-07
6,"entering",9.00372033724334e-07
1,"role",8.90819393494524e-07
2,"role",8.80706538013056e-07
3,"role",2.75219909585821e-05
4,"role",8.63146410346709e-07
5,"role",8.38298856895678e-07
6,"role",1.8907812708211e-05
1,"massively",8.90819393494524e-07
2,"massively",8.80706538013056e-07
3,"massively",8.87806159954261e-07
4,"massively",8.71777874450176e-05
5,"massively",8.38298856895678e-07
6,"massively",9.00372033724334e-07
1,"migrate",9.79901332843977e-06
2,"migrate",8.80706538013056e-07
3,"migrate",2.75219909585821e-05
4,"migrate",8.63146410346709e-07
5,"migrate",9.22128742585246e-06
6,"migrate",9.00372033724334e-07
1,"tweaks",8.90819393494524e-07
2,"tweaks",8.80706538013056e-07
3,"tweaks",6.30342373567525e-05
4,"tweaks",8.63146410346709e-07
5,"tweaks",8.38298856895678e-07
6,"tweaks",9.00372033724334e-07
1,"charm",8.90819393494524e-07
2,"charm",1.84948372982742e-05
3,"charm",8.87806159954261e-07
4,"charm",8.63146410346709e-07
5,"charm",8.38298856895678e-07
6,"charm",2.79115330454544e-05
1,"yah",9.79901332843977e-06
2,"yah",8.80706538013056e-07
3,"yah",3.64000525581247e-05
4,"yah",8.63146410346709e-07
5,"yah",8.38298856895678e-07
6,"yah",9.00372033724334e-07
1,"privilege",8.90819393494524e-07
2,"privilege",8.80706538013056e-07
3,"privilege",8.87806159954261e-07
4,"privilege",8.63146410346709e-07
5,"privilege",5.11362302706364e-05
6,"privilege",9.00372033724334e-07
1,"misses",8.90819393494524e-07
2,"misses",3.61089680585353e-05
3,"misses",8.87806159954261e-07
4,"misses",8.63146410346709e-07
5,"misses",8.38298856895678e-07
6,"misses",9.90409237096768e-06
1,"adequate",8.90819393494524e-07
2,"adequate",8.80706538013056e-07
3,"adequate",8.87806159954261e-07
4,"adequate",4.40204669276821e-05
5,"adequate",8.38298856895678e-07
6,"adequate",9.00372033724334e-07
1,"necessity",1.8707207263385e-05
2,"necessity",8.80706538013056e-07
3,"necessity",8.87806159954261e-07
4,"necessity",8.63146410346709e-07
5,"necessity",8.38298856895678e-07
6,"necessity",2.79115330454544e-05
1,"begining",6.32481769381112e-05
2,"begining",8.80706538013056e-07
3,"begining",8.87806159954261e-07
4,"begining",8.63146410346709e-07
5,"begining",8.38298856895678e-07
6,"begining",9.00372033724334e-07
1,"miui",8.90819393494524e-07
2,"miui",8.80706538013056e-07
3,"miui",8.87806159954261e-07
4,"miui",9.4946105138138e-06
5,"miui",8.38298856895678e-07
6,"miui",6.39264143944278e-05
1,"reproduce",8.90819393494524e-07
2,"reproduce",9.68777191814362e-06
3,"reproduce",8.87806159954261e-07
4,"reproduce",1.81260746172809e-05
5,"reproduce",1.76042759948093e-05
6,"reproduce",9.00372033724334e-07
1,"lisa",8.90819393494524e-07
2,"lisa",0.000326742125602843
3,"lisa",8.87806159954261e-07
4,"lisa",8.63146410346709e-07
5,"lisa",8.38298856895678e-07
6,"lisa",9.00372033724334e-07
1,"actions",8.90819393494524e-07
2,"actions",8.80706538013056e-07
3,"actions",9.76586775949687e-06
4,"actions",8.63146410346709e-07
5,"actions",6.790220740855e-05
6,"actions",9.00372033724334e-07
1,"seperate",9.79901332843977e-06
2,"seperate",8.80706538013056e-07
3,"seperate",8.87806159954261e-07
4,"seperate",8.63146410346709e-07
5,"seperate",8.38298856895678e-07
6,"seperate",3.69152533826978e-05
1,"unauthorized",2.76154011983302e-05
2,"unauthorized",8.80706538013056e-07
3,"unauthorized",0.000107424545354466
4,"unauthorized",8.63146410346709e-07
5,"unauthorized",8.38298856895678e-07
6,"unauthorized",9.00372033724334e-07
1,"identical",8.90819393494524e-07
2,"identical",8.01442949591881e-05
3,"identical",1.86439293590395e-05
4,"identical",9.4946105138138e-06
5,"identical",8.38298856895678e-07
6,"identical",9.00372033724334e-07
1,"scanning",8.90819393494524e-07
2,"scanning",2.73019026784047e-05
3,"scanning",5.41561757572099e-05
4,"scanning",8.63146410346709e-07
5,"scanning",8.38298856895678e-07
6,"scanning",9.00372033724334e-07
1,"da",8.90819393494524e-07
2,"da",9.68777191814362e-06
3,"da",8.87806159954261e-07
4,"da",8.63146410346709e-07
5,"da",3.43702531327228e-05
6,"da",9.90409237096768e-06
1,"fight",8.90819393494524e-07
2,"fight",8.80706538013056e-07
3,"fight",8.87806159954261e-07
4,"fight",9.4946105138138e-06
5,"fight",3.43702531327228e-05
6,"fight",9.00372033724334e-07
1,"lisa's",0.000107789146612837
2,"lisa's",9.68777191814362e-06
3,"lisa's",8.87806159954261e-07
4,"lisa's",8.63146410346709e-07
5,"lisa's",8.38298856895678e-07
6,"lisa's",9.00372033724334e-07
1,"identified",9.79901332843977e-06
2,"identified",8.80706538013056e-07
3,"identified",8.87806159954261e-07
4,"identified",8.63146410346709e-07
5,"identified",3.43702531327228e-05
6,"identified",9.00372033724334e-07
1,"crush",5.43399830031659e-05
2,"crush",8.80706538013056e-07
3,"crush",8.87806159954261e-07
4,"crush",8.63146410346709e-07
5,"crush",8.38298856895678e-07
6,"crush",9.00372033724334e-07
1,"thee",8.90819393494524e-07
2,"thee",8.80706538013056e-07
3,"thee",3.64000525581247e-05
4,"thee",8.63146410346709e-07
5,"thee",9.22128742585246e-06
6,"thee",9.00372033724334e-07
1,"chances",8.90819393494524e-07
2,"chances",8.80706538013056e-07
3,"chances",8.87806159954261e-07
4,"chances",8.63146410346709e-07
5,"chances",5.11362302706364e-05
6,"chances",9.90409237096768e-06
1,"bomb",8.90819393494524e-07
2,"bomb",8.80706538013056e-07
3,"bomb",4.52781141576672e-05
4,"bomb",8.63146410346709e-07
5,"bomb",8.38298856895678e-07
6,"bomb",9.00372033724334e-07
1,"licensing",8.90819393494524e-07
2,"licensing",8.80706538013056e-07
3,"licensing",8.87806159954261e-07
4,"licensing",8.63146410346709e-07
5,"licensing",4.27532417016796e-05
6,"licensing",9.00372033724334e-07
1,"flac",8.90819393494524e-07
2,"flac",3.61089680585353e-05
3,"flac",8.87806159954261e-07
4,"flac",9.4946105138138e-06
5,"flac",8.38298856895678e-07
6,"flac",9.00372033724334e-07
1,"undownloads",5.43399830031659e-05
2,"undownloads",8.80706538013056e-07
3,"undownloads",8.87806159954261e-07
4,"undownloads",8.63146410346709e-07
5,"undownloads",8.38298856895678e-07
6,"undownloads",9.00372033724334e-07
1,"usb",8.90819393494524e-07
2,"usb",4.49160334386658e-05
3,"usb",8.87806159954261e-07
4,"usb",8.63146410346709e-07
5,"usb",8.38298856895678e-07
6,"usb",9.90409237096768e-06
1,"nit",9.79901332843977e-06
2,"nit",8.80706538013056e-07
3,"nit",8.87806159954261e-07
4,"nit",8.63146410346709e-07
5,"nit",8.38298856895678e-07
6,"nit",3.69152533826978e-05
1,"challenging",8.90819393494524e-07
2,"challenging",2.73019026784047e-05
3,"challenging",8.87806159954261e-07
4,"challenging",8.63146410346709e-07
5,"challenging",8.38298856895678e-07
6,"challenging",1.8907812708211e-05
1,"gems",8.90819393494524e-07
2,"gems",5.37230988187964e-05
3,"gems",8.87806159954261e-07
4,"gems",8.63146410346709e-07
5,"gems",8.38298856895678e-07
6,"gems",1.8907812708211e-05
1,"fading",8.90819393494524e-07
2,"fading",9.68777191814362e-06
3,"fading",1.86439293590395e-05
4,"fading",1.81260746172809e-05
5,"fading",8.38298856895678e-07
6,"fading",9.00372033724334e-07
1,"pissing",8.90819393494524e-07
2,"pissing",8.80706538013056e-07
3,"pissing",1.86439293590395e-05
4,"pissing",8.63146410346709e-07
5,"pissing",8.38298856895678e-07
6,"pissing",8.19338550689144e-05
1,"opinions",8.90819393494524e-07
2,"opinions",8.80706538013056e-07
3,"opinions",5.41561757572099e-05
4,"opinions",8.63146410346709e-07
5,"opinions",8.38298856895678e-07
6,"opinions",5.49226940571845e-05
1,"uninstal",8.90819393494524e-07
2,"uninstal",8.80706538013056e-07
3,"uninstal",9.76586775949687e-06
4,"uninstal",8.63146410346709e-07
5,"uninstal",8.38298856895678e-07
6,"uninstal",4.59189737199411e-05
1,"periodically",8.90819393494524e-07
2,"periodically",8.80706538013056e-07
3,"periodically",8.87806159954261e-07
4,"periodically",0.000182123892583156
5,"periodically",8.38298856895678e-07
6,"periodically",9.00372033724334e-07
1,"restated",8.90819393494524e-07
2,"restated",4.49160334386658e-05
3,"restated",8.87806159954261e-07
4,"restated",8.63146410346709e-07
5,"restated",8.38298856895678e-07
6,"restated",9.00372033724334e-07
1,"erasing",8.90819393494524e-07
2,"erasing",8.80706538013056e-07
3,"erasing",3.64000525581247e-05
4,"erasing",8.63146410346709e-07
5,"erasing",9.22128742585246e-06
6,"erasing",9.00372033724334e-07
1,"recurring",8.90819393494524e-07
2,"recurring",8.80706538013056e-07
3,"recurring",8.87806159954261e-07
4,"recurring",5.26519310311492e-05
5,"recurring",8.38298856895678e-07
6,"recurring",9.00372033724334e-07
1,"apr",8.90819393494524e-07
2,"apr",8.80706538013056e-07
3,"apr",8.87806159954261e-07
4,"apr",7.85463233415505e-05
5,"apr",8.38298856895678e-07
6,"apr",9.00372033724334e-07
1,"ice",8.90819393494524e-07
2,"ice",2.73019026784047e-05
3,"ice",8.87806159954261e-07
4,"ice",8.63146410346709e-07
5,"ice",1.76042759948093e-05
6,"ice",9.00372033724334e-07
1,"cherry",8.90819393494524e-07
2,"cherry",8.80706538013056e-07
3,"cherry",8.87806159954261e-07
4,"cherry",8.63146410346709e-07
5,"cherry",8.38298856895678e-07
6,"cherry",5.49226940571845e-05
1,"ghost",9.79901332843977e-06
2,"ghost",8.80706538013056e-07
3,"ghost",8.87806159954261e-07
4,"ghost",7.85463233415505e-05
5,"ghost",8.38298856895678e-07
6,"ghost",9.00372033724334e-07
1,"values",2.76154011983302e-05
2,"values",1.84948372982742e-05
3,"values",8.87806159954261e-07
4,"values",9.4946105138138e-06
5,"values",8.38298856895678e-07
6,"values",9.00372033724334e-07
1,"headunit",8.90819393494524e-07
2,"headunit",9.77584257194491e-05
3,"headunit",8.87806159954261e-07
4,"headunit",8.63146410346709e-07
5,"headunit",8.38298856895678e-07
6,"headunit",9.00372033724334e-07
1,"blast",8.90819393494524e-07
2,"blast",4.49160334386658e-05
3,"blast",9.76586775949687e-06
4,"blast",8.63146410346709e-07
5,"blast",8.38298856895678e-07
6,"blast",9.00372033724334e-07
1,"drawer",8.90819393494524e-07
2,"drawer",8.80706538013056e-07
3,"drawer",8.87806159954261e-07
4,"drawer",3.53890028242151e-05
5,"drawer",2.5987264563766e-05
6,"drawer",9.00372033724334e-07
1,"eats",8.90819393494524e-07
2,"eats",8.89513603393186e-05
3,"eats",9.76586775949687e-06
4,"eats",8.63146410346709e-07
5,"eats",8.38298856895678e-07
6,"eats",9.00372033724334e-07
1,"transport",8.90819393494524e-07
2,"transport",8.80706538013056e-07
3,"transport",3.64000525581247e-05
4,"transport",8.63146410346709e-07
5,"transport",8.38298856895678e-07
6,"transport",9.90409237096768e-06
1,"stands",8.90819393494524e-07
2,"stands",6.25301641989269e-05
3,"stands",8.87806159954261e-07
4,"stands",8.63146410346709e-07
5,"stands",1.76042759948093e-05
6,"stands",9.00372033724334e-07
1,"rollback",8.90819393494524e-07
2,"rollback",8.80706538013056e-07
3,"rollback",6.30342373567525e-05
4,"rollback",9.4946105138138e-06
5,"rollback",8.38298856895678e-07
6,"rollback",1.8907812708211e-05
1,"woken",8.90819393494524e-07
2,"woken",2.73019026784047e-05
3,"woken",8.87806159954261e-07
4,"woken",8.63146410346709e-07
5,"woken",8.38298856895678e-07
6,"woken",1.8907812708211e-05
1,"substantially",8.90819393494524e-07
2,"substantially",4.49160334386658e-05
3,"substantially",8.87806159954261e-07
4,"substantially",8.63146410346709e-07
5,"substantially",8.38298856895678e-07
6,"substantially",9.00372033724334e-07
1,"monitor",8.90819393494524e-07
2,"monitor",8.80706538013056e-07
3,"monitor",5.41561757572099e-05
4,"monitor",8.63146410346709e-07
5,"monitor",8.38298856895678e-07
6,"monitor",9.00372033724334e-07
1,"stock",8.90819393494524e-07
2,"stock",5.37230988187964e-05
3,"stock",8.87806159954261e-07
4,"stock",8.63146410346709e-07
5,"stock",8.38298856895678e-07
6,"stock",9.90409237096768e-06
1,"q",8.90819393494524e-07
2,"q",8.80706538013056e-07
3,"q",8.87806159954261e-07
4,"q",8.63146410346709e-07
5,"q",8.38298856895678e-07
6,"q",5.49226940571845e-05
1,"debate",8.90819393494524e-07
2,"debate",8.80706538013056e-07
3,"debate",8.87806159954261e-07
4,"debate",8.63146410346709e-07
5,"debate",8.38298856895678e-07
6,"debate",4.59189737199411e-05
1,"broadcast",8.90819393494524e-07
2,"broadcast",9.68777191814362e-06
3,"broadcast",2.75219909585821e-05
4,"broadcast",8.63146410346709e-07
5,"broadcast",8.38298856895678e-07
6,"broadcast",9.90409237096768e-06
1,"promptly",8.90819393494524e-07
2,"promptly",8.80706538013056e-07
3,"promptly",4.52781141576672e-05
4,"promptly",8.63146410346709e-07
5,"promptly",8.38298856895678e-07
6,"promptly",9.00372033724334e-07
1,"re-enter",8.90819393494524e-07
2,"re-enter",8.80706538013056e-07
3,"re-enter",8.87806159954261e-07
4,"re-enter",8.63146410346709e-07
5,"re-enter",8.38298856895678e-07
6,"re-enter",5.49226940571845e-05
1,"responsible",8.90819393494524e-07
2,"responsible",8.80706538013056e-07
3,"responsible",8.87806159954261e-07
4,"responsible",3.53890028242151e-05
5,"responsible",9.22128742585246e-06
6,"responsible",9.00372033724334e-07
1,"hands-free",8.90819393494524e-07
2,"hands-free",5.37230988187964e-05
3,"hands-free",8.87806159954261e-07
4,"hands-free",8.63146410346709e-07
5,"hands-free",8.38298856895678e-07
6,"hands-free",9.00372033724334e-07
1,"yup",9.79901332843977e-06
2,"yup",2.73019026784047e-05
3,"yup",9.76586775949687e-06
4,"yup",8.63146410346709e-07
5,"yup",8.38298856895678e-07
6,"yup",9.00372033724334e-07
1,"barcelona",8.90819393494524e-07
2,"barcelona",3.61089680585353e-05
3,"barcelona",8.87806159954261e-07
4,"barcelona",8.63146410346709e-07
5,"barcelona",9.22128742585246e-06
6,"barcelona",9.00372033724334e-07
1,"ban",8.90819393494524e-07
2,"ban",9.68777191814362e-06
3,"ban",8.87806159954261e-07
4,"ban",8.63146410346709e-07
5,"ban",9.22128742585246e-06
6,"ban",3.69152533826978e-05
1,"notified",8.90819393494524e-07
2,"notified",4.49160334386658e-05
3,"notified",1.86439293590395e-05
4,"notified",8.63146410346709e-07
5,"notified",8.38298856895678e-07
6,"notified",9.00372033724334e-07
1,"standing",8.90819393494524e-07
2,"standing",9.68777191814362e-06
3,"standing",8.87806159954261e-07
4,"standing",8.63146410346709e-07
5,"standing",8.38298856895678e-07
6,"standing",6.39264143944278e-05
1,"30s",8.90819393494524e-07
2,"30s",8.80706538013056e-07
3,"30s",8.87806159954261e-07
4,"30s",8.63146410346709e-07
5,"30s",4.27532417016796e-05
6,"30s",9.00372033724334e-07
1,"controversy",8.90819393494524e-07
2,"controversy",8.80706538013056e-07
3,"controversy",8.87806159954261e-07
4,"controversy",8.63146410346709e-07
5,"controversy",8.38298856895678e-07
6,"controversy",4.59189737199411e-05
1,"sweet",8.90819393494524e-07
2,"sweet",8.80706538013056e-07
3,"sweet",1.86439293590395e-05
4,"sweet",8.63146410346709e-07
5,"sweet",2.5987264563766e-05
6,"sweet",9.90409237096768e-06
1,"understandable",8.90819393494524e-07
2,"understandable",8.80706538013056e-07
3,"understandable",8.87806159954261e-07
4,"understandable",1.81260746172809e-05
5,"understandable",1.76042759948093e-05
6,"understandable",9.90409237096768e-06
1,"somtimes",8.90819393494524e-07
2,"somtimes",8.80706538013056e-07
3,"somtimes",8.87806159954261e-07
4,"somtimes",8.63146410346709e-07
5,"somtimes",8.38298856895678e-07
6,"somtimes",5.49226940571845e-05
1,"elements",5.43399830031659e-05
2,"elements",9.68777191814362e-06
3,"elements",8.87806159954261e-07
4,"elements",8.63146410346709e-07
5,"elements",8.38298856895678e-07
6,"elements",9.00372033724334e-07
1,"wack",9.79901332843977e-06
2,"wack",2.73019026784047e-05
3,"wack",8.87806159954261e-07
4,"wack",8.63146410346709e-07
5,"wack",1.76042759948093e-05
6,"wack",9.00372033724334e-07
1,"olay",2.76154011983302e-05
2,"olay",1.84948372982742e-05
3,"olay",8.87806159954261e-07
4,"olay",8.63146410346709e-07
5,"olay",8.38298856895678e-07
6,"olay",9.00372033724334e-07
1,"accordingly",8.90819393494524e-07
2,"accordingly",8.80706538013056e-07
3,"accordingly",8.87806159954261e-07
4,"accordingly",8.63146410346709e-07
5,"accordingly",8.38298856895678e-07
6,"accordingly",5.49226940571845e-05
1,"ribbon",9.79901332843977e-06
2,"ribbon",8.80706538013056e-07
3,"ribbon",8.87806159954261e-07
4,"ribbon",8.63146410346709e-07
5,"ribbon",3.43702531327228e-05
6,"ribbon",9.00372033724334e-07
1,"loyalty",8.90819393494524e-07
2,"loyalty",5.37230988187964e-05
3,"loyalty",8.87806159954261e-07
4,"loyalty",8.63146410346709e-07
5,"loyalty",8.38298856895678e-07
6,"loyalty",9.00372033724334e-07
1,"stalls",8.90819393494524e-07
2,"stalls",4.49160334386658e-05
3,"stalls",8.87806159954261e-07
4,"stalls",8.63146410346709e-07
5,"stalls",8.38298856895678e-07
6,"stalls",9.90409237096768e-06
1,"exceptionally",8.90819393494524e-07
2,"exceptionally",6.25301641989269e-05
3,"exceptionally",8.87806159954261e-07
4,"exceptionally",8.63146410346709e-07
5,"exceptionally",8.38298856895678e-07
6,"exceptionally",9.00372033724334e-07
1,"corporation",8.90819393494524e-07
2,"corporation",8.80706538013056e-07
3,"corporation",6.30342373567525e-05
4,"corporation",8.63146410346709e-07
5,"corporation",8.38298856895678e-07
6,"corporation",9.00372033724334e-07
1,"downgrading",2.76154011983302e-05
2,"downgrading",8.80706538013056e-07
3,"downgrading",8.87806159954261e-07
4,"downgrading",8.63146410346709e-07
5,"downgrading",8.38298856895678e-07
6,"downgrading",1.8907812708211e-05
1,"spots",8.90819393494524e-07
2,"spots",8.80706538013056e-07
3,"spots",9.76586775949687e-06
4,"spots",8.63146410346709e-07
5,"spots",8.38298856895678e-07
6,"spots",4.59189737199411e-05
1,"wishing",8.90819393494524e-07
2,"wishing",2.73019026784047e-05
3,"wishing",8.87806159954261e-07
4,"wishing",8.63146410346709e-07
5,"wishing",1.76042759948093e-05
6,"wishing",9.00372033724334e-07
1,"scared",8.90819393494524e-07
2,"scared",8.80706538013056e-07
3,"scared",8.87806159954261e-07
4,"scared",5.26519310311492e-05
5,"scared",8.38298856895678e-07
6,"scared",9.00372033724334e-07
1,"nuisance",8.90819393494524e-07
2,"nuisance",8.80706538013056e-07
3,"nuisance",7.19122989562951e-05
4,"nuisance",8.63146410346709e-07
5,"nuisance",8.38298856895678e-07
6,"nuisance",9.00372033724334e-07
1,"dramas",8.90819393494524e-07
2,"dramas",8.80706538013056e-07
3,"dramas",8.87806159954261e-07
4,"dramas",4.40204669276821e-05
5,"dramas",8.38298856895678e-07
6,"dramas",9.00372033724334e-07
1,"cracking",1.8707207263385e-05
2,"cracking",8.80706538013056e-07
3,"cracking",8.87806159954261e-07
4,"cracking",8.63146410346709e-07
5,"cracking",8.38298856895678e-07
6,"cracking",2.79115330454544e-05
1,"drop-down",8.90819393494524e-07
2,"drop-down",8.80706538013056e-07
3,"drop-down",8.87806159954261e-07
4,"drop-down",4.40204669276821e-05
5,"drop-down",8.38298856895678e-07
6,"drop-down",9.00372033724334e-07
1,"beneficial",3.65235951332755e-05
2,"beneficial",8.80706538013056e-07
3,"beneficial",1.86439293590395e-05
4,"beneficial",8.63146410346709e-07
5,"beneficial",8.38298856895678e-07
6,"beneficial",9.00372033724334e-07
1,"banners",8.90819393494524e-07
2,"banners",8.80706538013056e-07
3,"banners",8.87806159954261e-07
4,"banners",8.63146410346709e-07
5,"banners",8.38298856895678e-07
6,"banners",4.59189737199411e-05
1,"ukraine",8.90819393494524e-07
2,"ukraine",7.13372295790575e-05
3,"ukraine",8.87806159954261e-07
4,"ukraine",8.63146410346709e-07
5,"ukraine",8.38298856895678e-07
6,"ukraine",9.00372033724334e-07
1,"goin",8.90819393494524e-07
2,"goin",8.80706538013056e-07
3,"goin",8.87806159954261e-07
4,"goin",8.63146410346709e-07
5,"goin",8.38298856895678e-07
6,"goin",6.39264143944278e-05
1,"manufacturers",8.90819393494524e-07
2,"manufacturers",2.73019026784047e-05
3,"manufacturers",8.87806159954261e-07
4,"manufacturers",8.63146410346709e-07
5,"manufacturers",9.22128742585246e-06
6,"manufacturers",9.90409237096768e-06
1,"arrived",8.90819393494524e-07
2,"arrived",8.80706538013056e-07
3,"arrived",2.75219909585821e-05
4,"arrived",8.63146410346709e-07
5,"arrived",8.38298856895678e-07
6,"arrived",2.79115330454544e-05
1,"shall",5.43399830031659e-05
2,"shall",8.80706538013056e-07
3,"shall",8.87806159954261e-07
4,"shall",8.63146410346709e-07
5,"shall",8.38298856895678e-07
6,"shall",9.00372033724334e-07
1,"flying",4.54317890682208e-05
2,"flying",9.68777191814362e-06
3,"flying",8.87806159954261e-07
4,"flying",8.63146410346709e-07
5,"flying",8.38298856895678e-07
6,"flying",9.00372033724334e-07
1,"encanto",8.90819393494524e-07
2,"encanto",8.80706538013056e-07
3,"encanto",8.87806159954261e-07
4,"encanto",8.63146410346709e-07
5,"encanto",8.38298856895678e-07
6,"encanto",6.39264143944278e-05
1,"msg",8.90819393494524e-07
2,"msg",8.80706538013056e-07
3,"msg",8.87806159954261e-07
4,"msg",8.63146410346709e-07
5,"msg",4.27532417016796e-05
6,"msg",9.00372033724334e-07
1,"led",8.90819393494524e-07
2,"led",8.80706538013056e-07
3,"led",1.86439293590395e-05
4,"led",3.53890028242151e-05
5,"led",8.38298856895678e-07
6,"led",9.00372033724334e-07
1,"medical",8.90819393494524e-07
2,"medical",8.80706538013056e-07
3,"medical",8.07903605558377e-05
4,"medical",8.63146410346709e-07
5,"medical",8.38298856895678e-07
6,"medical",9.00372033724334e-07
1,"ordinary",8.90819393494524e-07
2,"ordinary",8.80706538013056e-07
3,"ordinary",9.76586775949687e-06
4,"ordinary",8.63146410346709e-07
5,"ordinary",9.22128742585246e-06
6,"ordinary",2.79115330454544e-05
1,"censoring",8.90819393494524e-07
2,"censoring",7.13372295790575e-05
3,"censoring",2.75219909585821e-05
4,"censoring",8.63146410346709e-07
5,"censoring",8.38298856895678e-07
6,"censoring",9.00372033724334e-07
1,"concerning",5.43399830031659e-05
2,"concerning",8.80706538013056e-07
3,"concerning",8.87806159954261e-07
4,"concerning",8.63146410346709e-07
5,"concerning",8.38298856895678e-07
6,"concerning",9.00372033724334e-07
1,"tip",8.90819393494524e-07
2,"tip",8.80706538013056e-07
3,"tip",8.87806159954261e-07
4,"tip",6.12833951346163e-05
5,"tip",8.38298856895678e-07
6,"tip",9.00372033724334e-07
1,"circles",2.76154011983302e-05
2,"circles",8.80706538013056e-07
3,"circles",8.87806159954261e-07
4,"circles",2.6757538720748e-05
5,"circles",8.38298856895678e-07
6,"circles",9.00372033724334e-07
1,"frustrations",8.90819393494524e-07
2,"frustrations",9.68777191814362e-06
3,"frustrations",8.87806159954261e-07
4,"frustrations",8.63146410346709e-07
5,"frustrations",8.38298856895678e-07
6,"frustrations",4.59189737199411e-05
1,"gods",8.90819393494524e-07
2,"gods",8.80706538013056e-07
3,"gods",8.87806159954261e-07
4,"gods",8.63146410346709e-07
5,"gods",4.27532417016796e-05
6,"gods",9.00372033724334e-07
1,"walks",8.90819393494524e-07
2,"walks",8.80706538013056e-07
3,"walks",8.87806159954261e-07
4,"walks",9.4946105138138e-06
5,"walks",8.38298856895678e-07
6,"walks",3.69152533826978e-05
1,"rural",8.90819393494524e-07
2,"rural",9.68777191814362e-06
3,"rural",8.87806159954261e-07
4,"rural",8.63146410346709e-07
5,"rural",8.38298856895678e-07
6,"rural",4.59189737199411e-05
1,"russia",7.21563708730564e-05
2,"russia",9.68777191814362e-06
3,"russia",8.87806159954261e-07
4,"russia",8.63146410346709e-07
5,"russia",8.38298856895678e-07
6,"russia",9.00372033724334e-07
1,"lives",8.90819393494524e-07
2,"lives",8.80706538013056e-07
3,"lives",8.87806159954261e-07
4,"lives",8.63146410346709e-07
5,"lives",8.38298856895678e-07
6,"lives",4.59189737199411e-05
1,"jan",3.65235951332755e-05
2,"jan",8.80706538013056e-07
3,"jan",9.76586775949687e-06
4,"jan",8.63146410346709e-07
5,"jan",8.38298856895678e-07
6,"jan",9.90409237096768e-06
1,"rhe",8.90819393494524e-07
2,"rhe",8.80706538013056e-07
3,"rhe",8.87806159954261e-07
4,"rhe",8.63146410346709e-07
5,"rhe",4.27532417016796e-05
6,"rhe",9.00372033724334e-07
1,"alphabet",8.90819393494524e-07
2,"alphabet",8.80706538013056e-07
3,"alphabet",0.000116302606954008
4,"alphabet",8.63146410346709e-07
5,"alphabet",8.38298856895678e-07
6,"alphabet",9.00372033724334e-07
1,"scroller",8.90819393494524e-07
2,"scroller",8.80706538013056e-07
3,"scroller",9.76586775949687e-06
4,"scroller",4.40204669276821e-05
5,"scroller",8.38298856895678e-07
6,"scroller",9.00372033724334e-07
1,"serial",3.65235951332755e-05
2,"serial",1.84948372982742e-05
3,"serial",8.87806159954261e-07
4,"serial",8.63146410346709e-07
5,"serial",8.38298856895678e-07
6,"serial",9.00372033724334e-07
1,"latter",8.90819393494524e-07
2,"latter",8.80706538013056e-07
3,"latter",4.52781141576672e-05
4,"latter",8.63146410346709e-07
5,"latter",8.38298856895678e-07
6,"latter",9.00372033724334e-07
1,"spreading",8.90819393494524e-07
2,"spreading",0.000177022014140624
3,"spreading",8.87806159954261e-07
4,"spreading",8.63146410346709e-07
5,"spreading",8.38298856895678e-07
6,"spreading",9.00372033724334e-07
1,"agenda",8.90819393494524e-07
2,"agenda",9.68777191814362e-06
3,"agenda",8.87806159954261e-07
4,"agenda",4.40204669276821e-05
5,"agenda",8.38298856895678e-07
6,"agenda",9.00372033724334e-07
1,"cave",9.79901332843977e-06
2,"cave",8.80706538013056e-07
3,"cave",3.64000525581247e-05
4,"cave",8.63146410346709e-07
5,"cave",8.38298856895678e-07
6,"cave",9.00372033724334e-07
1,"conspiracy",8.90819393494524e-07
2,"conspiracy",0.00010656549109958
3,"conspiracy",8.87806159954261e-07
4,"conspiracy",8.63146410346709e-07
5,"conspiracy",8.38298856895678e-07
6,"conspiracy",9.00372033724334e-07
1,"harmful",8.90819393494524e-07
2,"harmful",8.80706538013056e-07
3,"harmful",2.75219909585821e-05
4,"harmful",8.63146410346709e-07
5,"harmful",8.38298856895678e-07
6,"harmful",1.8907812708211e-05
1,"vaccine",8.90819393494524e-07
2,"vaccine",8.80706538013056e-07
3,"vaccine",8.87806159954261e-07
4,"vaccine",8.63146410346709e-07
5,"vaccine",8.38298856895678e-07
6,"vaccine",5.49226940571845e-05
